timestamp,weekday,weekend,shift,ambient_temp_c,operational_load_pct,machine_state,maintenance_flag,production_speed_m_min,furnace_temp_c,energy_consumption_kwh_15min,grid_emission_factor_kg_per_kwh,co2_emissions_kg_15min
2025-09-01 00:00:00,Monday,False,Night,22.24,68.0,Normal,0,4.55,989.8,474.58,0.588,279.05
2025-09-01 00:15:00,Monday,False,Night,21.5,71.4,Normal,0,4.59,999.1,491.28,0.597,293.29
2025-09-01 00:30:00,Monday,False,Night,23.25,67.4,Normal,0,4.53,989.2,471.13,0.595,280.32
2025-09-01 00:45:00,Monday,False,Night,23.73,79.1,Normal,0,4.98,1030.2,550.75,0.575,316.68
2025-09-01 01:00:00,Monday,False,Night,21.73,75.6,Normal,0,5.19,1018.5,516.84,0.59,304.94
2025-09-01 01:15:00,Monday,False,Night,22.57,75.5,Normal,0,5.04,1009.0,528.83,0.603,318.88
2025-09-01 01:30:00,Monday,False,Night,24.02,71.7,Normal,0,4.64,993.7,500.92,0.6,300.55
2025-09-01 01:45:00,Monday,False,Night,23.96,81.2,Normal,0,5.02,1032.0,545.92,0.598,326.46
2025-09-01 02:00:00,Monday,False,Night,24.49,79.0,Maintenance,1,4.97,872.0,401.93,0.581,233.52
2025-09-01 02:15:00,Monday,False,Night,24.1,78.5,Maintenance,1,4.98,903.5,317.63,0.592,188.04
2025-09-01 02:30:00,Monday,False,Night,25.75,84.5,Maintenance,1,5.3,941.9,361.83,0.6,217.1
2025-09-01 02:45:00,Monday,False,Night,25.92,86.0,Maintenance,1,5.56,950.9,442.88,0.585,259.08
2025-09-01 03:00:00,Monday,False,Night,25.59,83.5,Maintenance,1,5.14,911.4,365.64,0.608,222.31
2025-09-01 03:15:00,Monday,False,Night,26.66,88.3,Maintenance,1,5.83,958.0,420.09,0.599,251.63
2025-09-01 03:30:00,Monday,False,Night,26.34,100.0,Maintenance,1,5.86,980.3,519.15,0.58,301.11
2025-09-01 03:45:00,Monday,False,Night,25.47,99.1,Maintenance,1,5.75,980.7,409.87,0.594,243.46
2025-09-01 04:00:00,Monday,False,Night,26.63,96.0,Maintenance,1,6.08,960.0,382.7,0.596,228.09
2025-09-01 04:15:00,Monday,False,Night,25.72,93.7,Maintenance,1,5.93,924.5,479.08,0.597,286.01
2025-09-01 04:30:00,Monday,False,Night,27.32,98.5,Maintenance,1,5.91,950.5,455.04,0.612,278.48
2025-09-01 04:45:00,Monday,False,Night,26.69,91.2,Maintenance,1,5.68,913.1,467.54,0.602,281.46
2025-09-01 05:00:00,Monday,False,Night,26.68,86.8,Maintenance,1,5.49,910.7,426.0,0.582,247.93
2025-09-01 05:15:00,Monday,False,Night,26.36,75.3,Maintenance,1,4.94,878.2,339.35,0.579,196.48
2025-09-01 05:30:00,Monday,False,Night,27.94,67.3,Maintenance,1,4.37,877.4,275.44,0.589,162.23
2025-09-01 05:45:00,Monday,False,Night,26.87,64.3,Maintenance,1,4.05,910.4,290.41,0.592,171.92
2025-09-01 06:00:00,Monday,False,Day,26.66,78.4,Normal,0,4.93,1015.7,544.84,0.598,325.81
2025-09-01 06:15:00,Monday,False,Day,26.71,89.4,Normal,0,5.81,1045.9,606.26,0.603,365.57
2025-09-01 06:30:00,Monday,False,Day,27.38,91.8,Normal,0,5.92,1061.8,656.31,0.602,395.1
2025-09-01 06:45:00,Monday,False,Day,27.2,85.1,Normal,0,5.31,1030.4,590.87,0.577,340.93
2025-09-01 07:00:00,Monday,False,Day,27.16,80.4,Normal,0,5.0,1017.9,546.12,0.588,321.12
2025-09-01 07:15:00,Monday,False,Day,27.08,88.8,Normal,0,5.56,1044.2,610.52,0.58,354.1
2025-09-01 07:30:00,Monday,False,Day,28.33,94.8,Normal,0,5.84,1072.3,661.02,0.562,371.49
2025-09-01 07:45:00,Monday,False,Day,26.16,93.4,Normal,0,5.8,1069.7,648.22,0.551,357.17
2025-09-01 08:00:00,Monday,False,Day,25.92,89.4,Normal,0,5.16,1045.8,609.64,0.568,346.28
2025-09-01 08:15:00,Monday,False,Day,25.51,95.2,Normal,0,6.27,1055.1,693.98,0.549,381.0
2025-09-01 08:30:00,Monday,False,Day,26.46,87.7,Normal,0,5.64,1051.3,619.36,0.552,341.89
2025-09-01 08:45:00,Monday,False,Day,26.66,89.4,Normal,0,5.51,1033.9,643.32,0.551,354.47
2025-09-01 09:00:00,Monday,False,Day,25.44,100.0,Normal,0,5.89,1074.7,707.05,0.556,393.12
2025-09-01 09:15:00,Monday,False,Day,24.62,100.0,Normal,0,6.15,1071.7,715.03,0.564,403.28
2025-09-01 09:30:00,Monday,False,Day,24.38,94.0,Normal,0,5.81,1067.3,652.75,0.548,357.71
2025-09-01 09:45:00,Monday,False,Day,25.3,95.0,Normal,0,5.8,1071.3,666.77,0.539,359.39
2025-09-01 10:00:00,Monday,False,Day,25.09,90.6,Normal,0,5.66,1041.4,633.32,0.521,329.96
2025-09-01 10:15:00,Monday,False,Day,24.65,81.2,Normal,0,5.16,1026.5,570.18,0.543,309.61
2025-09-01 10:30:00,Monday,False,Day,23.38,85.5,Normal,0,5.43,1030.3,595.59,0.535,318.64
2025-09-01 10:45:00,Monday,False,Day,23.79,91.8,Normal,0,5.75,1048.6,647.78,0.526,340.73
2025-09-01 11:00:00,Monday,False,Day,23.39,88.8,Normal,0,5.56,1048.1,624.24,0.54,337.09
2025-09-01 11:15:00,Monday,False,Day,23.15,85.7,Normal,0,5.42,1032.5,594.33,0.514,305.49
2025-09-01 11:30:00,Monday,False,Day,23.35,79.5,Normal,0,5.31,1021.4,551.78,0.516,284.72
2025-09-01 11:45:00,Monday,False,Day,22.51,78.9,Normal,0,4.84,1025.3,537.35,0.518,278.35
2025-09-01 12:00:00,Monday,False,Day,22.54,75.9,Normal,0,4.83,1022.3,536.42,0.512,274.65
2025-09-01 12:15:00,Monday,False,Day,21.73,70.6,Normal,0,4.71,998.6,487.66,0.521,254.07
2025-09-01 12:30:00,Monday,False,Day,21.58,83.3,Normal,0,5.16,1028.9,580.52,0.518,300.71
2025-09-01 12:45:00,Monday,False,Day,21.53,85.9,Normal,0,5.33,1025.5,594.89,0.521,309.94
2025-09-01 13:00:00,Monday,False,Day,19.54,88.9,Normal,0,5.71,1053.0,635.46,0.514,326.63
2025-09-01 13:15:00,Monday,False,Day,20.14,93.4,Normal,0,5.69,1056.0,634.58,0.506,321.1
2025-09-01 13:30:00,Monday,False,Day,19.71,96.6,Normal,0,5.58,1060.8,677.59,0.502,340.15
2025-09-01 13:45:00,Monday,False,Day,19.28,92.4,Normal,0,5.61,1049.5,633.26,0.509,322.33
2025-09-01 14:00:00,Monday,False,Evening,19.28,86.8,Normal,0,5.43,1037.7,608.9,0.501,305.06
2025-09-01 14:15:00,Monday,False,Evening,20.42,83.9,Normal,0,5.3,1034.7,582.51,0.502,292.42
2025-09-01 14:30:00,Monday,False,Evening,18.26,85.6,Normal,0,5.46,1038.2,583.11,0.506,295.05
2025-09-01 14:45:00,Monday,False,Evening,19.48,86.5,Normal,0,5.48,1047.1,608.09,0.502,305.26
2025-09-01 15:00:00,Monday,False,Evening,17.12,82.9,Normal,0,5.23,1025.3,577.94,0.503,290.7
2025-09-01 15:15:00,Monday,False,Evening,17.97,74.1,Normal,0,4.69,1016.1,509.65,0.492,250.75
2025-09-01 15:30:00,Monday,False,Evening,18.16,75.2,Normal,0,4.85,1013.4,520.06,0.514,267.31
2025-09-01 15:45:00,Monday,False,Evening,18.31,74.1,Normal,0,4.77,1001.8,513.88,0.489,251.29
2025-09-01 16:00:00,Monday,False,Evening,18.24,63.0,Normal,0,4.32,961.2,450.36,0.505,227.43
2025-09-01 16:15:00,Monday,False,Evening,18.15,67.6,Normal,0,4.68,986.6,469.12,0.497,233.15
2025-09-01 16:30:00,Monday,False,Evening,17.1,74.4,Normal,0,4.94,1014.5,528.23,0.513,270.98
2025-09-01 16:45:00,Monday,False,Evening,16.9,89.7,Normal,0,5.68,1034.0,627.62,0.512,321.34
2025-09-01 17:00:00,Monday,False,Evening,17.86,85.7,Normal,0,5.32,1031.6,608.44,0.505,307.26
2025-09-01 17:15:00,Monday,False,Evening,16.94,81.3,Normal,0,5.41,1020.5,566.26,0.522,295.59
2025-09-01 17:30:00,Monday,False,Evening,16.02,74.0,Normal,0,4.96,1007.8,508.91,0.506,257.51
2025-09-01 17:45:00,Monday,False,Evening,16.1,75.5,Normal,0,4.94,1000.9,512.52,0.519,266.0
2025-09-01 18:00:00,Monday,False,Evening,16.26,76.8,Normal,0,5.08,1000.5,533.38,0.504,268.82
2025-09-01 18:15:00,Monday,False,Evening,17.41,71.8,Normal,0,4.66,1000.4,488.88,0.518,253.24
2025-09-01 18:30:00,Monday,False,Evening,17.16,71.3,Normal,0,4.42,988.4,502.7,0.507,254.87
2025-09-01 18:45:00,Monday,False,Evening,17.65,60.0,Normal,0,4.14,951.8,409.95,0.519,212.76
2025-09-01 19:00:00,Monday,False,Evening,16.83,67.5,Normal,0,4.68,999.3,465.82,0.521,242.69
2025-09-01 19:15:00,Monday,False,Evening,17.39,63.9,Normal,0,4.42,983.5,452.82,0.533,241.35
2025-09-01 19:30:00,Monday,False,Evening,17.88,65.1,Normal,0,4.44,994.5,466.63,0.52,242.65
2025-09-01 19:45:00,Monday,False,Evening,17.27,57.9,Normal,0,4.01,968.0,414.02,0.561,232.27
2025-09-01 20:00:00,Monday,False,Evening,18.04,56.5,Normal,0,3.78,963.5,405.64,0.519,210.53
2025-09-01 20:15:00,Monday,False,Evening,17.31,57.2,Normal,0,4.32,962.2,407.43,0.538,219.2
2025-09-01 20:30:00,Monday,False,Evening,17.74,59.4,Normal,0,4.17,963.6,416.35,0.542,225.66
2025-09-01 20:45:00,Monday,False,Evening,17.94,64.3,Normal,0,4.36,981.6,468.06,0.548,256.5
2025-09-01 21:00:00,Monday,False,Evening,17.51,74.3,Normal,0,4.77,997.7,530.01,0.541,286.74
2025-09-01 21:15:00,Monday,False,Evening,19.09,78.9,Normal,0,5.27,1006.4,557.41,0.551,307.13
2025-09-01 21:30:00,Monday,False,Evening,18.58,84.3,Normal,0,5.45,1025.4,599.52,0.547,327.94
2025-09-01 21:45:00,Monday,False,Evening,19.23,92.0,Normal,0,5.51,1058.1,650.62,0.574,373.46
2025-09-01 22:00:00,Monday,False,Night,19.88,85.5,Normal,0,5.54,1022.2,585.36,0.552,323.12
2025-09-01 22:15:00,Monday,False,Night,20.15,83.2,Normal,0,5.25,1016.8,576.86,0.56,323.04
2025-09-01 22:30:00,Monday,False,Night,20.62,75.0,Normal,0,4.81,1011.1,533.99,0.558,297.97
2025-09-01 22:45:00,Monday,False,Night,20.31,91.5,Normal,0,5.59,1044.1,646.24,0.56,361.89
2025-09-01 23:00:00,Monday,False,Night,20.37,92.6,Normal,0,5.56,1054.1,645.98,0.557,359.81
2025-09-01 23:15:00,Monday,False,Night,20.96,80.9,Normal,0,4.97,1029.3,574.02,0.581,333.51
2025-09-01 23:30:00,Monday,False,Night,20.0,74.3,Normal,0,4.99,1007.8,521.57,0.57,297.29
2025-09-01 23:45:00,Monday,False,Night,20.52,71.9,Normal,0,4.73,993.5,505.65,0.572,289.23
2025-09-02 00:00:00,Tuesday,False,Night,21.15,76.1,Normal,0,5.05,1019.8,534.3,0.573,306.15
2025-09-02 00:15:00,Tuesday,False,Night,21.74,75.0,Normal,0,4.95,1013.2,527.12,0.588,309.95
2025-09-02 00:30:00,Tuesday,False,Night,23.18,81.0,Normal,0,5.25,1023.7,570.26,0.587,334.74
2025-09-02 00:45:00,Tuesday,False,Night,22.46,87.3,Normal,0,5.14,1038.4,616.04,0.589,362.85
2025-09-02 01:00:00,Tuesday,False,Night,23.2,92.2,Normal,0,5.53,1054.5,657.74,0.583,383.46
2025-09-02 01:15:00,Tuesday,False,Night,24.86,96.5,Normal,0,5.93,1061.0,675.68,0.597,403.38
2025-09-02 01:30:00,Tuesday,False,Night,23.84,86.9,Normal,0,5.24,1025.7,604.81,0.588,355.63
2025-09-02 01:45:00,Tuesday,False,Night,25.01,87.5,Normal,0,5.51,1047.2,624.4,0.597,372.77
2025-09-02 02:00:00,Tuesday,False,Night,23.96,81.5,Normal,0,4.98,1030.8,561.62,0.596,334.73
2025-09-02 02:15:00,Tuesday,False,Night,24.82,70.0,Normal,0,4.68,978.8,472.06,0.581,274.27
2025-09-02 02:30:00,Tuesday,False,Night,24.49,68.0,Normal,0,4.83,996.1,468.87,0.619,290.23
2025-09-02 02:45:00,Tuesday,False,Night,25.23,76.0,Normal,0,5.07,1026.6,522.46,0.605,316.09
2025-09-02 03:00:00,Tuesday,False,Night,26.42,77.8,Normal,0,4.75,1009.0,529.88,0.602,318.99
2025-09-02 03:15:00,Tuesday,False,Night,24.59,88.7,Normal,0,5.64,1043.2,614.02,0.603,370.25
2025-09-02 03:30:00,Tuesday,False,Night,26.52,87.3,Normal,0,5.72,1040.4,623.93,0.62,386.84
2025-09-02 03:45:00,Tuesday,False,Night,26.56,99.7,Normal,0,6.41,1086.2,710.21,0.611,433.94
2025-09-02 04:00:00,Tuesday,False,Night,26.06,96.9,Normal,0,5.94,1074.5,696.8,0.603,420.17
2025-09-02 04:15:00,Tuesday,False,Night,25.54,93.6,Normal,0,5.52,1049.8,640.94,0.591,378.8
2025-09-02 04:30:00,Tuesday,False,Night,26.89,82.9,Normal,0,5.32,1033.9,574.47,0.592,340.09
2025-09-02 04:45:00,Tuesday,False,Night,26.52,87.7,Normal,0,5.7,1061.3,618.58,0.579,358.16
2025-09-02 05:00:00,Tuesday,False,Night,27.22,82.4,Normal,0,5.2,1025.2,580.14,0.592,343.44
2025-09-02 05:15:00,Tuesday,False,Night,27.13,76.7,Normal,0,5.14,1015.8,546.86,0.6,328.12
2025-09-02 05:30:00,Tuesday,False,Night,28.45,83.4,Normal,0,5.15,1037.8,573.0,0.598,342.65
2025-09-02 05:45:00,Tuesday,False,Night,27.01,88.5,Normal,0,5.56,1040.4,628.46,0.596,374.56
2025-09-02 06:00:00,Tuesday,False,Day,26.39,100.0,Normal,0,5.63,1087.6,684.33,0.583,398.96
2025-09-02 06:15:00,Tuesday,False,Day,27.34,100.0,Normal,0,5.86,1070.5,712.63,0.592,421.88
2025-09-02 06:30:00,Tuesday,False,Day,27.34,99.0,Normal,0,5.96,1060.7,684.55,0.592,405.25
2025-09-02 06:45:00,Tuesday,False,Day,28.2,96.6,Normal,0,5.8,1062.3,683.1,0.559,381.85
2025-09-02 07:00:00,Tuesday,False,Day,27.71,99.5,Normal,0,5.78,1078.5,710.92,0.582,413.76
2025-09-02 07:15:00,Tuesday,False,Day,27.23,100.0,Normal,0,5.93,1067.8,713.84,0.597,426.16
2025-09-02 07:30:00,Tuesday,False,Day,28.0,100.0,Normal,0,6.05,1077.2,691.48,0.57,394.14
2025-09-02 07:45:00,Tuesday,False,Day,25.74,100.0,Normal,0,5.99,1077.5,702.35,0.545,382.78
2025-09-02 08:00:00,Tuesday,False,Day,26.03,100.0,Normal,0,6.01,1063.6,713.24,0.559,398.7
2025-09-02 08:15:00,Tuesday,False,Day,25.63,100.0,Normal,0,6.11,1068.4,715.13,0.546,390.46
2025-09-02 08:30:00,Tuesday,False,Day,25.86,100.0,Normal,0,5.95,1075.9,708.73,0.554,392.64
2025-09-02 08:45:00,Tuesday,False,Day,24.87,100.0,Normal,0,6.2,1077.9,688.62,0.545,375.3
2025-09-02 09:00:00,Tuesday,False,Day,26.25,100.0,Normal,0,5.85,1069.1,715.61,0.564,403.6
2025-09-02 09:15:00,Tuesday,False,Day,25.33,100.0,Normal,0,6.29,1073.9,725.69,0.559,405.66
2025-09-02 09:30:00,Tuesday,False,Day,24.08,100.0,Normal,0,6.17,1069.4,711.05,0.551,391.79
2025-09-02 09:45:00,Tuesday,False,Day,24.17,100.0,Normal,0,5.95,1077.6,708.39,0.557,394.57
2025-09-02 10:00:00,Tuesday,False,Day,24.96,100.0,Normal,0,5.96,1076.5,711.23,0.536,381.22
2025-09-02 10:15:00,Tuesday,False,Day,25.09,100.0,Normal,0,6.03,1069.5,721.5,0.539,388.89
2025-09-02 10:30:00,Tuesday,False,Day,25.72,100.0,Normal,0,6.09,1076.8,711.07,0.557,396.07
2025-09-02 10:45:00,Tuesday,False,Day,26.15,100.0,Normal,0,6.16,1070.0,707.37,0.538,380.57
2025-09-02 11:00:00,Tuesday,False,Day,23.83,100.0,Normal,0,5.8,1075.1,707.02,0.535,378.26
2025-09-02 11:15:00,Tuesday,False,Day,22.39,100.0,Normal,0,6.07,1074.1,707.88,0.518,366.68
2025-09-02 11:30:00,Tuesday,False,Day,21.16,100.0,Normal,0,5.68,1088.3,702.11,0.519,364.4
2025-09-02 11:45:00,Tuesday,False,Day,22.75,100.0,Normal,0,5.97,1067.9,688.03,0.51,350.9
2025-09-02 12:00:00,Tuesday,False,Day,21.56,100.0,Normal,0,6.22,1068.5,715.47,0.535,382.78
2025-09-02 12:15:00,Tuesday,False,Day,21.55,100.0,Normal,0,5.79,1064.5,713.89,0.5,356.94
2025-09-02 12:30:00,Tuesday,False,Day,21.07,100.0,Normal,0,5.76,1061.0,711.56,0.522,371.43
2025-09-02 12:45:00,Tuesday,False,Day,21.12,95.1,Normal,0,5.82,1053.4,677.57,0.517,350.3
2025-09-02 13:00:00,Tuesday,False,Day,21.77,97.8,Normal,0,6.11,1069.6,692.52,0.493,341.41
2025-09-02 13:15:00,Tuesday,False,Day,20.73,100.0,Normal,0,6.05,1074.9,709.15,0.519,368.05
2025-09-02 13:30:00,Tuesday,False,Day,20.17,100.0,Normal,0,5.71,1070.9,713.17,0.503,358.72
2025-09-02 13:45:00,Tuesday,False,Day,19.17,100.0,Normal,0,5.75,1065.4,710.21,0.491,348.71
2025-09-02 14:00:00,Tuesday,False,Evening,18.37,100.0,Normal,0,6.01,1063.1,720.89,0.507,365.49
2025-09-02 14:15:00,Tuesday,False,Evening,19.04,99.0,Normal,0,5.78,1057.8,687.76,0.494,339.75
2025-09-02 14:30:00,Tuesday,False,Evening,19.12,99.4,Normal,0,5.99,1061.7,694.57,0.499,346.59
2025-09-02 14:45:00,Tuesday,False,Evening,20.33,98.5,Normal,0,5.96,1054.6,690.67,0.496,342.57
2025-09-02 15:00:00,Tuesday,False,Evening,18.78,96.1,Normal,0,5.76,1068.5,665.56,0.491,326.79
2025-09-02 15:15:00,Tuesday,False,Evening,19.24,94.5,Normal,0,6.03,1068.7,655.79,0.488,320.03
2025-09-02 15:30:00,Tuesday,False,Evening,17.84,95.0,Normal,0,5.87,1038.7,671.79,0.508,341.27
2025-09-02 15:45:00,Tuesday,False,Evening,17.1,91.0,Normal,0,5.79,1045.9,643.48,0.504,324.31
2025-09-02 16:00:00,Tuesday,False,Evening,17.11,87.7,Normal,0,5.6,1037.5,616.29,0.503,309.99
2025-09-02 16:15:00,Tuesday,False,Evening,17.14,96.6,Normal,0,5.83,1059.3,682.48,0.498,339.88
2025-09-02 16:30:00,Tuesday,False,Evening,19.29,100.0,Normal,0,5.97,1063.1,690.67,0.503,347.41
2025-09-02 16:45:00,Tuesday,False,Evening,16.82,99.0,Normal,0,5.91,1071.5,693.12,0.496,343.79
2025-09-02 17:00:00,Tuesday,False,Evening,18.05,88.7,Normal,0,5.61,1041.9,617.91,0.497,307.1
2025-09-02 17:15:00,Tuesday,False,Evening,16.58,81.4,Normal,0,5.09,1027.4,564.51,0.523,295.24
2025-09-02 17:30:00,Tuesday,False,Evening,18.0,80.2,Normal,0,5.39,1011.4,546.16,0.517,282.36
2025-09-02 17:45:00,Tuesday,False,Evening,17.53,85.0,Normal,0,5.23,1017.9,579.04,0.504,291.84
2025-09-02 18:00:00,Tuesday,False,Evening,17.08,87.5,Normal,0,5.49,1038.3,606.26,0.497,301.31
2025-09-02 18:15:00,Tuesday,False,Evening,17.19,87.1,Normal,0,5.4,1026.2,616.04,0.497,306.17
2025-09-02 18:30:00,Tuesday,False,Evening,16.73,89.0,Normal,0,5.45,1046.7,622.92,0.51,317.69
2025-09-02 18:45:00,Tuesday,False,Evening,17.66,83.3,Normal,0,5.6,1007.8,593.68,0.52,308.71
2025-09-02 19:00:00,Tuesday,False,Evening,17.02,80.9,Normal,0,5.1,1014.5,558.86,0.523,292.28
2025-09-02 19:15:00,Tuesday,False,Evening,16.49,80.2,Normal,0,5.09,1011.2,555.35,0.526,292.11
2025-09-02 19:30:00,Tuesday,False,Evening,16.57,70.2,Normal,0,4.59,988.5,490.43,0.53,259.93
2025-09-02 19:45:00,Tuesday,False,Evening,17.86,63.9,Normal,0,4.41,978.5,444.66,0.52,231.22
2025-09-02 20:00:00,Tuesday,False,Evening,19.14,58.7,Normal,0,,967.6,407.27,0.548,223.18
2025-09-02 20:15:00,Tuesday,False,Evening,18.18,65.3,Normal,0,4.3,985.3,437.72,0.534,233.74
2025-09-02 20:30:00,Tuesday,False,Evening,18.15,68.1,Normal,0,4.53,993.2,466.9,0.542,253.06
2025-09-02 20:45:00,Tuesday,False,Evening,18.68,72.7,Normal,0,4.89,997.7,514.29,0.536,275.66
2025-09-02 21:00:00,Tuesday,False,Evening,19.72,62.1,Normal,0,4.48,990.3,451.57,0.549,247.91
2025-09-02 21:15:00,Tuesday,False,Evening,19.09,54.8,Normal,0,4.0,965.8,382.88,0.57,218.24
2025-09-02 21:30:00,Tuesday,False,Evening,18.84,61.3,Normal,0,4.3,968.2,412.37,0.542,223.5
2025-09-02 21:45:00,Tuesday,False,Evening,20.32,46.4,Normal,0,3.55,933.6,348.66,0.544,189.67
2025-09-02 22:00:00,Tuesday,False,Night,20.05,49.3,Normal,0,3.66,939.0,356.14,0.55,195.88
2025-09-02 22:15:00,Tuesday,False,Night,21.23,40.6,Normal,0,3.19,923.8,292.48,0.559,163.5
2025-09-02 22:30:00,Tuesday,False,Night,20.44,49.0,Normal,0,3.49,933.5,319.41,0.56,178.87
2025-09-02 22:45:00,Tuesday,False,Night,19.62,45.9,Normal,0,3.48,926.5,325.62,0.558,181.7
2025-09-02 23:00:00,Tuesday,False,Night,19.82,54.9,Normal,0,4.13,938.2,386.61,0.571,220.75
2025-09-02 23:15:00,Tuesday,False,Night,22.55,75.7,Normal,0,4.87,1006.5,512.35,0.59,302.29
2025-09-02 23:30:00,Tuesday,False,Night,22.94,61.1,Normal,0,4.23,982.0,435.41,0.575,250.36
2025-09-02 23:45:00,Tuesday,False,Night,21.74,66.1,Normal,0,4.45,983.8,451.46,0.579,261.4
2025-09-03 00:00:00,Wednesday,False,Night,22.11,55.5,Normal,0,4.21,958.1,397.42,0.586,232.89
2025-09-03 00:15:00,Wednesday,False,Night,23.91,59.6,Normal,0,4.07,972.8,440.73,0.591,260.47
2025-09-03 00:30:00,Wednesday,False,Night,22.18,59.3,Normal,0,4.24,960.4,418.67,0.601,251.62
2025-09-03 00:45:00,Wednesday,False,Night,22.68,61.2,Normal,0,4.28,973.7,428.1,0.591,253.01
2025-09-03 01:00:00,Wednesday,False,Night,24.22,56.5,Normal,0,4.08,970.1,400.05,0.591,236.43
2025-09-03 01:15:00,Wednesday,False,Night,23.71,62.6,Normal,0,4.39,980.3,445.91,0.583,259.97
2025-09-03 01:30:00,Wednesday,False,Night,24.33,54.5,Normal,0,3.99,965.9,394.39,0.602,237.42
2025-09-03 01:45:00,Wednesday,False,Night,24.5,63.6,Normal,0,4.51,991.1,437.58,0.587,256.86
2025-09-03 02:00:00,Wednesday,False,Night,25.19,61.7,Normal,0,4.3,982.1,428.83,0.588,252.15
2025-09-03 02:15:00,Wednesday,False,Night,26.32,54.0,Normal,0,4.22,952.7,382.85,0.6,229.71
2025-09-03 02:30:00,Wednesday,False,Night,25.53,65.3,Normal,0,4.48,983.3,452.87,0.614,278.06
2025-09-03 02:45:00,Wednesday,False,Night,26.23,65.2,Normal,0,4.21,1001.8,470.03,0.607,285.31
2025-09-03 03:00:00,Wednesday,False,Night,24.31,77.0,Normal,0,,1016.9,542.58,0.599,325.01
2025-09-03 03:15:00,Wednesday,False,Night,26.14,83.2,Normal,0,5.33,1032.8,579.18,0.59,341.72
2025-09-03 03:30:00,Wednesday,False,Night,25.71,76.6,Normal,0,4.98,1007.6,543.74,0.615,334.4
2025-09-03 03:45:00,Wednesday,False,Night,25.6,75.1,Normal,0,4.87,1009.9,522.48,0.599,312.97
2025-09-03 04:00:00,Wednesday,False,Night,26.04,74.9,Normal,0,4.58,1016.2,498.32,0.596,297.0
2025-09-03 04:15:00,Wednesday,False,Night,26.63,83.3,Normal,0,4.98,1032.1,590.88,0.604,356.89
2025-09-03 04:30:00,Wednesday,False,Night,27.77,84.1,Normal,0,5.55,1030.7,587.85,0.593,348.6
2025-09-03 04:45:00,Wednesday,False,Night,26.09,83.2,Normal,0,5.18,1029.0,554.41,0.589,326.55
2025-09-03 05:00:00,Wednesday,False,Night,27.27,80.2,Normal,0,5.28,1034.3,544.61,0.589,320.78
2025-09-03 05:15:00,Wednesday,False,Night,26.93,78.4,Normal,0,4.82,1025.3,551.93,0.587,323.98
2025-09-03 05:30:00,Wednesday,False,Night,27.11,85.0,Normal,0,5.19,1040.9,573.61,0.581,333.27
2025-09-03 05:45:00,Wednesday,False,Night,28.21,83.0,Normal,0,5.36,1036.0,593.01,0.578,342.76
2025-09-03 06:00:00,Wednesday,False,Day,27.85,92.8,Normal,0,5.67,1047.2,650.19,0.598,388.81
2025-09-03 06:15:00,Wednesday,False,Day,28.48,88.1,Normal,0,5.56,1047.6,623.64,0.593,369.82
2025-09-03 06:30:00,Wednesday,False,Day,27.25,84.1,Normal,0,5.31,1043.0,583.51,0.575,335.52
2025-09-03 06:45:00,Wednesday,False,Day,26.76,75.4,Normal,0,4.89,1010.2,527.98,0.59,311.51
2025-09-03 07:00:00,Wednesday,False,Day,27.07,71.7,Normal,0,4.66,1011.1,500.25,0.582,291.15
2025-09-03 07:15:00,Wednesday,False,Day,27.34,81.9,Normal,0,5.03,1033.4,566.13,0.573,324.39
2025-09-03 07:30:00,Wednesday,False,Day,27.18,80.7,Normal,0,5.37,1032.5,554.5,0.561,311.07
2025-09-03 07:45:00,Wednesday,False,Day,26.03,85.1,Normal,0,5.59,1036.4,600.5,0.573,344.09
2025-09-03 08:00:00,Wednesday,False,Day,26.82,69.8,Normal,0,4.52,1005.4,465.09,0.586,272.54
2025-09-03 08:15:00,Wednesday,False,Day,26.76,74.7,Normal,0,4.73,998.8,524.14,0.564,295.61
2025-09-03 08:30:00,Wednesday,False,Day,28.4,74.6,Normal,0,4.84,1011.9,519.24,0.571,296.49
2025-09-03 08:45:00,Wednesday,False,Day,27.68,72.6,Normal,0,4.85,1011.7,510.39,0.555,283.27
2025-09-03 09:00:00,Wednesday,False,Day,25.27,74.8,Normal,0,4.87,1012.0,492.82,0.563,277.46
2025-09-03 09:15:00,Wednesday,False,Day,25.48,72.7,Normal,0,4.88,1013.3,495.74,0.549,272.16
2025-09-03 09:30:00,Wednesday,False,Day,24.29,61.1,Normal,0,4.27,973.3,423.46,0.524,221.89
2025-09-03 09:45:00,Wednesday,False,Day,24.72,69.1,Normal,0,4.62,990.5,486.64,0.537,261.33
2025-09-03 10:00:00,Wednesday,False,Day,25.17,72.1,Normal,0,5.14,989.7,496.89,0.543,269.81
2025-09-03 10:15:00,Wednesday,False,Day,25.59,71.4,Normal,0,4.67,999.2,520.07,0.549,285.52
2025-09-03 10:30:00,Wednesday,False,Day,23.75,66.9,Normal,0,4.79,992.8,468.21,0.533,249.56
2025-09-03 10:45:00,Wednesday,False,Day,23.5,59.9,Normal,0,4.44,977.0,415.4,0.532,220.99
2025-09-03 11:00:00,Wednesday,False,Day,21.99,63.9,Normal,0,4.48,968.5,445.02,0.523,232.75
2025-09-03 11:15:00,Wednesday,False,Day,23.26,75.7,Normal,0,4.65,1019.7,511.46,0.541,276.7
2025-09-03 11:30:00,Wednesday,False,Day,22.22,77.7,Normal,0,5.03,1006.6,526.86,0.538,283.45
2025-09-03 11:45:00,Wednesday,False,Day,22.32,69.9,Normal,0,4.6,994.0,494.46,0.514,254.15
2025-09-03 12:00:00,Wednesday,False,Day,21.71,72.7,Normal,0,4.81,997.0,509.57,0.503,256.31
2025-09-03 12:15:00,Wednesday,False,Day,22.01,73.5,Normal,0,4.68,1007.1,512.72,0.497,254.82
2025-09-03 12:30:00,Wednesday,False,Day,20.36,79.7,Normal,0,5.23,1018.7,568.17,0.519,294.88
2025-09-03 12:45:00,Wednesday,False,Day,20.27,83.6,Normal,0,5.43,1033.0,589.16,0.512,301.65
2025-09-03 13:00:00,Wednesday,False,Day,22.83,65.5,Normal,0,4.66,999.2,450.63,0.501,225.77
2025-09-03 13:15:00,Wednesday,False,Day,19.78,70.8,Normal,0,4.66,998.4,498.0,0.51,253.98
2025-09-03 13:30:00,Wednesday,False,Day,19.62,66.1,Normal,0,4.35,978.7,446.11,0.493,219.93
2025-09-03 13:45:00,Wednesday,False,Day,21.67,59.5,Normal,0,4.26,972.2,415.06,0.512,212.51
2025-09-03 14:00:00,Wednesday,False,Evening,22.24,55.0,Normal,0,4.27,973.3,396.62,0.499,197.91
2025-09-03 14:15:00,Wednesday,False,Evening,18.7,60.0,Normal,0,4.24,972.6,420.66,0.491,206.54
2025-09-03 14:30:00,Wednesday,False,Evening,19.08,52.1,Normal,0,3.94,955.5,357.43,0.497,177.64
2025-09-03 14:45:00,Wednesday,False,Evening,19.39,59.2,Normal,0,4.16,953.2,405.28,0.497,201.42
2025-09-03 15:00:00,Wednesday,False,Evening,20.26,65.8,Normal,0,4.42,986.2,457.36,0.504,230.51
2025-09-03 15:15:00,Wednesday,False,Evening,17.87,67.3,Normal,0,4.66,982.8,463.82,0.512,237.48
2025-09-03 15:30:00,Wednesday,False,Evening,18.25,63.1,Normal,0,4.36,969.3,451.74,0.511,230.84
2025-09-03 15:45:00,Wednesday,False,Evening,18.88,58.8,Normal,0,4.24,964.3,428.18,0.502,214.95
2025-09-03 16:00:00,Wednesday,False,Evening,18.43,43.2,Normal,0,3.53,926.0,312.59,0.499,155.98
2025-09-03 16:15:00,Wednesday,False,Evening,17.63,59.0,Normal,0,4.24,959.0,416.42,0.496,206.54
2025-09-03 16:30:00,Wednesday,False,Evening,17.69,67.5,Normal,0,4.65,986.8,487.01,0.485,236.2
2025-09-03 16:45:00,Wednesday,False,Evening,16.58,67.5,Normal,0,4.44,983.0,465.76,0.503,234.28
2025-09-03 17:00:00,Wednesday,False,Evening,17.4,67.9,Normal,0,4.45,991.7,466.14,0.496,231.21
2025-09-03 17:15:00,Wednesday,False,Evening,17.3,58.7,Normal,0,4.17,964.8,422.07,0.518,218.63
2025-09-03 17:30:00,Wednesday,False,Evening,17.64,59.9,Normal,0,4.22,969.3,418.24,0.506,211.63
2025-09-03 17:45:00,Wednesday,False,Evening,16.98,65.5,Normal,0,4.4,987.6,468.4,0.517,242.16
2025-09-03 18:00:00,Wednesday,False,Evening,17.79,58.7,Normal,0,4.21,967.8,408.48,0.507,207.1
2025-09-03 18:15:00,Wednesday,False,Evening,18.24,63.8,Normal,0,4.54,976.4,443.32,0.507,224.76
2025-09-03 18:30:00,Wednesday,False,Evening,17.58,65.8,Normal,0,4.67,964.3,468.24,0.522,244.42
2025-09-03 18:45:00,Wednesday,False,Evening,17.79,63.1,Normal,0,4.58,978.5,446.18,0.522,232.91
2025-09-03 19:00:00,Wednesday,False,Evening,17.63,69.8,Normal,0,4.48,983.7,481.88,0.525,252.99
2025-09-03 19:15:00,Wednesday,False,Evening,17.68,57.3,Normal,0,3.93,959.1,382.39,0.523,199.99
2025-09-03 19:30:00,Wednesday,False,Evening,17.22,61.7,Normal,0,4.26,973.4,427.99,0.535,228.97
2025-09-03 19:45:00,Wednesday,False,Evening,18.18,73.1,Normal,0,4.83,1010.4,516.83,0.536,277.02
2025-09-03 20:00:00,Wednesday,False,Evening,18.01,82.1,Normal,0,5.18,1036.8,562.9,0.511,287.64
2025-09-03 20:15:00,Wednesday,False,Evening,19.93,83.7,Normal,0,5.21,1020.2,586.95,0.534,313.43
2025-09-03 20:30:00,Wednesday,False,Evening,19.71,81.0,Normal,0,5.13,1010.1,563.57,0.549,309.4
2025-09-03 20:45:00,Wednesday,False,Evening,18.97,76.6,Normal,0,5.05,1011.7,530.89,0.532,282.43
2025-09-03 21:00:00,Wednesday,False,Evening,18.27,74.7,Normal,0,4.69,1005.7,528.24,0.529,279.44
2025-09-03 21:15:00,Wednesday,False,Evening,18.23,78.1,Normal,0,5.39,1002.6,543.88,0.548,298.05
2025-09-03 21:30:00,Wednesday,False,Evening,20.32,73.0,Normal,0,4.82,1001.0,503.98,0.557,280.72
2025-09-03 21:45:00,Wednesday,False,Evening,19.85,77.9,Normal,0,5.19,1017.8,541.58,0.551,298.41
2025-09-03 22:00:00,Wednesday,False,Night,20.3,82.5,Normal,0,5.15,1015.0,571.74,0.572,327.04
2025-09-03 22:15:00,Wednesday,False,Night,18.81,80.4,Normal,0,5.23,1010.5,566.7,0.58,328.69
2025-09-03 22:30:00,Wednesday,False,Night,21.24,70.8,Normal,0,4.73,991.2,476.87,0.546,260.37
2025-09-03 22:45:00,Wednesday,False,Night,21.17,62.4,Normal,0,4.47,973.6,447.73,0.564,252.52
2025-09-03 23:00:00,Wednesday,False,Night,20.23,67.7,Normal,0,4.55,993.4,471.71,0.548,258.5
2025-09-03 23:15:00,Wednesday,False,Night,21.06,67.4,Normal,0,4.8,985.1,478.73,0.581,278.14
2025-09-03 23:30:00,Wednesday,False,Night,21.97,72.7,Normal,0,4.58,1002.2,524.63,0.57,299.04
2025-09-03 23:45:00,Wednesday,False,Night,22.13,69.0,Normal,0,4.78,1010.6,478.71,0.575,275.26
2025-09-04 00:00:00,Thursday,False,Night,22.38,73.8,Normal,0,4.87,997.2,499.69,0.594,296.82
2025-09-04 00:15:00,Thursday,False,Night,22.86,72.2,Normal,0,4.63,996.0,500.16,0.571,285.59
2025-09-04 00:30:00,Thursday,False,Night,23.07,67.3,Normal,0,4.85,994.5,477.81,0.571,272.83
2025-09-04 00:45:00,Thursday,False,Night,23.72,65.0,Normal,0,4.73,991.8,467.95,0.566,264.86
2025-09-04 01:00:00,Thursday,False,Night,25.09,58.2,Normal,0,3.84,971.3,400.08,0.604,241.65
2025-09-04 01:15:00,Thursday,False,Night,22.17,71.3,Normal,0,4.77,1012.9,488.61,0.603,294.63
2025-09-04 01:30:00,Thursday,False,Night,24.34,70.3,Normal,0,4.8,1000.2,475.39,0.591,280.96
2025-09-04 01:45:00,Thursday,False,Night,24.97,73.9,Normal,0,4.92,991.3,499.28,0.583,291.08
2025-09-04 02:00:00,Thursday,False,Night,25.35,70.0,Normal,0,4.91,998.5,486.7,0.605,294.45
2025-09-04 02:15:00,Thursday,False,Night,25.1,63.4,Normal,0,4.58,976.4,445.46,0.626,278.86
2025-09-04 02:30:00,Thursday,False,Night,24.26,62.6,Normal,0,4.39,989.4,460.6,0.596,274.52
2025-09-04 02:45:00,Thursday,False,Night,26.18,69.8,Normal,0,5.01,1005.6,475.17,0.587,278.92
2025-09-04 03:00:00,Thursday,False,Night,27.54,66.5,Normal,0,4.67,978.0,468.64,0.612,286.81
2025-09-04 03:15:00,Thursday,False,Night,25.15,61.4,Normal,0,4.24,986.8,423.38,0.589,249.37
2025-09-04 03:30:00,Thursday,False,Night,27.28,63.2,Normal,0,4.29,,443.62,0.596,264.4
2025-09-04 03:45:00,Thursday,False,Night,26.51,66.7,Normal,0,4.72,987.8,462.55,0.573,265.04
2025-09-04 04:00:00,Thursday,False,Night,26.9,76.7,Normal,0,4.86,1015.0,540.68,0.596,322.25
2025-09-04 04:15:00,Thursday,False,Night,26.26,77.8,Normal,0,4.97,1029.0,550.31,0.586,322.48
2025-09-04 04:30:00,Thursday,False,Night,26.97,80.5,Normal,0,5.11,1009.5,556.27,0.61,339.32
2025-09-04 04:45:00,Thursday,False,Night,28.39,83.3,Normal,0,5.33,1036.9,595.32,0.587,349.45
2025-09-04 05:00:00,Thursday,False,Night,27.91,74.6,Normal,0,4.86,1020.0,525.87,0.603,317.1
2025-09-04 05:15:00,Thursday,False,Night,28.91,68.0,Normal,0,4.39,994.8,483.86,0.593,286.93
2025-09-04 05:30:00,Thursday,False,Night,28.52,61.5,Normal,0,4.47,984.1,434.67,0.593,257.76
2025-09-04 05:45:00,Thursday,False,Night,27.96,54.3,Normal,0,3.91,961.3,395.65,0.595,235.41
2025-09-04 06:00:00,Thursday,False,Day,29.01,74.7,Normal,0,5.19,1006.1,516.01,0.588,303.41
2025-09-04 06:15:00,Thursday,False,Day,27.96,77.3,Normal,0,5.05,1011.5,528.36,0.58,306.45
2025-09-04 06:30:00,Thursday,False,Day,28.24,78.4,Normal,0,5.25,1026.7,570.3,0.576,328.49
2025-09-04 06:45:00,Thursday,False,Day,27.28,63.2,Normal,0,4.47,977.1,432.76,0.586,253.6
2025-09-04 07:00:00,Thursday,False,Day,27.5,77.8,Normal,0,5.23,1006.7,538.56,0.56,301.59
2025-09-04 07:15:00,Thursday,False,Day,26.79,73.0,Normal,0,4.9,1007.3,489.64,0.593,290.36
2025-09-04 07:30:00,Thursday,False,Day,28.03,86.4,Normal,0,5.44,1036.7,594.07,0.574,341.0
2025-09-04 07:45:00,Thursday,False,Day,26.16,77.1,Normal,0,5.16,1006.5,527.49,0.567,299.09
2025-09-04 08:00:00,Thursday,False,Day,27.57,72.8,Normal,0,5.18,1007.0,505.77,0.57,288.29
2025-09-04 08:15:00,Thursday,False,Day,26.62,60.7,Normal,0,4.22,981.6,429.17,0.558,239.48
2025-09-04 08:30:00,Thursday,False,Day,27.52,65.5,Normal,0,4.6,988.3,464.76,0.559,259.8
2025-09-04 08:45:00,Thursday,False,Day,26.98,71.0,Normal,0,4.73,993.0,482.81,0.546,263.61
2025-09-04 09:00:00,Thursday,False,Day,27.61,56.9,Normal,0,4.17,970.6,396.78,0.558,221.4
2025-09-04 09:15:00,Thursday,False,Day,26.5,51.7,Normal,0,3.86,961.1,383.23,0.55,210.78
2025-09-04 09:30:00,Thursday,False,Day,24.4,60.0,Normal,0,3.91,989.6,434.6,0.55,239.03
2025-09-04 09:45:00,Thursday,False,Day,25.34,66.9,Normal,0,4.51,1001.5,479.06,0.559,267.79
2025-09-04 10:00:00,Thursday,False,Day,24.18,79.6,Normal,0,5.26,1012.7,538.39,0.533,286.96
2025-09-04 10:15:00,Thursday,False,Day,24.41,75.8,Normal,0,4.83,1018.3,536.58,0.537,288.14
2025-09-04 10:30:00,Thursday,False,Day,25.74,77.8,Normal,0,5.17,1019.5,561.4,0.518,290.81
2025-09-04 10:45:00,Thursday,False,Day,24.74,70.6,Normal,0,4.74,989.5,473.54,0.537,254.29
2025-09-04 11:00:00,Thursday,False,Day,23.35,70.0,Normal,0,4.65,998.4,497.0,0.529,262.91
2025-09-04 11:15:00,Thursday,False,Day,22.78,68.3,Normal,0,4.74,1006.7,481.12,0.526,253.07
2025-09-04 11:30:00,Thursday,False,Day,23.3,72.7,Normal,0,4.9,1012.4,504.02,0.521,262.59
2025-09-04 11:45:00,Thursday,False,Day,21.97,79.9,Normal,0,5.19,1011.6,556.4,0.515,286.55
2025-09-04 12:00:00,Thursday,False,Day,22.08,86.1,Normal,0,5.55,1035.4,606.92,0.543,329.56
2025-09-04 12:15:00,Thursday,False,Day,22.54,80.6,Normal,0,5.18,1025.9,572.17,0.516,295.24
2025-09-04 12:30:00,Thursday,False,Day,22.89,86.7,Normal,0,5.17,1023.6,609.6,0.516,314.55
2025-09-04 12:45:00,Thursday,False,Day,22.13,85.9,Normal,0,5.33,1021.3,581.05,0.5,290.52
2025-09-04 13:00:00,Thursday,False,Day,19.49,83.5,Normal,0,5.01,1028.0,569.22,0.518,294.86
2025-09-04 13:15:00,Thursday,False,Day,21.25,79.1,Normal,0,5.19,1018.5,551.95,0.506,279.29
2025-09-04 13:30:00,Thursday,False,Day,20.76,76.1,Normal,0,5.09,994.5,544.97,0.51,277.93
2025-09-04 13:45:00,Thursday,False,Day,20.74,87.2,Normal,0,5.58,1040.1,583.18,0.513,299.17
2025-09-04 14:00:00,Thursday,False,Evening,21.41,82.4,Normal,0,5.31,1034.2,568.62,0.502,285.45
2025-09-04 14:15:00,Thursday,False,Evening,18.19,82.7,Normal,0,5.39,1022.0,561.79,0.495,278.09
2025-09-04 14:30:00,Thursday,False,Evening,19.1,80.3,Normal,0,4.9,1018.9,539.46,0.478,257.86
2025-09-04 14:45:00,Thursday,False,Evening,19.79,94.5,Normal,0,5.75,1059.1,673.05,0.497,334.51
2025-09-04 15:00:00,Thursday,False,Evening,17.82,100.0,Normal,0,5.79,1070.2,697.32,0.493,343.78
2025-09-04 15:15:00,Thursday,False,Evening,20.04,92.9,Normal,0,5.64,1037.3,625.38,0.489,305.81
2025-09-04 15:30:00,Thursday,False,Evening,18.95,89.2,Normal,0,5.77,1033.3,624.71,0.515,321.73
2025-09-04 15:45:00,Thursday,False,Evening,19.14,86.3,Normal,0,5.57,1030.3,624.07,0.51,318.28
2025-09-04 16:00:00,Thursday,False,Evening,17.83,86.0,Normal,0,5.49,1024.8,581.85,0.482,280.45
2025-09-04 16:15:00,Thursday,False,Evening,18.78,80.6,Normal,0,5.13,1030.7,565.41,0.503,284.4
2025-09-04 16:30:00,Thursday,False,Evening,18.85,82.7,Normal,0,5.1,1029.3,588.11,0.494,290.53
2025-09-04 16:45:00,Thursday,False,Evening,18.07,90.6,Normal,0,5.62,1034.5,632.37,0.507,320.61
2025-09-04 17:00:00,Thursday,False,Evening,17.98,80.9,Normal,0,5.33,1017.3,583.73,0.497,290.11
2025-09-04 17:15:00,Thursday,False,Evening,17.93,73.6,Normal,0,4.9,1009.8,505.72,0.501,253.37
2025-09-04 17:30:00,Thursday,False,Evening,16.97,71.0,Normal,0,4.49,988.3,502.65,0.518,260.37
2025-09-04 17:45:00,Thursday,False,Evening,17.51,69.0,Normal,0,4.65,995.7,492.4,0.518,255.06
2025-09-04 18:00:00,Thursday,False,Evening,17.5,81.8,Normal,0,4.92,1032.0,563.48,0.527,296.95
2025-09-04 18:15:00,Thursday,False,Evening,17.94,87.1,Normal,0,5.56,1044.2,594.9,0.512,304.59
2025-09-04 18:30:00,Thursday,False,Evening,18.46,91.4,Normal,0,5.52,1047.1,627.34,0.502,314.92
2025-09-04 18:45:00,Thursday,False,Evening,16.87,88.0,Normal,0,5.29,1045.9,587.42,0.528,310.16
2025-09-04 19:00:00,Thursday,False,Evening,17.69,84.8,Normal,0,5.46,1024.4,597.66,0.531,317.36
2025-09-04 19:15:00,Thursday,False,Evening,19.07,75.1,Normal,0,4.99,1025.3,528.73,0.53,280.23
2025-09-04 19:30:00,Thursday,False,Evening,17.4,79.9,Normal,0,5.16,1018.0,556.1,0.52,289.17
2025-09-04 19:45:00,Thursday,False,Evening,17.48,82.4,Normal,0,5.56,1031.6,577.8,0.519,299.88
2025-09-04 20:00:00,Thursday,False,Evening,18.45,89.3,Normal,0,5.63,1037.5,638.33,0.538,343.42
2025-09-04 20:15:00,Thursday,False,Evening,19.14,86.4,Normal,0,5.31,1037.7,603.24,0.527,317.91
2025-09-04 20:30:00,Thursday,False,Evening,18.66,84.3,Normal,0,5.39,1032.4,582.39,0.536,312.16
2025-09-04 20:45:00,Thursday,False,Evening,19.92,84.4,Normal,0,5.28,1021.9,587.22,0.572,335.89
2025-09-04 21:00:00,Thursday,False,Evening,19.77,88.7,Normal,0,5.7,1032.3,642.17,0.567,364.11
2025-09-04 21:15:00,Thursday,False,Evening,19.99,78.4,Normal,0,5.1,1012.8,550.91,0.557,306.86
2025-09-04 21:30:00,Thursday,False,Evening,20.02,82.5,Normal,0,5.29,1033.5,571.04,0.546,311.79
2025-09-04 21:45:00,Thursday,False,Evening,21.7,81.6,Normal,0,4.98,,561.37,0.548,307.63
2025-09-04 22:00:00,Thursday,False,Night,19.95,66.6,Normal,0,4.54,982.0,468.46,0.566,265.15
2025-09-04 22:15:00,Thursday,False,Night,18.8,54.2,Normal,0,3.96,963.4,382.49,0.577,220.7
2025-09-04 22:30:00,Thursday,False,Night,21.99,55.1,Normal,0,3.85,947.9,382.89,0.56,214.42
2025-09-04 22:45:00,Thursday,False,Night,20.64,65.3,Normal,0,4.44,992.2,455.57,0.564,256.94
2025-09-04 23:00:00,Thursday,False,Night,21.41,75.7,Normal,0,5.0,999.8,540.87,0.572,309.38
2025-09-04 23:15:00,Thursday,False,Night,22.69,76.9,Normal,0,4.99,1005.5,541.01,0.56,302.97
2025-09-04 23:30:00,Thursday,False,Night,20.68,87.6,Normal,0,5.25,1036.8,602.73,0.563,339.34
2025-09-04 23:45:00,Thursday,False,Night,21.29,85.0,Normal,0,5.31,1046.9,600.77,0.568,341.24
2025-09-05 00:00:00,Friday,False,Night,21.53,88.7,Normal,0,5.44,1036.3,617.42,0.588,363.04
2025-09-05 00:15:00,Friday,False,Night,22.51,83.5,Normal,0,5.31,1015.3,583.54,0.587,342.54
2025-09-05 00:30:00,Friday,False,Night,23.82,78.5,Normal,0,5.07,1006.5,546.79,0.598,326.98
2025-09-05 00:45:00,Friday,False,Night,24.21,73.2,Normal,0,4.76,1012.2,486.55,0.572,278.31
2025-09-05 01:00:00,Friday,False,Night,24.33,60.2,Normal,0,4.17,961.5,390.55,0.576,224.96
2025-09-05 01:15:00,Friday,False,Night,23.29,68.9,Normal,0,4.64,1002.8,482.39,0.597,287.99
2025-09-05 01:30:00,Friday,False,Night,22.88,64.9,Normal,0,4.6,983.5,447.16,0.586,262.04
2025-09-05 01:45:00,Friday,False,Night,25.07,60.5,Normal,0,4.3,973.4,409.5,0.588,240.79
2025-09-05 02:00:00,Friday,False,Night,24.94,54.3,Normal,0,4.18,960.5,382.71,0.607,232.3
2025-09-05 02:15:00,Friday,False,Night,25.96,54.7,Normal,0,4.16,953.5,401.25,0.592,237.54
2025-09-05 02:30:00,Friday,False,Night,26.42,66.9,Normal,0,4.77,991.9,473.99,0.594,281.55
2025-09-05 02:45:00,Friday,False,Night,26.22,79.6,Normal,0,5.31,1012.8,563.48,0.597,336.4
2025-09-05 03:00:00,Friday,False,Night,26.96,68.2,Normal,0,4.84,1005.3,484.52,0.598,289.74
2025-09-05 03:15:00,Friday,False,Night,26.76,66.1,Normal,0,4.33,980.8,448.0,0.607,271.94
2025-09-05 03:30:00,Friday,False,Night,27.2,60.1,Normal,0,4.33,977.9,432.46,0.588,254.29
2025-09-05 03:45:00,Friday,False,Night,26.41,67.0,Normal,0,4.73,982.7,475.37,0.598,284.27
2025-09-05 04:00:00,Friday,False,Night,27.0,68.8,Normal,0,4.84,991.7,481.1,0.611,293.95
2025-09-05 04:15:00,Friday,False,Night,27.46,64.9,Normal,0,4.34,983.6,451.6,0.62,279.99
2025-09-05 04:30:00,Friday,False,Night,28.09,65.7,Normal,0,4.59,1013.0,470.17,0.584,274.58
2025-09-05 04:45:00,Friday,False,Night,27.23,63.1,Normal,0,4.38,981.8,434.34,0.6,260.6
2025-09-05 05:00:00,Friday,False,Night,28.06,73.4,Normal,0,5.11,1001.8,525.17,0.593,311.43
2025-09-05 05:15:00,Friday,False,Night,27.5,76.0,Normal,0,4.74,1010.8,529.31,0.593,313.88
2025-09-05 05:30:00,Friday,False,Night,27.68,79.1,Normal,0,4.97,1010.3,546.42,0.584,319.11
2025-09-05 05:45:00,Friday,False,Night,28.47,61.8,Normal,0,4.04,978.4,443.81,0.598,265.4
2025-09-05 06:00:00,Friday,False,Day,26.22,76.1,Normal,0,4.98,1028.4,517.04,0.595,307.64
2025-09-05 06:15:00,Friday,False,Day,26.77,89.3,Normal,0,5.87,1049.8,625.46,0.611,382.16
2025-09-05 06:30:00,Friday,False,Day,26.58,96.4,Normal,0,5.84,1071.9,671.93,0.57,383.0
2025-09-05 06:45:00,Friday,False,Day,25.85,83.6,Normal,0,5.3,1024.8,584.88,0.564,329.87
2025-09-05 07:00:00,Friday,False,Day,27.1,81.5,Normal,0,5.28,1026.2,579.79,0.599,347.29
2025-09-05 07:15:00,Friday,False,Day,28.15,74.4,Normal,0,4.86,1012.6,506.68,0.575,291.34
2025-09-05 07:30:00,Friday,False,Day,27.2,85.5,Normal,0,5.42,1032.1,629.11,0.568,357.33
2025-09-05 07:45:00,Friday,False,Day,27.46,86.6,Normal,0,5.48,1044.1,598.49,0.572,342.34
2025-09-05 08:00:00,Friday,False,Day,28.01,81.4,Normal,0,5.06,1033.2,567.55,0.553,313.86
2025-09-05 08:15:00,Friday,False,Day,28.03,81.7,Normal,0,5.19,1033.4,568.19,0.568,322.73
2025-09-05 08:30:00,Friday,False,Day,26.72,66.1,Normal,0,4.62,987.8,463.43,0.56,259.52
2025-09-05 08:45:00,Friday,False,Day,27.66,61.5,Normal,0,4.44,987.0,426.87,0.568,242.46
2025-09-05 09:00:00,Friday,False,Day,26.42,64.2,Normal,0,4.62,982.0,462.79,0.563,260.55
2025-09-05 09:15:00,Friday,False,Day,25.44,71.4,Normal,0,4.79,998.5,488.16,0.56,273.37
2025-09-05 09:30:00,Friday,False,Day,25.38,61.0,Normal,0,4.33,986.7,412.45,0.55,226.85
2025-09-05 09:45:00,Friday,False,Day,24.41,61.2,Normal,0,4.4,966.1,419.59,0.561,235.39
2025-09-05 10:00:00,Friday,False,Day,24.6,69.8,Normal,0,4.58,983.0,497.0,0.547,271.86
2025-09-05 10:15:00,Friday,False,Day,24.74,62.5,Normal,0,4.25,971.5,447.96,0.533,238.76
2025-09-05 10:30:00,Friday,False,Day,25.37,66.3,Normal,0,4.5,991.5,442.13,0.527,233.0
2025-09-05 10:45:00,Friday,False,Day,25.8,68.5,Normal,0,4.42,1004.6,482.19,0.525,253.15
2025-09-05 11:00:00,Friday,False,Day,23.0,80.4,Normal,0,5.21,1016.5,539.33,0.535,288.54
2025-09-05 11:15:00,Friday,False,Day,24.1,79.2,Normal,0,5.25,1034.2,553.68,0.513,284.04
2025-09-05 11:30:00,Friday,False,Day,22.63,78.5,Normal,0,4.95,1017.0,530.85,0.525,278.7
2025-09-05 11:45:00,Friday,False,Day,23.52,84.1,Normal,0,5.37,1030.5,595.07,0.512,304.68
2025-09-05 12:00:00,Friday,False,Day,22.71,75.9,Normal,0,4.85,1003.5,530.0,0.505,267.65
2025-09-05 12:15:00,Friday,False,Day,21.02,75.3,Normal,0,4.77,1023.1,530.83,0.504,267.54
2025-09-05 12:30:00,Friday,False,Day,22.9,73.4,Normal,0,5.14,1003.0,511.97,0.513,262.64
2025-09-05 12:45:00,Friday,False,Day,21.35,73.6,Normal,0,4.69,992.8,505.26,0.519,262.23
2025-09-05 13:00:00,Friday,False,Day,21.09,79.7,Normal,0,4.92,1038.2,536.39,0.502,269.27
2025-09-05 13:15:00,Friday,False,Day,20.35,83.3,Normal,0,5.3,1030.1,569.54,0.486,276.8
2025-09-05 13:30:00,Friday,False,Day,20.38,78.6,Normal,0,5.11,1021.6,556.27,0.537,298.72
2025-09-05 13:45:00,Friday,False,Day,20.94,79.9,Normal,0,5.22,1032.4,561.21,0.515,289.02
2025-09-05 14:00:00,Friday,False,Evening,20.16,83.1,Normal,0,5.56,1031.2,584.4,0.512,299.21
2025-09-05 14:15:00,Friday,False,Evening,20.3,77.2,Normal,0,4.89,1019.4,546.83,0.518,283.26
2025-09-05 14:30:00,Friday,False,Evening,20.06,77.9,Normal,0,4.95,1013.6,526.03,0.502,264.07
2025-09-05 14:45:00,Friday,False,Evening,20.57,76.6,Normal,0,5.22,1016.2,543.5,0.499,271.21
2025-09-05 15:00:00,Friday,False,Evening,19.0,76.1,Normal,0,5.09,1007.6,518.5,0.514,266.51
2025-09-05 15:15:00,Friday,False,Evening,17.87,66.3,Normal,0,4.64,982.3,478.77,0.514,246.09
2025-09-05 15:30:00,Friday,False,Evening,19.7,75.9,Normal,0,4.86,1008.9,530.51,0.506,268.44
2025-09-05 15:45:00,Friday,False,Evening,18.39,71.3,Normal,0,4.91,992.2,507.42,0.509,258.28
2025-09-05 16:00:00,Friday,False,Evening,19.38,78.0,Normal,0,5.16,1016.9,536.66,0.488,261.89
2025-09-05 16:15:00,Friday,False,Evening,18.64,74.0,Normal,0,4.89,1006.3,536.02,0.499,267.47
2025-09-05 16:30:00,Friday,False,Evening,18.09,70.5,Normal,0,4.62,999.7,508.57,0.519,263.95
2025-09-05 16:45:00,Friday,False,Evening,18.36,78.5,Normal,0,5.08,1018.5,549.69,0.511,280.89
2025-09-05 17:00:00,Friday,False,Evening,19.54,84.1,Normal,0,5.55,1044.3,602.26,0.49,295.11
2025-09-05 17:15:00,Friday,False,Evening,19.57,84.4,Normal,0,5.16,1037.5,581.82,0.501,291.49
2025-09-05 17:30:00,Friday,False,Evening,17.91,88.0,Normal,0,5.36,1035.1,598.57,0.523,313.05
2025-09-05 17:45:00,Friday,False,Evening,17.95,84.8,Normal,0,5.24,1032.4,596.35,0.514,306.52
2025-09-05 18:00:00,Friday,False,Evening,18.67,83.7,Normal,0,5.23,1037.9,572.52,0.514,294.28
2025-09-05 18:15:00,Friday,False,Evening,17.15,78.8,Normal,0,5.07,1005.5,559.09,0.516,288.49
2025-09-05 18:30:00,Friday,False,Evening,18.12,83.9,Normal,0,5.44,,597.63,0.515,307.78
2025-09-05 18:45:00,Friday,False,Evening,17.89,78.8,Normal,0,5.14,1007.5,549.76,0.514,282.58
2025-09-05 19:00:00,Friday,False,Evening,18.23,87.4,Normal,0,5.46,1042.7,611.58,0.513,313.74
2025-09-05 19:15:00,Friday,False,Evening,17.41,84.1,Normal,0,5.35,1026.6,595.38,0.534,317.93
2025-09-05 19:30:00,Friday,False,Evening,16.92,83.3,Normal,0,5.37,1023.8,583.35,0.529,308.59
2025-09-05 19:45:00,Friday,False,Evening,16.67,86.9,Normal,0,5.18,1022.6,595.88,0.537,319.99
2025-09-05 20:00:00,Friday,False,Evening,17.59,85.8,Normal,0,5.54,1038.2,585.47,0.538,314.98
2025-09-05 20:15:00,Friday,False,Evening,18.29,82.8,Normal,0,5.13,1013.7,581.93,0.55,320.06
2025-09-05 20:30:00,Friday,False,Evening,18.61,81.8,Normal,0,5.14,1010.2,569.69,0.544,309.91
2025-09-05 20:45:00,Friday,False,Evening,20.6,86.5,Normal,0,5.46,1044.4,631.7,0.551,348.07
2025-09-05 21:00:00,Friday,False,Evening,20.16,81.2,Normal,0,5.17,1035.8,563.94,0.547,308.48
2025-09-05 21:15:00,Friday,False,Evening,18.75,79.9,Normal,0,5.2,1011.8,558.55,0.54,301.62
2025-09-05 21:30:00,Friday,False,Evening,20.05,79.5,Normal,0,5.13,1025.2,556.16,0.55,305.89
2025-09-05 21:45:00,Friday,False,Evening,19.71,84.2,Normal,0,5.27,1035.0,591.86,0.561,332.03
2025-09-05 22:00:00,Friday,False,Night,20.09,74.6,Normal,0,5.12,1004.2,512.02,0.566,289.8
2025-09-05 22:15:00,Friday,False,Night,20.75,84.7,Normal,0,5.44,1041.4,591.31,0.576,340.59
2025-09-05 22:30:00,Friday,False,Night,21.4,81.8,Normal,0,5.25,1022.7,577.28,0.561,323.85
2025-09-05 22:45:00,Friday,False,Night,20.93,78.7,Normal,0,5.17,1020.0,545.01,0.57,310.66
2025-09-05 23:00:00,Friday,False,Night,22.37,76.4,Normal,0,4.86,1001.3,535.34,0.57,305.14
2025-09-05 23:15:00,Friday,False,Night,20.92,67.5,Normal,0,4.9,978.2,475.96,0.59,280.82
2025-09-05 23:30:00,Friday,False,Night,22.17,61.3,Normal,0,4.13,982.7,431.82,0.581,250.89
2025-09-05 23:45:00,Friday,False,Night,24.56,58.9,Normal,0,4.2,973.7,427.27,0.584,249.53
2025-09-06 00:00:00,Saturday,True,Night,23.18,41.8,Normal,0,3.35,924.3,293.89,0.582,171.04
2025-09-06 00:15:00,Saturday,True,Night,24.47,41.8,Normal,0,3.34,941.7,282.86,0.582,164.62
2025-09-06 00:30:00,Saturday,True,Night,23.73,39.0,Normal,0,3.19,934.1,279.15,0.572,159.67
2025-09-06 00:45:00,Saturday,True,Night,24.44,46.8,Normal,0,3.51,942.5,314.99,0.576,181.43
2025-09-06 01:00:00,Saturday,True,Night,24.25,55.7,Normal,0,4.21,949.4,358.35,0.593,212.5
2025-09-06 01:15:00,Saturday,True,Night,24.47,61.7,Normal,0,4.13,975.3,410.27,0.593,243.29
2025-09-06 01:30:00,Saturday,True,Night,24.29,54.3,Normal,0,4.12,950.9,373.07,0.596,222.35
2025-09-06 01:45:00,Saturday,True,Night,25.56,50.0,Normal,0,3.87,948.6,355.56,0.605,215.11
2025-09-06 02:00:00,Saturday,True,Night,24.82,60.0,Normal,0,4.17,964.8,390.85,0.598,233.73
2025-09-06 02:15:00,Saturday,True,Night,26.31,59.5,Normal,0,4.29,962.6,402.5,0.595,239.49
2025-09-06 02:30:00,Saturday,True,Night,26.91,55.9,Normal,0,4.02,945.6,388.17,0.597,231.74
2025-09-06 02:45:00,Saturday,True,Night,26.59,58.6,Normal,0,4.0,971.5,386.68,0.602,232.78
2025-09-06 03:00:00,Saturday,True,Night,26.31,62.8,Normal,0,4.19,962.1,422.59,0.596,251.86
2025-09-06 03:15:00,Saturday,True,Night,27.12,57.0,Normal,0,4.19,964.0,403.0,0.611,246.23
2025-09-06 03:30:00,Saturday,True,Night,26.72,56.6,Normal,0,4.17,970.8,366.54,0.6,219.92
2025-09-06 03:45:00,Saturday,True,Night,27.91,60.6,Normal,0,4.29,970.5,410.74,0.602,247.27
2025-09-06 04:00:00,Saturday,True,Night,25.87,51.5,Normal,0,3.78,943.2,362.17,0.591,214.04
2025-09-06 04:15:00,Saturday,True,Night,27.22,7.428448517216383,Stopped,0,1.63,647.9,34.94,0.609,21.28
2025-09-06 04:30:00,Saturday,True,Night,26.03,43.0,Normal,0,3.4,924.1,316.27,0.612,193.56
2025-09-06 04:45:00,Saturday,True,Night,26.54,37.1,Normal,0,2.9,917.9,273.52,0.583,159.46
2025-09-06 05:00:00,Saturday,True,Night,28.92,34.4,Normal,0,3.05,903.3,275.13,0.599,164.8
2025-09-06 05:15:00,Saturday,True,Night,28.62,38.3,Normal,0,,920.2,285.49,0.593,169.3
2025-09-06 05:30:00,Saturday,True,Night,27.38,36.9,Normal,0,3.17,913.8,289.38,0.595,172.18
2025-09-06 05:45:00,Saturday,True,Night,26.79,33.8,Normal,0,3.27,908.2,262.33,0.595,156.09
2025-09-06 06:00:00,Saturday,True,Day,25.63,49.2,Normal,0,3.58,959.0,323.46,0.566,183.08
2025-09-06 06:15:00,Saturday,True,Day,27.55,43.2,Normal,0,3.36,934.0,297.07,0.594,176.46
2025-09-06 06:30:00,Saturday,True,Day,29.89,25.5,Normal,0,2.62,894.1,224.28,0.595,133.45
2025-09-06 06:45:00,Saturday,True,Day,28.25,55.4,Normal,0,4.06,958.5,386.11,0.593,228.96
2025-09-06 07:00:00,Saturday,True,Day,27.38,55.1,Normal,0,3.72,963.8,365.81,0.569,208.15
2025-09-06 07:15:00,Saturday,True,Day,28.11,29.3,Normal,0,2.88,895.9,251.42,0.576,144.82
2025-09-06 07:30:00,Saturday,True,Day,26.37,56.7,Normal,0,4.12,965.5,380.81,0.568,216.3
2025-09-06 07:45:00,Saturday,True,Day,27.25,44.6,Normal,0,3.2,940.9,312.01,0.551,171.92
2025-09-06 08:00:00,Saturday,True,Day,27.41,49.3,Normal,0,3.72,943.6,343.24,0.561,192.56
2025-09-06 08:15:00,Saturday,True,Day,27.09,68.8,Normal,0,4.51,992.9,445.12,0.553,246.15
2025-09-06 08:30:00,Saturday,True,Day,27.6,66.7,Normal,0,4.47,987.3,444.43,0.564,250.66
2025-09-06 08:45:00,Saturday,True,Day,27.03,44.1,Normal,0,3.3,930.2,329.87,0.541,178.46
2025-09-06 09:00:00,Saturday,True,Day,27.07,68.3,Normal,0,4.67,996.2,449.54,0.544,244.55
2025-09-06 09:15:00,Saturday,True,Day,25.75,76.8,Normal,0,5.25,1012.1,525.96,0.546,287.17
2025-09-06 09:30:00,Saturday,True,Day,26.76,80.3,Normal,0,5.18,1036.5,530.05,0.555,294.18
2025-09-06 09:45:00,Saturday,True,Day,27.08,64.6,Normal,0,4.12,1007.0,419.96,0.572,240.22
2025-09-06 10:00:00,Saturday,True,Day,24.72,67.0,Normal,0,4.59,985.1,435.04,0.544,236.66
2025-09-06 10:15:00,Saturday,True,Day,24.5,81.3,Normal,0,5.15,1027.6,555.91,0.528,293.52
2025-09-06 10:30:00,Saturday,True,Day,25.98,82.1,Normal,0,5.05,1036.7,541.67,0.528,286.0
2025-09-06 10:45:00,Saturday,True,Day,24.45,72.2,Normal,0,4.83,1000.3,496.84,0.538,267.3
2025-09-06 11:00:00,Saturday,True,Day,25.42,72.0,Normal,0,4.9,994.8,478.52,0.515,246.44
2025-09-06 11:15:00,Saturday,True,Day,23.62,62.5,Normal,0,4.24,991.5,420.16,0.537,225.63
2025-09-06 11:30:00,Saturday,True,Day,24.82,69.3,Normal,0,4.4,1001.0,464.03,0.526,244.08
2025-09-06 11:45:00,Saturday,True,Day,23.43,62.1,Normal,0,4.02,978.9,395.6,0.519,205.32
2025-09-06 12:00:00,Saturday,True,Day,23.21,61.9,Normal,0,4.22,987.3,417.02,0.501,208.93
2025-09-06 12:15:00,Saturday,True,Day,23.92,56.2,Normal,0,4.03,968.2,383.9,0.525,201.55
2025-09-06 12:30:00,Saturday,True,Day,22.06,53.0,Normal,0,3.83,952.2,370.91,0.505,187.31
2025-09-06 12:45:00,Saturday,True,Day,21.27,62.4,Normal,0,4.24,967.6,406.84,0.512,208.3
2025-09-06 13:00:00,Saturday,True,Day,21.35,62.4,Normal,0,4.43,971.5,411.99,0.507,208.88
2025-09-06 13:15:00,Saturday,True,Day,21.75,58.4,Normal,0,4.23,975.4,402.44,0.491,197.6
2025-09-06 13:30:00,Saturday,True,Day,19.83,51.3,Normal,0,3.86,952.0,365.84,0.503,184.02
2025-09-06 13:45:00,Saturday,True,Day,21.3,40.8,Normal,0,3.46,919.9,287.45,0.492,141.43
2025-09-06 14:00:00,Saturday,True,Evening,20.07,29.2,Normal,0,2.69,905.6,217.99,0.496,108.12
2025-09-06 14:15:00,Saturday,True,Evening,21.14,32.5,Normal,0,2.78,899.3,241.35,0.506,122.12
2025-09-06 14:30:00,Saturday,True,Evening,18.04,40.6,Normal,0,3.25,926.2,279.09,0.508,141.78
2025-09-06 14:45:00,Saturday,True,Evening,19.07,38.5,Normal,0,3.14,915.7,281.26,0.5,140.63
2025-09-06 15:00:00,Saturday,True,Evening,18.12,49.4,Normal,0,3.44,955.9,324.52,0.491,159.34
2025-09-06 15:15:00,Saturday,True,Evening,18.58,45.3,Normal,0,3.47,936.5,324.84,0.494,160.47
2025-09-06 15:30:00,Saturday,True,Evening,19.23,44.6,Normal,0,3.69,929.7,317.44,0.493,156.5
2025-09-06 15:45:00,Saturday,True,Evening,18.7,38.9,Normal,0,3.37,913.2,292.99,0.479,140.34
2025-09-06 16:00:00,Saturday,True,Evening,18.47,46.3,Normal,0,3.68,932.8,298.97,0.502,150.08
2025-09-06 16:15:00,Saturday,True,Evening,18.39,59.4,Normal,0,4.22,959.8,382.03,0.485,185.28
2025-09-06 16:30:00,Saturday,True,Evening,18.54,47.8,Normal,0,3.89,925.8,346.36,0.503,174.22
2025-09-06 16:45:00,Saturday,True,Evening,17.46,46.1,Normal,0,3.43,934.1,310.69,0.489,151.93
2025-09-06 17:00:00,Saturday,True,Evening,18.74,54.3,Normal,0,3.83,948.9,351.03,0.493,173.06
2025-09-06 17:15:00,Saturday,True,Evening,18.63,45.2,Normal,0,3.72,926.0,316.28,0.513,162.25
2025-09-06 17:30:00,Saturday,True,Evening,18.35,49.3,Normal,0,3.74,939.6,341.36,0.508,173.41
2025-09-06 17:45:00,Saturday,True,Evening,18.46,56.8,Normal,0,3.98,959.6,380.29,0.491,186.72
2025-09-06 18:00:00,Saturday,True,Evening,18.24,56.6,Normal,0,4.16,958.6,388.69,0.506,196.68
2025-09-06 18:15:00,Saturday,True,Evening,19.64,59.2,Normal,0,4.13,980.0,401.89,0.517,207.78
2025-09-06 18:30:00,Saturday,True,Evening,17.97,68.8,Normal,0,4.5,994.1,461.15,0.51,235.19
2025-09-06 18:45:00,Saturday,True,Evening,17.85,78.4,Normal,0,4.93,1029.5,538.45,0.515,277.3
2025-09-06 19:00:00,Saturday,True,Evening,17.57,74.7,Normal,0,4.94,999.7,500.54,0.524,262.28
2025-09-06 19:15:00,Saturday,True,Evening,17.44,68.7,Normal,0,4.65,994.4,460.07,0.525,241.54
2025-09-06 19:30:00,Saturday,True,Evening,17.39,61.0,Normal,0,4.5,965.7,421.55,0.517,217.94
2025-09-06 19:45:00,Saturday,True,Evening,17.8,65.7,Normal,0,4.45,976.4,444.32,0.53,235.49
2025-09-06 20:00:00,Saturday,True,Evening,18.61,55.7,Normal,0,3.99,973.7,368.56,0.53,195.34
2025-09-06 20:15:00,Saturday,True,Evening,19.11,53.6,Normal,0,4.15,945.5,366.78,0.553,202.83
2025-09-06 20:30:00,Saturday,True,Evening,19.07,53.9,Normal,0,4.1,934.6,371.8,0.538,200.03
2025-09-06 20:45:00,Saturday,True,Evening,18.63,50.6,Normal,0,3.82,938.1,340.63,0.544,185.3
2025-09-06 21:00:00,Saturday,True,Evening,20.18,52.3,Normal,0,3.64,933.2,345.74,0.548,189.47
2025-09-06 21:15:00,Saturday,True,Evening,20.29,67.5,Normal,0,4.45,979.8,435.11,0.546,237.57
2025-09-06 21:30:00,Saturday,True,Evening,19.83,64.8,Normal,0,4.29,973.4,401.92,0.545,219.05
2025-09-06 21:45:00,Saturday,True,Evening,19.7,60.5,Normal,0,4.26,969.7,403.14,0.56,225.76
2025-09-06 22:00:00,Saturday,True,Night,20.94,57.5,Normal,0,4.04,946.5,386.75,0.563,217.74
2025-09-06 22:15:00,Saturday,True,Night,20.94,57.2,Normal,0,4.34,971.7,380.4,0.583,221.77
2025-09-06 22:30:00,Saturday,True,Night,19.93,3.372764548941956,Stopped,0,1.19,558.8,44.87,0.573,25.71
2025-09-06 22:45:00,Saturday,True,Night,21.34,62.6,Normal,0,4.17,974.9,406.36,0.576,234.06
2025-09-06 23:00:00,Saturday,True,Night,21.92,58.7,Normal,0,4.21,964.1,405.26,0.578,234.24
2025-09-06 23:15:00,Saturday,True,Night,21.3,46.1,Normal,0,3.67,941.3,326.97,0.567,185.39
2025-09-06 23:30:00,Saturday,True,Night,22.5,36.0,Normal,0,2.73,913.2,280.87,0.564,158.41
2025-09-06 23:45:00,Saturday,True,Night,21.51,25.9,Normal,0,2.36,893.9,216.29,0.57,123.29
2025-09-07 00:00:00,Sunday,True,Night,24.24,30.2,Normal,0,2.79,894.4,220.69,0.589,129.99
2025-09-07 00:15:00,Sunday,True,Night,24.5,23.6,Normal,0,2.71,877.3,217.92,0.599,130.53
2025-09-07 00:30:00,Sunday,True,Night,23.63,33.4,Normal,0,3.27,908.1,274.67,0.594,163.15
2025-09-07 00:45:00,Sunday,True,Night,24.44,34.8,Normal,0,2.99,917.2,241.4,0.587,141.7
2025-09-07 01:00:00,Sunday,True,Night,22.54,34.3,Normal,0,3.01,912.8,263.46,0.608,160.18
2025-09-07 01:15:00,Sunday,True,Night,23.86,30.3,Normal,0,2.71,899.8,243.15,0.588,142.97
2025-09-07 01:30:00,Sunday,True,Night,24.85,35.5,Normal,0,3.18,912.9,262.97,0.583,153.31
2025-09-07 01:45:00,Sunday,True,Night,24.53,31.6,Normal,0,3.13,900.7,223.1,0.598,133.41
2025-09-07 02:00:00,Sunday,True,Night,26.25,27.1,Normal,0,2.87,894.4,221.67,0.61,135.22
2025-09-07 02:15:00,Sunday,True,Night,27.55,36.1,Normal,0,3.11,931.0,261.98,0.59,154.57
2025-09-07 02:30:00,Sunday,True,Night,25.28,39.1,Normal,0,3.14,918.4,295.38,0.582,171.91
2025-09-07 02:45:00,Sunday,True,Night,25.8,38.1,Normal,0,3.22,915.4,276.1,0.6,165.66
2025-09-07 03:00:00,Sunday,True,Night,26.9,42.6,Normal,0,3.63,926.9,300.85,0.608,182.92
2025-09-07 03:15:00,Sunday,True,Night,28.22,42.7,Normal,0,3.37,934.8,295.51,0.57,168.44
2025-09-07 03:30:00,Sunday,True,Night,26.16,45.0,Normal,0,3.27,918.9,311.98,0.61,190.31
2025-09-07 03:45:00,Sunday,True,Night,27.53,39.9,Normal,0,3.25,923.1,286.48,0.586,167.88
2025-09-07 04:00:00,Sunday,True,Night,28.96,52.7,Normal,0,3.86,964.4,351.65,0.606,213.1
2025-09-07 04:15:00,Sunday,True,Night,26.34,67.3,Normal,0,4.29,987.5,448.28,0.579,259.55
2025-09-07 04:30:00,Sunday,True,Night,26.77,56.8,Normal,0,4.12,967.3,379.43,0.583,221.21
2025-09-07 04:45:00,Sunday,True,Night,27.57,54.0,Normal,0,4.03,976.3,344.07,0.603,207.47
2025-09-07 05:00:00,Sunday,True,Night,27.59,57.5,Normal,0,4.4,970.9,400.59,0.607,243.16
2025-09-07 05:15:00,Sunday,True,Night,28.73,60.2,Normal,0,4.04,958.0,406.14,0.594,241.25
2025-09-07 05:30:00,Sunday,True,Night,28.33,65.0,Normal,0,4.57,976.3,439.11,0.616,270.49
2025-09-07 05:45:00,Sunday,True,Night,26.74,57.3,Normal,0,4.25,965.0,385.29,0.58,223.47
2025-09-07 06:00:00,Sunday,True,Day,28.59,76.0,Normal,0,5.03,1008.8,510.0,0.578,294.78
2025-09-07 06:15:00,Sunday,True,Day,27.7,84.8,Normal,0,5.19,1037.4,578.09,0.583,337.03
2025-09-07 06:30:00,Sunday,True,Day,29.15,79.9,Normal,0,4.96,1023.1,527.8,0.58,306.12
2025-09-07 06:45:00,Sunday,True,Day,27.58,77.4,Normal,0,5.03,1027.3,529.16,0.584,309.03
2025-09-07 07:00:00,Sunday,True,Day,27.5,71.8,Normal,0,4.78,995.2,465.8,0.571,265.97
2025-09-07 07:15:00,Sunday,True,Day,28.34,68.0,Normal,0,4.51,993.4,455.66,0.582,265.19
2025-09-07 07:30:00,Sunday,True,Day,28.41,76.9,Normal,0,5.18,1019.1,519.86,0.578,300.48
2025-09-07 07:45:00,Sunday,True,Day,28.02,68.5,Normal,0,4.55,998.8,467.96,0.586,274.22
2025-09-07 08:00:00,Sunday,True,Day,26.16,61.5,Normal,0,4.01,978.3,399.16,0.562,224.33
2025-09-07 08:15:00,Sunday,True,Day,27.76,70.6,Normal,0,4.68,981.8,462.7,0.567,262.35
2025-09-07 08:30:00,Sunday,True,Day,26.31,72.7,Normal,0,4.87,1005.9,474.28,0.567,268.92
2025-09-07 08:45:00,Sunday,True,Day,27.12,83.5,Normal,0,5.33,1031.6,558.09,0.557,310.86
2025-09-07 09:00:00,Sunday,True,Day,25.57,77.7,Normal,0,5.08,1024.0,525.55,0.552,290.1
2025-09-07 09:15:00,Sunday,True,Day,26.83,75.9,Normal,0,5.17,1019.4,495.51,0.53,262.62
2025-09-07 09:30:00,Sunday,True,Day,25.57,69.7,Normal,0,4.5,999.0,459.39,0.549,252.21
2025-09-07 09:45:00,Sunday,True,Day,24.93,69.0,Normal,0,4.57,997.3,467.09,0.55,256.9
2025-09-07 10:00:00,Sunday,True,Day,26.25,56.9,Normal,0,4.32,976.5,388.82,0.541,210.35
2025-09-07 10:15:00,Sunday,True,Day,25.58,61.1,Normal,0,3.99,984.8,407.15,0.53,215.79
2025-09-07 10:30:00,Sunday,True,Day,24.6,62.5,Normal,0,4.34,980.5,404.74,0.518,209.66
2025-09-07 10:45:00,Sunday,True,Day,25.94,61.5,Normal,0,4.48,994.1,417.08,0.536,223.55
2025-09-07 11:00:00,Sunday,True,Day,24.12,58.6,Normal,0,4.35,963.2,398.35,0.529,210.73
2025-09-07 11:15:00,Sunday,True,Day,24.18,53.1,Normal,0,4.01,945.0,361.03,0.54,194.96
2025-09-07 11:30:00,Sunday,True,Day,24.04,57.9,Normal,0,4.24,966.3,394.25,0.509,200.67
2025-09-07 11:45:00,Sunday,True,Day,23.01,50.8,Normal,0,3.65,944.8,341.85,0.516,176.39
2025-09-07 12:00:00,Sunday,True,Day,23.55,54.6,Normal,0,4.19,938.0,368.25,0.505,185.97
2025-09-07 12:15:00,Sunday,True,Day,22.42,67.3,Normal,0,4.38,983.4,436.54,0.526,229.62
2025-09-07 12:30:00,Sunday,True,Day,22.19,75.0,Normal,0,,1010.4,509.27,0.525,267.37
2025-09-07 12:45:00,Sunday,True,Day,23.29,63.8,Normal,0,4.46,980.1,416.65,0.53,220.82
2025-09-07 13:00:00,Sunday,True,Day,21.05,59.8,Normal,0,4.15,962.5,402.23,0.514,206.75
2025-09-07 13:15:00,Sunday,True,Day,19.64,62.0,Normal,0,4.35,973.5,434.88,0.515,223.96
2025-09-07 13:30:00,Sunday,True,Day,22.55,60.9,Normal,0,4.34,973.7,421.76,0.51,215.1
2025-09-07 13:45:00,Sunday,True,Day,23.0,52.1,Normal,0,4.14,956.8,366.13,0.51,186.73
2025-09-07 14:00:00,Sunday,True,Evening,20.35,49.0,Normal,0,3.79,936.0,340.62,0.503,171.33
2025-09-07 14:15:00,Sunday,True,Evening,18.85,49.2,Normal,0,3.64,947.5,336.02,0.508,170.7
2025-09-07 14:30:00,Sunday,True,Evening,19.88,60.9,Normal,0,4.37,961.8,401.32,0.523,209.89
2025-09-07 14:45:00,Sunday,True,Evening,19.65,58.2,Normal,0,4.02,959.6,387.23,0.503,194.78
2025-09-07 15:00:00,Sunday,True,Evening,19.49,64.3,Normal,0,4.56,992.3,440.15,0.5,220.08
2025-09-07 15:15:00,Sunday,True,Evening,18.53,55.1,Normal,0,4.02,946.8,376.85,0.502,189.18
2025-09-07 15:30:00,Sunday,True,Evening,19.67,48.5,Normal,0,3.76,934.1,342.94,0.499,171.13
2025-09-07 15:45:00,Sunday,True,Evening,19.44,53.1,Normal,0,3.65,940.7,368.04,0.503,185.12
2025-09-07 16:00:00,Sunday,True,Evening,17.65,59.3,Normal,0,3.86,958.2,390.89,0.499,195.05
2025-09-07 16:15:00,Sunday,True,Evening,19.25,52.6,Normal,0,3.67,950.4,356.44,0.513,182.85
2025-09-07 16:30:00,Sunday,True,Evening,20.2,52.5,Normal,0,4.15,955.5,344.09,0.513,176.52
2025-09-07 16:45:00,Sunday,True,Evening,18.58,54.1,Normal,0,3.79,952.4,386.82,0.525,203.08
2025-09-07 17:00:00,Sunday,True,Evening,18.08,43.8,Normal,0,3.59,923.8,305.27,0.504,153.86
2025-09-07 17:15:00,Sunday,True,Evening,18.16,49.7,Normal,0,3.66,931.2,345.25,0.509,175.73
2025-09-07 17:30:00,Sunday,True,Evening,18.71,47.2,Normal,0,3.61,929.6,321.74,0.51,164.09
2025-09-07 17:45:00,Sunday,True,Evening,16.8,46.2,Normal,0,3.59,919.0,315.64,0.512,161.61
2025-09-07 18:00:00,Sunday,True,Evening,18.31,40.0,Normal,0,3.55,922.9,289.36,0.523,151.34
2025-09-07 18:15:00,Sunday,True,Evening,17.87,37.4,Normal,0,3.27,916.6,262.55,0.498,130.75
2025-09-07 18:30:00,Sunday,True,Evening,19.7,49.6,Normal,0,3.81,941.8,317.01,0.521,165.16
2025-09-07 18:45:00,Sunday,True,Evening,18.13,50.2,Normal,0,3.98,945.9,359.67,0.539,193.86
2025-09-07 19:00:00,Sunday,True,Evening,19.68,44.3,Normal,0,3.41,935.9,314.86,0.535,168.45
2025-09-07 19:15:00,Sunday,True,Evening,17.56,43.2,Normal,0,3.62,925.3,298.2,0.537,160.13
2025-09-07 19:30:00,Sunday,True,Evening,19.03,34.6,Normal,0,3.18,915.3,266.08,0.535,142.35
2025-09-07 19:45:00,Sunday,True,Evening,18.95,30.4,Normal,0,2.98,885.4,246.88,0.524,129.37
2025-09-07 20:00:00,Sunday,True,Evening,18.15,41.1,Normal,0,3.33,916.9,285.18,0.525,149.72
2025-09-07 20:15:00,Sunday,True,Evening,19.16,41.4,Normal,0,3.3,917.5,297.07,0.529,157.15
2025-09-07 20:30:00,Sunday,True,Evening,20.18,53.9,Normal,0,3.82,958.5,374.36,0.528,197.66
2025-09-07 20:45:00,Sunday,True,Evening,19.16,53.0,Normal,0,3.79,938.8,343.34,0.552,189.52
2025-09-07 21:00:00,Sunday,True,Evening,18.29,52.5,Normal,0,3.75,959.9,361.56,0.56,202.47
2025-09-07 21:15:00,Sunday,True,Evening,19.86,56.2,Normal,0,4.11,963.3,385.09,0.553,212.95
2025-09-07 21:30:00,Sunday,True,Evening,19.41,39.5,Normal,0,3.25,930.7,303.59,0.56,170.01
2025-09-07 21:45:00,Sunday,True,Evening,20.12,42.1,Normal,0,3.47,923.4,305.16,0.558,170.28
2025-09-07 22:00:00,Sunday,True,Night,20.61,34.9,Normal,0,3.13,901.7,256.7,0.564,144.78
2025-09-07 22:15:00,Sunday,True,Night,19.6,44.8,Normal,0,3.37,935.3,307.97,0.541,166.61
2025-09-07 22:30:00,Sunday,True,Night,19.97,50.4,Normal,0,3.63,952.6,363.51,0.568,206.47
2025-09-07 22:45:00,Sunday,True,Night,21.95,42.7,Normal,0,3.4,921.0,297.26,0.564,167.65
2025-09-07 23:00:00,Sunday,True,Night,21.46,50.2,Normal,0,3.67,929.1,347.01,0.571,198.14
2025-09-07 23:15:00,Sunday,True,Night,20.15,47.7,Normal,0,3.53,923.2,323.89,0.576,186.56
2025-09-07 23:30:00,Sunday,True,Night,23.15,41.7,Normal,0,3.64,927.3,311.99,0.57,177.83
2025-09-07 23:45:00,Sunday,True,Night,23.07,43.1,Normal,0,3.22,940.9,312.27,0.569,177.68
2025-09-08 00:00:00,Monday,False,Night,22.77,66.9,Normal,0,4.85,977.5,470.48,0.575,270.53
2025-09-08 00:15:00,Monday,False,Night,22.61,76.2,Normal,0,5.0,1008.8,525.3,0.57,299.42
2025-09-08 00:30:00,Monday,False,Night,24.66,77.3,Normal,0,5.16,1012.6,534.82,0.575,307.52
2025-09-08 00:45:00,Monday,False,Night,24.59,77.4,Normal,0,5.14,1030.9,523.56,0.579,303.14
2025-09-08 01:00:00,Monday,False,Night,26.54,81.7,Normal,0,5.29,1046.0,571.97,0.577,330.03
2025-09-08 01:15:00,Monday,False,Night,25.28,86.6,Normal,0,5.67,1042.5,609.21,0.598,364.31
2025-09-08 01:30:00,Monday,False,Night,25.56,89.1,Normal,0,5.36,1052.8,611.66,0.585,357.82
2025-09-08 01:45:00,Monday,False,Night,25.42,95.1,Normal,0,5.76,1067.4,649.75,0.577,374.91
2025-09-08 02:00:00,Monday,False,Night,26.49,95.5,Normal,0,5.68,1052.1,670.22,0.593,397.44
2025-09-08 02:15:00,Monday,False,Night,26.62,93.2,Normal,0,5.45,1062.3,652.63,0.587,383.09
2025-09-08 02:30:00,Monday,False,Night,27.38,97.6,Normal,0,5.8,1060.1,689.28,0.613,422.53
2025-09-08 02:45:00,Monday,False,Night,26.22,93.5,Normal,0,6.0,1055.8,650.79,0.601,391.12
2025-09-08 03:00:00,Monday,False,Night,26.53,90.6,Normal,0,5.57,1059.2,637.91,0.585,373.18
2025-09-08 03:15:00,Monday,False,Night,26.71,98.2,Normal,0,6.22,1069.9,696.04,0.606,421.8
2025-09-08 03:30:00,Monday,False,Night,27.94,100.0,Normal,0,6.31,1083.6,721.71,0.601,433.75
2025-09-08 03:45:00,Monday,False,Night,28.69,99.9,Normal,0,6.44,1085.5,705.11,0.597,420.95
2025-09-08 04:00:00,Monday,False,Night,27.3,93.4,Normal,0,6.0,1043.7,670.56,0.615,412.39
2025-09-08 04:15:00,Monday,False,Night,27.48,99.1,Normal,0,6.31,1054.7,719.57,0.589,423.83
2025-09-08 04:30:00,Monday,False,Night,28.21,100.0,Normal,0,6.05,1084.3,709.6,0.608,431.44
2025-09-08 04:45:00,Monday,False,Night,27.88,98.2,Normal,0,5.96,1079.8,697.97,0.592,413.2
2025-09-08 05:00:00,Monday,False,Night,28.93,92.7,Normal,0,5.73,1059.3,658.6,0.595,391.87
2025-09-08 05:15:00,Monday,False,Night,26.44,91.7,Normal,0,5.64,1055.9,631.95,0.586,370.32
2025-09-08 05:30:00,Monday,False,Night,27.63,88.7,Normal,0,5.53,1053.4,615.46,0.585,360.04
2025-09-08 05:45:00,Monday,False,Night,27.7,82.2,Normal,0,5.34,1037.1,576.1,0.586,337.59
2025-09-08 06:00:00,Monday,False,Day,26.48,95.3,Normal,0,5.73,1059.4,688.55,0.569,391.78
2025-09-08 06:15:00,Monday,False,Day,27.56,95.3,Normal,0,5.59,1070.3,654.67,0.59,386.26
2025-09-08 06:30:00,Monday,False,Day,27.56,91.5,Normal,0,5.69,1050.4,657.72,0.585,384.77
2025-09-08 06:45:00,Monday,False,Day,28.08,95.7,Normal,0,5.71,1066.1,669.24,0.566,378.79
2025-09-08 07:00:00,Monday,False,Day,29.06,100.0,Normal,0,5.91,1077.2,705.01,0.585,412.43
2025-09-08 07:15:00,Monday,False,Day,27.88,100.0,Normal,0,5.98,,718.04,0.59,423.64
2025-09-08 07:30:00,Monday,False,Day,27.13,100.0,Normal,0,5.94,1068.2,725.39,0.566,410.57
2025-09-08 07:45:00,Monday,False,Day,27.78,100.0,Normal,0,6.17,1092.5,715.49,0.562,402.11
2025-09-08 08:00:00,Monday,False,Day,28.51,100.0,Normal,0,5.97,1068.1,717.36,0.578,414.63
2025-09-08 08:15:00,Monday,False,Day,26.71,91.3,Normal,0,5.8,1055.0,633.16,0.568,359.63
2025-09-08 08:30:00,Monday,False,Day,26.58,94.2,Normal,0,5.78,1063.8,656.79,0.559,367.15
2025-09-08 08:45:00,Monday,False,Day,27.54,93.7,Normal,0,5.71,1058.2,643.48,0.566,364.21
2025-09-08 09:00:00,Monday,False,Day,26.7,100.0,Normal,0,6.02,1079.1,702.33,0.557,391.2
2025-09-08 09:15:00,Monday,False,Day,27.15,100.0,Normal,0,5.81,1076.8,709.18,0.565,400.69
2025-09-08 09:30:00,Monday,False,Day,26.37,100.0,Normal,0,6.05,1066.5,709.14,0.548,388.61
2025-09-08 09:45:00,Monday,False,Day,26.68,100.0,Normal,0,6.13,1078.0,726.65,0.549,398.93
2025-09-08 10:00:00,Monday,False,Day,25.01,100.0,Normal,0,6.15,1068.1,729.5,0.552,402.68
2025-09-08 10:15:00,Monday,False,Day,25.54,99.8,Normal,0,5.79,1086.3,701.16,0.514,360.4
2025-09-08 10:30:00,Monday,False,Day,25.08,87.2,Normal,0,5.22,1043.9,597.48,0.546,326.22
2025-09-08 10:45:00,Monday,False,Day,23.97,81.3,Normal,0,5.1,1019.2,574.53,0.527,302.78
2025-09-08 11:00:00,Monday,False,Day,23.38,81.1,Normal,0,5.38,1026.6,579.97,0.534,309.7
2025-09-08 11:15:00,Monday,False,Day,24.86,68.6,Normal,0,4.65,986.4,481.72,0.543,261.57
2025-09-08 11:30:00,Monday,False,Day,23.71,67.0,Normal,0,4.43,990.9,471.83,0.52,245.35
2025-09-08 11:45:00,Monday,False,Day,22.85,67.3,Normal,0,4.34,987.1,470.0,0.516,242.52
2025-09-08 12:00:00,Monday,False,Day,23.26,67.7,Normal,0,4.48,983.6,459.09,0.517,237.35
2025-09-08 12:15:00,Monday,False,Day,23.91,65.5,Normal,0,4.37,978.6,442.25,0.501,221.57
2025-09-08 12:30:00,Monday,False,Day,20.86,65.4,Normal,0,4.62,1002.1,459.76,0.535,245.97
2025-09-08 12:45:00,Monday,False,Day,21.17,77.8,Normal,0,5.18,1014.6,540.64,0.511,276.27
2025-09-08 13:00:00,Monday,False,Day,21.31,82.2,Normal,0,5.07,1021.5,570.92,0.525,299.73
2025-09-08 13:15:00,Monday,False,Day,22.9,78.8,Normal,0,5.19,1012.9,547.43,0.504,275.9
2025-09-08 13:30:00,Monday,False,Day,21.65,78.8,Normal,0,5.17,1020.5,531.96,0.506,269.17
2025-09-08 13:45:00,Monday,False,Day,21.74,55.6,Normal,0,3.85,953.7,369.84,0.514,190.1
2025-09-08 14:00:00,Monday,False,Evening,19.93,68.8,Normal,0,4.62,981.6,484.88,0.492,238.56
2025-09-08 14:15:00,Monday,False,Evening,19.66,65.0,Normal,0,4.51,980.4,447.73,0.501,224.31
2025-09-08 14:30:00,Monday,False,Evening,20.65,72.4,Normal,0,4.81,999.6,500.59,0.51,255.3
2025-09-08 14:45:00,Monday,False,Evening,20.09,70.3,Normal,0,4.44,990.9,477.92,0.498,238.0
2025-09-08 15:00:00,Monday,False,Evening,20.24,64.4,Normal,0,4.45,972.5,440.25,0.495,217.92
2025-09-08 15:15:00,Monday,False,Evening,19.43,65.6,Normal,0,4.58,978.8,449.38,0.511,229.63
2025-09-08 15:30:00,Monday,False,Evening,19.59,67.5,Normal,0,4.81,983.1,483.96,0.514,248.76
2025-09-08 15:45:00,Monday,False,Evening,19.31,56.7,Normal,0,3.98,954.7,396.57,0.516,204.63
2025-09-08 16:00:00,Monday,False,Evening,19.63,58.8,Normal,0,4.09,967.3,419.1,0.494,207.04
2025-09-08 16:15:00,Monday,False,Evening,19.5,66.0,Normal,0,4.47,1000.8,468.45,0.496,232.35
2025-09-08 16:30:00,Monday,False,Evening,17.42,70.0,Normal,0,4.73,1002.0,491.07,0.498,244.55
2025-09-08 16:45:00,Monday,False,Evening,16.81,84.1,Normal,0,5.32,1041.6,594.17,0.511,303.62
2025-09-08 17:00:00,Monday,False,Evening,19.31,90.6,Normal,0,5.68,1039.8,634.51,0.493,312.81
2025-09-08 17:15:00,Monday,False,Evening,19.38,97.5,Normal,0,5.72,1075.1,698.04,0.495,345.53
2025-09-08 17:30:00,Monday,False,Evening,17.56,100.0,Normal,0,6.06,1068.3,715.58,0.501,358.51
2025-09-08 17:45:00,Monday,False,Evening,16.86,100.0,Normal,0,5.89,1073.8,714.29,0.5,357.14
2025-09-08 18:00:00,Monday,False,Evening,18.42,100.0,Normal,0,5.98,1070.8,696.72,0.521,362.99
2025-09-08 18:15:00,Monday,False,Evening,19.09,100.0,Normal,0,6.26,1064.9,713.3,0.522,372.34
2025-09-08 18:30:00,Monday,False,Evening,19.82,100.0,Normal,0,5.79,1074.0,684.59,0.511,349.83
2025-09-08 18:45:00,Monday,False,Evening,18.85,100.0,Normal,0,5.96,1071.4,719.8,0.517,372.14
2025-09-08 19:00:00,Monday,False,Evening,18.21,93.7,Normal,0,5.54,1037.1,646.03,0.496,320.43
2025-09-08 19:15:00,Monday,False,Evening,17.89,93.9,Normal,0,5.76,1050.5,653.79,0.52,339.97
2025-09-08 19:30:00,Monday,False,Evening,18.73,87.9,Normal,0,5.63,1044.1,602.52,0.539,324.76
2025-09-08 19:45:00,Monday,False,Evening,18.61,82.3,Normal,0,5.25,1025.3,571.95,0.525,300.27
2025-09-08 20:00:00,Monday,False,Evening,18.2,84.0,Normal,0,5.29,1030.7,581.43,0.522,303.51
2025-09-08 20:15:00,Monday,False,Evening,20.82,82.2,Normal,0,5.42,1018.5,592.44,0.55,325.84
2025-09-08 20:30:00,Monday,False,Evening,20.8,69.9,Normal,0,4.73,995.8,495.43,0.528,261.59
2025-09-08 20:45:00,Monday,False,Evening,20.49,61.9,Normal,0,4.44,972.8,430.63,0.558,240.29
2025-09-08 21:00:00,Monday,False,Evening,19.07,56.7,Normal,0,4.19,957.8,386.33,0.575,222.14
2025-09-08 21:15:00,Monday,False,Evening,20.73,53.7,Normal,0,3.51,947.8,352.03,0.548,192.91
2025-09-08 21:30:00,Monday,False,Evening,20.81,58.9,Normal,0,4.17,973.6,404.95,0.565,228.8
2025-09-08 21:45:00,Monday,False,Evening,20.91,62.3,Normal,0,4.17,977.6,420.12,0.539,226.44
2025-09-08 22:00:00,Monday,False,Night,21.84,62.3,Normal,0,4.21,977.6,437.64,0.542,237.2
2025-09-08 22:15:00,Monday,False,Night,21.64,67.5,Normal,0,4.79,1004.9,473.7,0.554,262.43
2025-09-08 22:30:00,Monday,False,Night,22.02,74.0,Normal,0,4.8,1008.8,512.95,0.573,293.92
2025-09-08 22:45:00,Monday,False,Night,22.24,76.9,Normal,0,5.27,1022.0,529.97,0.568,301.02
2025-09-08 23:00:00,Monday,False,Night,22.32,77.1,Normal,0,4.79,,532.99,0.569,303.27
2025-09-08 23:15:00,Monday,False,Night,20.94,82.6,Normal,0,5.08,1022.8,556.72,0.561,312.32
2025-09-08 23:30:00,Monday,False,Night,22.75,86.4,Normal,0,5.52,1028.1,602.39,0.576,346.98
2025-09-08 23:45:00,Monday,False,Night,22.57,86.4,Normal,0,5.36,1038.4,609.52,0.573,349.25
2025-09-09 00:00:00,Tuesday,False,Night,22.46,91.8,Normal,0,5.69,1028.6,637.93,0.573,365.53
2025-09-09 00:15:00,Tuesday,False,Night,25.16,74.9,Normal,0,4.88,1012.0,524.2,0.575,301.42
2025-09-09 00:30:00,Tuesday,False,Night,25.52,72.3,Normal,0,4.76,1006.1,482.18,0.589,284.0
2025-09-09 00:45:00,Tuesday,False,Night,25.55,70.0,Normal,0,4.64,996.1,465.24,0.582,270.77
2025-09-09 01:00:00,Tuesday,False,Night,24.98,76.7,Normal,0,5.01,1013.4,536.17,0.591,316.88
2025-09-09 01:15:00,Tuesday,False,Night,26.17,85.0,Normal,0,5.44,1025.8,603.2,0.575,346.84
2025-09-09 01:30:00,Tuesday,False,Night,25.41,74.3,Normal,0,5.12,1019.6,518.78,0.599,310.75
2025-09-09 01:45:00,Tuesday,False,Night,25.86,82.0,Normal,0,5.18,1025.4,590.65,0.598,353.21
2025-09-09 02:00:00,Tuesday,False,Night,25.11,73.3,Normal,0,4.77,998.0,492.85,0.595,293.25
2025-09-09 02:15:00,Tuesday,False,Night,26.58,65.8,Normal,0,4.42,992.5,451.29,0.6,270.77
2025-09-09 02:30:00,Tuesday,False,Night,26.58,64.7,Normal,0,4.66,986.3,457.3,0.608,278.04
2025-09-09 02:45:00,Tuesday,False,Night,25.74,63.2,Normal,0,4.48,978.1,448.53,0.585,262.39
2025-09-09 03:00:00,Tuesday,False,Night,26.98,54.4,Normal,0,3.69,,376.43,0.6,225.86
2025-09-09 03:15:00,Tuesday,False,Night,27.18,59.9,Normal,0,3.93,973.8,405.53,0.587,238.05
2025-09-09 03:30:00,Tuesday,False,Night,28.89,65.0,Normal,0,4.33,998.8,458.8,0.601,275.74
2025-09-09 03:45:00,Tuesday,False,Night,28.36,71.7,Normal,0,4.79,1008.1,500.52,0.597,298.81
2025-09-09 04:00:00,Tuesday,False,Night,27.83,68.6,Normal,0,4.61,995.9,473.9,0.599,283.87
2025-09-09 04:15:00,Tuesday,False,Night,28.17,68.3,Normal,0,4.68,1002.5,482.44,0.607,292.84
2025-09-09 04:30:00,Tuesday,False,Night,28.14,68.1,Normal,0,4.57,995.4,472.42,0.606,286.29
2025-09-09 04:45:00,Tuesday,False,Night,28.06,78.2,Normal,0,5.26,1023.6,545.83,0.607,331.32
2025-09-09 05:00:00,Tuesday,False,Night,27.45,60.0,Normal,0,4.35,975.6,422.58,0.591,249.74
2025-09-09 05:15:00,Tuesday,False,Night,28.27,55.2,Normal,0,4.02,967.7,384.92,0.601,231.34
2025-09-09 05:30:00,Tuesday,False,Night,27.85,56.8,Normal,0,4.26,963.1,395.96,0.597,236.39
2025-09-09 05:45:00,Tuesday,False,Night,27.48,51.6,Normal,0,3.6,944.3,360.62,0.587,211.68
2025-09-09 06:00:00,Tuesday,False,Day,28.9,66.0,Normal,0,4.49,997.8,461.2,0.589,271.65
2025-09-09 06:15:00,Tuesday,False,Day,28.79,67.2,Normal,0,4.58,1005.5,451.04,0.585,263.86
2025-09-09 06:30:00,Tuesday,False,Day,27.01,65.0,Normal,0,4.55,977.8,464.32,0.598,277.66
2025-09-09 06:45:00,Tuesday,False,Day,28.29,67.4,Normal,0,4.31,995.0,465.35,0.589,274.09
2025-09-09 07:00:00,Tuesday,False,Day,29.11,73.0,Normal,0,4.78,1004.6,495.6,0.575,284.97
2025-09-09 07:15:00,Tuesday,False,Day,29.07,72.6,Normal,0,4.86,1014.2,522.3,0.572,298.76
2025-09-09 07:30:00,Tuesday,False,Day,28.93,71.0,Normal,0,4.8,1005.0,495.52,0.583,288.89
2025-09-09 07:45:00,Tuesday,False,Day,28.0,71.4,Normal,0,4.92,1029.9,488.2,0.583,284.62
2025-09-09 08:00:00,Tuesday,False,Day,27.14,72.6,Normal,0,4.91,1003.2,521.87,0.57,297.47
2025-09-09 08:15:00,Tuesday,False,Day,26.78,63.3,Normal,0,4.37,994.4,457.29,0.57,260.66
2025-09-09 08:30:00,Tuesday,False,Day,27.73,68.3,Normal,0,4.71,1008.4,469.37,0.574,269.42
2025-09-09 08:45:00,Tuesday,False,Day,27.55,67.2,Normal,0,4.53,996.7,464.91,0.556,258.49
2025-09-09 09:00:00,Tuesday,False,Day,28.05,76.6,Normal,0,5.0,1016.6,527.8,0.555,292.93
2025-09-09 09:15:00,Tuesday,False,Day,27.66,80.8,Normal,0,5.28,1027.3,544.84,0.556,302.93
2025-09-09 09:30:00,Tuesday,False,Day,26.42,87.9,Normal,0,5.47,1043.4,616.5,0.543,334.76
2025-09-09 09:45:00,Tuesday,False,Day,25.27,81.2,Normal,0,5.23,1034.7,574.34,0.561,322.2
2025-09-09 10:00:00,Tuesday,False,Day,25.73,79.0,Normal,0,5.23,1013.5,557.29,0.537,299.26
2025-09-09 10:15:00,Tuesday,False,Day,25.87,71.9,Normal,0,4.87,1001.6,501.59,0.539,270.36
2025-09-09 10:30:00,Tuesday,False,Day,25.24,68.9,Normal,0,4.82,992.6,491.97,0.554,272.55
2025-09-09 10:45:00,Tuesday,False,Day,24.63,78.0,Normal,0,5.39,1003.3,535.38,0.513,274.65
2025-09-09 11:00:00,Tuesday,False,Day,24.98,87.4,Normal,0,5.56,1047.8,630.18,0.531,334.63
2025-09-09 11:15:00,Tuesday,False,Day,24.06,79.9,Normal,0,5.05,1029.9,546.56,0.519,283.66
2025-09-09 11:30:00,Tuesday,False,Day,23.64,77.4,Normal,0,5.09,1009.7,531.62,0.523,278.04
2025-09-09 11:45:00,Tuesday,False,Day,24.06,77.5,Normal,0,5.09,1023.6,534.19,0.508,271.37
2025-09-09 12:00:00,Tuesday,False,Day,23.16,81.5,Normal,0,5.28,1012.0,560.35,0.514,288.02
2025-09-09 12:15:00,Tuesday,False,Day,23.35,71.0,Normal,0,4.95,998.8,495.38,0.516,255.62
2025-09-09 12:30:00,Tuesday,False,Day,23.05,62.7,Normal,0,4.1,976.6,431.92,0.515,222.44
2025-09-09 12:45:00,Tuesday,False,Day,21.6,68.0,Normal,0,4.82,990.4,478.62,0.52,248.88
2025-09-09 13:00:00,Tuesday,False,Day,21.81,58.0,Normal,0,4.42,965.5,406.22,0.486,197.42
2025-09-09 13:15:00,Tuesday,False,Day,23.03,58.2,Normal,0,4.23,965.7,413.7,0.506,209.33
2025-09-09 13:30:00,Tuesday,False,Day,20.64,62.0,Normal,0,4.41,970.8,424.71,0.504,214.05
2025-09-09 13:45:00,Tuesday,False,Day,19.58,66.9,Normal,0,4.51,984.4,472.46,0.504,238.12
2025-09-09 14:00:00,Tuesday,False,Evening,19.5,61.9,Normal,0,4.32,983.7,441.69,0.503,222.17
2025-09-09 14:15:00,Tuesday,False,Evening,20.73,61.4,Normal,0,4.4,967.9,431.95,0.494,213.38
2025-09-09 14:30:00,Tuesday,False,Evening,20.47,68.2,Normal,0,4.7,1007.3,471.13,0.486,228.97
2025-09-09 14:45:00,Tuesday,False,Evening,20.1,70.8,Normal,0,4.83,990.4,496.44,0.503,249.71
2025-09-09 15:00:00,Tuesday,False,Evening,20.92,67.6,Normal,0,4.67,990.1,463.49,0.49,227.11
2025-09-09 15:15:00,Tuesday,False,Evening,17.59,68.8,Normal,0,4.76,993.0,481.28,0.504,242.57
2025-09-09 15:30:00,Tuesday,False,Evening,19.84,72.0,Normal,0,4.89,995.9,500.22,0.491,245.61
2025-09-09 15:45:00,Tuesday,False,Evening,20.58,82.8,Normal,0,5.1,1036.9,599.96,0.507,304.18
2025-09-09 16:00:00,Tuesday,False,Evening,18.25,86.7,Normal,0,5.55,1038.1,594.27,0.5,297.14
2025-09-09 16:15:00,Tuesday,False,Evening,18.7,92.7,Normal,0,5.96,1047.5,627.28,0.502,314.89
2025-09-09 16:30:00,Tuesday,False,Evening,18.26,87.0,Normal,0,5.43,1045.5,600.52,0.5,300.26
2025-09-09 16:45:00,Tuesday,False,Evening,18.04,82.5,Normal,0,5.46,1015.0,559.36,0.499,279.12
2025-09-09 17:00:00,Tuesday,False,Evening,18.4,80.3,Normal,0,5.0,1013.3,547.24,0.502,274.71
2025-09-09 17:15:00,Tuesday,False,Evening,19.72,79.0,Normal,0,5.08,1020.2,535.58,0.518,277.43
2025-09-09 17:30:00,Tuesday,False,Evening,20.0,72.6,Normal,0,4.7,1006.3,493.58,0.493,243.33
2025-09-09 17:45:00,Tuesday,False,Evening,18.23,80.6,Normal,0,5.36,1021.1,552.8,0.503,278.06
2025-09-09 18:00:00,Tuesday,False,Evening,20.01,85.3,Normal,0,5.61,1030.6,607.71,0.522,317.22
2025-09-09 18:15:00,Tuesday,False,Evening,18.53,82.4,Normal,0,5.22,1021.2,571.59,0.522,298.37
2025-09-09 18:30:00,Tuesday,False,Evening,19.93,85.5,Normal,0,5.54,1041.1,609.69,0.53,323.14
2025-09-09 18:45:00,Tuesday,False,Evening,18.51,85.7,Normal,0,5.63,1033.4,601.62,0.518,311.64
2025-09-09 19:00:00,Tuesday,False,Evening,18.76,88.8,Normal,0,5.51,1032.4,628.22,0.508,319.14
2025-09-09 19:15:00,Tuesday,False,Evening,19.04,79.2,Normal,0,5.11,1008.2,546.33,0.513,280.27
2025-09-09 19:30:00,Tuesday,False,Evening,21.41,78.0,Normal,0,5.15,1026.6,560.22,0.524,293.56
2025-09-09 19:45:00,Tuesday,False,Evening,19.68,77.4,Normal,0,4.89,1005.9,539.04,0.538,290.0
2025-09-09 20:00:00,Tuesday,False,Evening,18.59,80.9,Normal,0,5.18,1021.7,554.3,0.53,293.78
2025-09-09 20:15:00,Tuesday,False,Evening,20.1,76.6,Normal,0,5.3,1020.8,544.3,0.533,290.11
2025-09-09 20:30:00,Tuesday,False,Evening,19.23,61.5,Normal,0,4.22,975.9,430.21,0.543,233.6
2025-09-09 20:45:00,Tuesday,False,Evening,19.34,56.8,Normal,0,4.21,953.8,401.52,0.543,218.03
2025-09-09 21:00:00,Tuesday,False,Evening,20.68,58.7,Normal,0,4.25,957.6,415.29,0.541,224.67
2025-09-09 21:15:00,Tuesday,False,Evening,20.21,61.2,Normal,0,4.26,986.5,437.43,0.539,235.77
2025-09-09 21:30:00,Tuesday,False,Evening,20.67,73.0,Normal,0,4.85,993.1,485.41,0.562,272.8
2025-09-09 21:45:00,Tuesday,False,Evening,20.72,76.9,Normal,0,5.25,1006.8,534.37,0.566,302.45
2025-09-09 22:00:00,Tuesday,False,Night,21.26,69.3,Normal,0,4.73,995.6,490.25,0.548,268.66
2025-09-09 22:15:00,Tuesday,False,Night,21.61,68.9,Normal,0,4.74,990.2,483.4,0.558,269.74
2025-09-09 22:30:00,Tuesday,False,Night,20.02,75.4,Normal,0,5.16,1011.5,516.45,0.572,295.41
2025-09-09 22:45:00,Tuesday,False,Night,22.41,71.0,Normal,0,4.68,986.1,467.75,0.557,260.54
2025-09-09 23:00:00,Tuesday,False,Night,21.41,69.8,Normal,0,4.52,992.3,499.22,0.575,287.05
2025-09-09 23:15:00,Tuesday,False,Night,21.36,63.1,Normal,0,4.64,982.7,444.72,0.571,253.94
2025-09-09 23:30:00,Tuesday,False,Night,22.79,72.2,Normal,0,4.8,1006.6,517.27,0.565,292.26
2025-09-09 23:45:00,Tuesday,False,Night,23.23,74.0,Normal,0,4.99,1001.4,523.55,0.597,312.56
2025-09-10 00:00:00,Wednesday,False,Night,23.06,69.1,Normal,0,4.53,985.4,469.94,0.579,272.1
2025-09-10 00:15:00,Wednesday,False,Night,24.61,68.2,Normal,0,4.66,994.3,450.86,0.59,266.01
2025-09-10 00:30:00,Wednesday,False,Night,23.2,71.3,Normal,0,4.58,988.7,486.94,0.576,280.48
2025-09-10 00:45:00,Wednesday,False,Night,24.27,69.4,Normal,0,4.66,1005.6,483.16,0.605,292.31
2025-09-10 01:00:00,Wednesday,False,Night,24.44,66.0,Normal,0,4.41,988.2,463.17,0.61,282.53
2025-09-10 01:15:00,Wednesday,False,Night,25.19,62.3,Normal,0,4.2,972.7,422.48,0.578,244.19
2025-09-10 01:30:00,Wednesday,False,Night,25.75,65.0,Normal,0,4.41,977.1,454.08,0.593,269.27
2025-09-10 01:45:00,Wednesday,False,Night,25.02,63.2,Normal,0,4.03,975.4,437.34,0.609,266.34
2025-09-10 02:00:00,Wednesday,False,Night,26.7,61.1,Normal,0,4.11,964.0,434.75,0.592,257.37
2025-09-10 02:15:00,Wednesday,False,Night,26.45,3.415747627350501,Stopped,0,1.55,637.3,25.27,0.602,15.21
2025-09-10 02:30:00,Wednesday,False,Night,25.15,56.1,Normal,0,4.11,956.3,402.81,0.582,234.44
2025-09-10 02:45:00,Wednesday,False,Night,25.35,56.4,Normal,0,3.91,966.9,400.04,0.592,236.82
2025-09-10 03:00:00,Wednesday,False,Night,27.14,55.9,Normal,0,4.13,968.2,407.44,0.603,245.69
2025-09-10 03:15:00,Wednesday,False,Night,27.2,58.5,Normal,0,4.03,978.1,402.78,0.594,239.25
2025-09-10 03:30:00,Wednesday,False,Night,27.5,64.1,Normal,0,4.53,986.7,419.62,0.596,250.09
2025-09-10 03:45:00,Wednesday,False,Night,27.75,68.8,Normal,0,4.61,1005.6,476.88,0.585,278.97
2025-09-10 04:00:00,Wednesday,False,Night,28.13,72.0,Normal,0,4.72,1016.0,497.98,0.606,301.78
2025-09-10 04:15:00,Wednesday,False,Night,28.86,70.1,Normal,0,4.67,1002.8,475.88,0.585,278.39
2025-09-10 04:30:00,Wednesday,False,Night,27.35,66.4,Normal,0,4.9,992.8,454.98,0.613,278.9
2025-09-10 04:45:00,Wednesday,False,Night,27.42,60.4,Normal,0,4.14,970.9,416.54,0.59,245.76
2025-09-10 05:00:00,Wednesday,False,Night,27.57,57.7,Normal,0,4.16,960.8,406.66,0.603,245.22
2025-09-10 05:15:00,Wednesday,False,Night,28.75,59.1,Normal,0,4.31,983.4,420.51,0.601,252.73
2025-09-10 05:30:00,Wednesday,False,Night,29.57,55.4,Normal,0,3.88,969.4,368.9,0.582,214.7
2025-09-10 05:45:00,Wednesday,False,Night,28.26,57.5,Normal,0,3.88,974.3,385.29,0.585,225.39
2025-09-10 06:00:00,Wednesday,False,Day,26.62,67.0,Normal,0,4.46,986.5,476.25,0.584,278.13
2025-09-10 06:15:00,Wednesday,False,Day,27.24,58.8,Normal,0,4.29,984.2,415.8,0.582,242.0
2025-09-10 06:30:00,Wednesday,False,Day,27.91,66.5,Normal,0,4.47,989.1,462.55,0.571,264.12
2025-09-10 06:45:00,Wednesday,False,Day,28.08,65.5,Normal,0,4.45,982.2,442.83,0.587,259.94
2025-09-10 07:00:00,Wednesday,False,Day,28.12,62.5,Normal,0,4.48,976.6,439.96,0.572,251.66
2025-09-10 07:15:00,Wednesday,False,Day,28.38,58.3,Normal,0,4.03,983.4,406.61,0.575,233.8
2025-09-10 07:30:00,Wednesday,False,Day,27.99,63.6,Normal,0,4.38,974.9,437.8,0.583,255.24
2025-09-10 07:45:00,Wednesday,False,Day,28.94,74.1,Normal,0,4.64,1004.8,495.54,0.576,285.43
2025-09-10 08:00:00,Wednesday,False,Day,27.41,72.6,Normal,0,4.85,1029.0,498.45,0.561,279.63
2025-09-10 08:15:00,Wednesday,False,Day,27.09,72.5,Normal,0,4.83,1012.9,524.63,0.574,301.14
2025-09-10 08:30:00,Wednesday,False,Day,27.97,80.0,Normal,0,5.25,1018.9,554.12,0.567,314.19
2025-09-10 08:45:00,Wednesday,False,Day,26.15,69.4,Normal,0,4.48,988.2,486.79,0.55,267.73
2025-09-10 09:00:00,Wednesday,False,Day,27.47,82.7,Normal,0,5.22,1017.7,571.7,0.549,313.86
2025-09-10 09:15:00,Wednesday,False,Day,27.0,97.3,Normal,0,5.69,1068.0,678.8,0.561,380.81
2025-09-10 09:30:00,Wednesday,False,Day,26.54,79.2,Normal,0,5.05,1027.5,543.46,0.556,302.16
2025-09-10 09:45:00,Wednesday,False,Day,27.67,79.0,Normal,0,5.3,1034.2,567.09,0.529,299.99
2025-09-10 10:00:00,Wednesday,False,Day,25.62,75.0,Normal,0,4.86,995.2,522.38,0.531,277.38
2025-09-10 10:15:00,Wednesday,False,Day,27.48,74.3,Normal,0,4.67,999.5,503.55,0.545,274.43
2025-09-10 10:30:00,Wednesday,False,Day,25.35,72.7,Normal,0,4.7,1003.5,499.04,0.523,261.0
2025-09-10 10:45:00,Wednesday,False,Day,24.2,78.7,Normal,0,4.83,1040.8,554.64,0.54,299.51
2025-09-10 11:00:00,Wednesday,False,Day,24.97,78.4,Normal,0,4.86,1025.5,513.0,0.548,281.12
2025-09-10 11:15:00,Wednesday,False,Day,23.73,73.4,Normal,0,4.93,1007.9,514.64,0.53,272.76
2025-09-10 11:30:00,Wednesday,False,Day,23.67,73.4,Normal,0,4.62,995.0,510.3,0.514,262.29
2025-09-10 11:45:00,Wednesday,False,Day,24.26,77.5,Normal,0,5.06,998.6,529.91,0.522,276.61
2025-09-10 12:00:00,Wednesday,False,Day,24.06,70.9,Normal,0,4.73,999.2,494.35,0.528,261.02
2025-09-10 12:15:00,Wednesday,False,Day,22.79,62.4,Normal,0,4.26,975.8,440.47,0.516,227.28
2025-09-10 12:30:00,Wednesday,False,Day,23.76,76.7,Normal,0,5.01,1011.0,520.39,0.518,269.56
2025-09-10 12:45:00,Wednesday,False,Day,23.57,73.5,Normal,0,4.7,1002.0,515.93,0.503,259.51
2025-09-10 13:00:00,Wednesday,False,Day,23.47,73.7,Normal,0,4.97,999.4,516.3,0.502,259.18
2025-09-10 13:15:00,Wednesday,False,Day,22.43,72.3,Normal,0,4.68,993.3,497.95,0.516,256.94
2025-09-10 13:30:00,Wednesday,False,Day,22.8,76.7,Normal,0,4.92,1023.5,533.13,0.498,265.5
2025-09-10 13:45:00,Wednesday,False,Day,19.9,88.0,Normal,0,5.4,1031.2,618.74,0.478,295.76
2025-09-10 14:00:00,Wednesday,False,Evening,20.86,84.8,Normal,0,5.44,1028.9,614.88,0.5,307.44
2025-09-10 14:15:00,Wednesday,False,Evening,20.15,74.6,Normal,0,4.97,1004.7,525.13,0.505,265.19
2025-09-10 14:30:00,Wednesday,False,Evening,20.67,66.5,Normal,0,4.13,990.8,464.7,0.512,237.93
2025-09-10 14:45:00,Wednesday,False,Evening,19.86,65.2,Normal,0,4.5,974.5,456.74,0.517,236.13
2025-09-10 15:00:00,Wednesday,False,Evening,19.95,64.9,Normal,0,4.19,988.4,467.71,0.501,234.32
2025-09-10 15:15:00,Wednesday,False,Evening,21.36,55.9,Normal,0,3.99,954.6,380.41,0.507,192.87
2025-09-10 15:30:00,Wednesday,False,Evening,19.52,63.2,Normal,0,4.36,974.7,424.08,0.501,212.46
2025-09-10 15:45:00,Wednesday,False,Evening,19.79,58.2,Normal,0,4.1,976.9,412.12,0.504,207.71
2025-09-10 16:00:00,Wednesday,False,Evening,19.1,69.3,Normal,0,4.73,983.2,489.03,0.499,244.03
2025-09-10 16:15:00,Wednesday,False,Evening,19.19,81.1,Normal,0,5.28,1026.3,539.76,0.505,272.58
2025-09-10 16:30:00,Wednesday,False,Evening,19.0,79.0,Normal,0,4.97,1023.1,546.78,0.495,270.66
2025-09-10 16:45:00,Wednesday,False,Evening,19.24,81.2,Normal,0,5.06,1023.3,560.11,0.523,292.94
2025-09-10 17:00:00,Wednesday,False,Evening,19.72,73.2,Normal,0,4.82,1000.2,515.22,0.481,247.82
2025-09-10 17:15:00,Wednesday,False,Evening,20.03,77.3,Normal,0,4.78,1028.7,537.86,0.512,275.38
2025-09-10 17:30:00,Wednesday,False,Evening,18.91,74.2,Normal,0,4.8,1002.9,495.39,0.511,253.14
2025-09-10 17:45:00,Wednesday,False,Evening,19.1,67.8,Normal,0,4.79,988.8,464.73,0.513,238.41
2025-09-10 18:00:00,Wednesday,False,Evening,17.7,67.1,Normal,0,4.33,981.6,454.71,0.5,227.36
2025-09-10 18:15:00,Wednesday,False,Evening,18.56,65.4,Normal,0,4.42,982.0,462.45,0.497,229.84
2025-09-10 18:30:00,Wednesday,False,Evening,19.41,64.7,Normal,0,4.35,987.4,454.15,0.522,237.07
2025-09-10 18:45:00,Wednesday,False,Evening,19.41,71.7,Normal,0,5.06,995.0,496.79,0.532,264.29
2025-09-10 19:00:00,Wednesday,False,Evening,18.96,67.5,Normal,0,4.49,969.4,468.35,0.524,245.42
2025-09-10 19:15:00,Wednesday,False,Evening,19.59,79.0,Normal,0,5.01,1019.7,536.68,0.532,285.51
2025-09-10 19:30:00,Wednesday,False,Evening,19.39,70.7,Normal,0,4.56,986.0,508.04,0.522,265.2
2025-09-10 19:45:00,Wednesday,False,Evening,20.09,81.0,Normal,0,5.17,1026.9,568.7,0.533,303.12
2025-09-10 20:00:00,Wednesday,False,Evening,19.52,74.3,Normal,0,4.91,1003.8,523.98,0.545,285.57
2025-09-10 20:15:00,Wednesday,False,Evening,19.18,74.5,Normal,0,4.75,1011.5,528.79,0.533,281.85
2025-09-10 20:30:00,Wednesday,False,Evening,19.92,71.7,Normal,0,4.91,990.0,510.06,0.551,281.04
2025-09-10 20:45:00,Wednesday,False,Evening,17.51,70.2,Normal,0,4.73,987.6,488.2,0.526,256.79
2025-09-10 21:00:00,Wednesday,False,Evening,20.39,75.7,Normal,0,5.06,1005.2,525.34,0.54,283.68
2025-09-10 21:15:00,Wednesday,False,Evening,17.4,84.7,Normal,0,5.28,1016.2,600.07,0.554,332.44
2025-09-10 21:30:00,Wednesday,False,Evening,19.2,90.8,Normal,0,5.64,1053.7,636.34,0.571,363.35
2025-09-10 21:45:00,Wednesday,False,Evening,21.2,86.6,Normal,0,5.39,1022.9,594.31,0.556,330.44
2025-09-10 22:00:00,Wednesday,False,Night,21.5,78.4,Normal,0,5.27,1024.4,568.34,0.548,311.45
2025-09-10 22:15:00,Wednesday,False,Night,20.48,72.5,Normal,0,4.81,1003.4,494.43,0.581,287.26
2025-09-10 22:30:00,Wednesday,False,Night,21.13,66.0,Normal,0,4.5,982.7,442.5,0.564,249.57
2025-09-10 22:45:00,Wednesday,False,Night,23.11,59.4,Normal,0,4.13,972.1,426.9,0.575,245.47
2025-09-10 23:00:00,Wednesday,False,Night,21.94,73.4,Normal,0,4.76,1006.0,501.01,0.568,284.57
2025-09-10 23:15:00,Wednesday,False,Night,24.44,60.5,Normal,0,4.29,970.0,429.8,0.576,247.56
2025-09-10 23:30:00,Wednesday,False,Night,22.96,49.9,Normal,0,3.89,947.9,381.34,0.571,217.75
2025-09-10 23:45:00,Wednesday,False,Night,23.62,51.8,Normal,0,3.75,956.6,356.79,0.602,214.79
2025-09-11 00:00:00,Thursday,False,Night,25.03,62.9,Normal,0,4.38,972.1,439.58,0.594,261.11
2025-09-11 00:15:00,Thursday,False,Night,24.16,70.2,Normal,0,4.72,1000.0,503.53,0.602,303.13
2025-09-11 00:30:00,Thursday,False,Night,23.58,66.4,Normal,0,4.57,966.3,468.82,0.579,271.45
2025-09-11 00:45:00,Thursday,False,Night,24.62,58.2,Normal,0,3.89,952.2,403.04,0.571,230.14
2025-09-11 01:00:00,Thursday,False,Night,25.0,62.2,Normal,0,4.19,982.4,457.54,0.588,269.03
2025-09-11 01:15:00,Thursday,False,Night,24.25,49.0,Normal,0,3.52,941.0,350.71,0.618,216.74
2025-09-11 01:30:00,Thursday,False,Night,25.44,57.9,Normal,0,4.14,960.7,412.44,0.591,243.75
2025-09-11 01:45:00,Thursday,False,Night,25.35,57.8,Normal,0,4.0,966.8,422.42,0.606,255.99
2025-09-11 02:00:00,Thursday,False,Night,26.97,70.0,Maintenance,1,4.61,888.9,287.82,0.587,168.95
2025-09-11 02:15:00,Thursday,False,Night,26.54,59.4,Maintenance,1,4.02,868.1,273.78,0.59,161.53
2025-09-11 02:30:00,Thursday,False,Night,26.55,66.0,Maintenance,1,4.44,864.8,311.99,0.598,186.57
2025-09-11 02:45:00,Thursday,False,Night,26.94,65.6,Maintenance,1,4.32,835.1,343.24,0.621,213.15
2025-09-11 03:00:00,Thursday,False,Night,27.45,63.9,Maintenance,1,4.52,890.8,329.24,0.611,201.17
2025-09-11 03:15:00,Thursday,False,Night,27.98,56.2,Maintenance,1,4.13,872.3,283.97,0.579,164.42
2025-09-11 03:30:00,Thursday,False,Night,26.9,61.2,Maintenance,1,4.31,855.1,234.99,0.607,142.64
2025-09-11 03:45:00,Thursday,False,Night,27.06,66.1,Maintenance,1,4.46,846.4,295.02,0.588,173.47
2025-09-11 04:00:00,Thursday,False,Night,28.95,77.0,Maintenance,1,4.69,894.1,325.13,0.592,192.48
2025-09-11 04:15:00,Thursday,False,Night,27.89,82.0,Maintenance,1,5.15,940.4,381.98,0.604,230.72
2025-09-11 04:30:00,Thursday,False,Night,27.22,76.7,Maintenance,1,4.87,903.2,377.71,0.612,231.16
2025-09-11 04:45:00,Thursday,False,Night,28.82,69.7,Maintenance,1,4.71,896.1,336.13,0.61,205.04
2025-09-11 05:00:00,Thursday,False,Night,28.93,61.2,Maintenance,1,4.38,857.0,304.56,0.599,182.43
2025-09-11 05:15:00,Thursday,False,Night,27.41,70.9,Maintenance,1,4.77,871.6,287.71,0.597,171.76
2025-09-11 05:30:00,Thursday,False,Night,28.87,65.9,Maintenance,1,4.69,867.9,287.75,0.606,174.38
2025-09-11 05:45:00,Thursday,False,Night,29.31,75.0,Maintenance,1,4.82,931.7,308.54,0.575,177.41
2025-09-11 06:00:00,Thursday,False,Day,29.03,91.3,Normal,0,5.53,1067.1,634.25,0.607,384.99
2025-09-11 06:15:00,Thursday,False,Day,29.23,92.2,Normal,0,5.82,1051.9,655.72,0.579,379.66
2025-09-11 06:30:00,Thursday,False,Day,27.57,89.1,Normal,0,5.55,1041.3,614.94,0.586,360.35
2025-09-11 06:45:00,Thursday,False,Day,28.9,92.2,Normal,0,5.62,1051.6,620.13,0.576,357.19
2025-09-11 07:00:00,Thursday,False,Day,28.32,90.9,Normal,0,5.88,1050.9,623.98,0.567,353.8
2025-09-11 07:15:00,Thursday,False,Day,28.08,87.6,Normal,0,5.55,1043.4,612.58,0.58,355.3
2025-09-11 07:30:00,Thursday,False,Day,29.05,91.1,Normal,0,5.59,1045.4,630.63,0.575,362.61
2025-09-11 07:45:00,Thursday,False,Day,29.4,89.2,Normal,0,5.43,1037.1,608.11,0.569,346.01
2025-09-11 08:00:00,Thursday,False,Day,29.5,83.5,Normal,0,5.48,1035.1,604.32,0.565,341.44
2025-09-11 08:15:00,Thursday,False,Day,28.94,86.9,Normal,0,5.46,1014.6,612.61,0.579,354.7
2025-09-11 08:30:00,Thursday,False,Day,27.61,86.0,Normal,0,5.39,1038.7,598.64,0.583,349.01
2025-09-11 08:45:00,Thursday,False,Day,27.77,88.4,Normal,0,5.6,1038.1,620.74,0.57,353.82
2025-09-11 09:00:00,Thursday,False,Day,27.88,84.9,Normal,0,5.47,1043.2,591.38,0.557,329.4
2025-09-11 09:15:00,Thursday,False,Day,27.13,77.3,Normal,0,5.09,1025.7,526.37,0.535,281.61
2025-09-11 09:30:00,Thursday,False,Day,26.88,88.3,Normal,0,5.62,1053.2,629.63,0.554,348.82
2025-09-11 09:45:00,Thursday,False,Day,27.17,96.8,Normal,0,5.93,1063.4,690.95,0.551,380.71
2025-09-11 10:00:00,Thursday,False,Day,26.18,100.0,Normal,0,6.08,1064.3,687.61,0.549,377.5
2025-09-11 10:15:00,Thursday,False,Day,25.36,95.8,Normal,0,5.71,1055.7,673.29,0.527,354.82
2025-09-11 10:30:00,Thursday,False,Day,25.31,92.4,Normal,0,5.94,1055.9,655.63,0.543,356.01
2025-09-11 10:45:00,Thursday,False,Day,25.85,99.4,Normal,0,5.79,1058.4,694.28,0.547,379.77
2025-09-11 11:00:00,Thursday,False,Day,25.03,95.2,Normal,0,5.84,1071.6,691.53,0.519,358.9
2025-09-11 11:15:00,Thursday,False,Day,24.98,89.8,Normal,0,5.36,1044.2,643.59,0.533,343.03
2025-09-11 11:30:00,Thursday,False,Day,24.92,100.0,Normal,0,5.99,1076.3,702.95,0.515,362.02
2025-09-11 11:45:00,Thursday,False,Day,23.76,97.7,Normal,0,5.81,1051.4,683.28,0.519,354.62
2025-09-11 12:00:00,Thursday,False,Day,24.34,100.0,Normal,0,6.02,1064.5,702.92,0.508,357.08
2025-09-11 12:15:00,Thursday,False,Day,23.71,95.1,Normal,0,5.84,1043.9,661.55,0.512,338.71
2025-09-11 12:30:00,Thursday,False,Day,22.09,96.6,Normal,0,5.71,1069.7,668.4,0.51,340.88
2025-09-11 12:45:00,Thursday,False,Day,23.91,100.0,Normal,0,6.0,1070.2,711.48,0.515,366.41
2025-09-11 13:00:00,Thursday,False,Day,22.04,100.0,Normal,0,6.21,1074.6,730.16,0.518,378.22
2025-09-11 13:15:00,Thursday,False,Day,20.8,100.0,Normal,0,5.8,1069.5,718.26,0.519,372.78
2025-09-11 13:30:00,Thursday,False,Day,20.98,91.0,Normal,0,5.48,1050.4,642.15,0.499,320.43
2025-09-11 13:45:00,Thursday,False,Day,20.7,96.4,Normal,0,5.97,1057.3,655.86,0.508,333.18
2025-09-11 14:00:00,Thursday,False,Evening,21.27,84.0,Normal,0,5.31,1027.8,565.59,0.492,278.27
2025-09-11 14:15:00,Thursday,False,Evening,20.74,82.5,Normal,0,5.26,1024.5,584.32,0.501,292.74
2025-09-11 14:30:00,Thursday,False,Evening,20.42,74.3,Normal,0,5.03,1007.7,534.78,0.502,268.46
2025-09-11 14:45:00,Thursday,False,Evening,20.93,83.9,Normal,0,5.18,1032.4,587.17,0.491,288.3
2025-09-11 15:00:00,Thursday,False,Evening,20.47,89.8,Normal,0,5.48,1065.8,624.54,0.506,316.02
2025-09-11 15:15:00,Thursday,False,Evening,20.23,88.0,Normal,0,5.38,1052.0,626.49,0.498,311.99
2025-09-11 15:30:00,Thursday,False,Evening,20.09,79.6,Normal,0,5.06,1003.2,558.03,0.502,280.13
2025-09-11 15:45:00,Thursday,False,Evening,20.07,88.4,Normal,0,5.7,1038.3,631.6,0.513,324.01
2025-09-11 16:00:00,Thursday,False,Evening,17.72,84.7,Normal,0,5.08,1025.1,565.73,0.496,280.6
2025-09-11 16:15:00,Thursday,False,Evening,18.96,77.0,Normal,0,4.81,1020.3,535.08,0.51,272.89
2025-09-11 16:30:00,Thursday,False,Evening,17.37,66.3,Normal,0,4.31,979.5,475.57,0.517,245.87
2025-09-11 16:45:00,Thursday,False,Evening,19.03,63.6,Normal,0,4.6,980.3,453.65,0.517,234.54
2025-09-11 17:00:00,Thursday,False,Evening,18.9,56.4,Normal,0,3.97,939.8,405.55,0.503,203.99
2025-09-11 17:15:00,Thursday,False,Evening,19.66,55.0,Normal,0,3.95,943.5,389.29,0.496,193.09
2025-09-11 17:30:00,Thursday,False,Evening,19.72,62.0,Normal,0,4.08,989.9,432.26,0.501,216.56
2025-09-11 17:45:00,Thursday,False,Evening,18.9,61.4,Normal,0,4.26,971.4,443.8,0.494,219.24
2025-09-11 18:00:00,Thursday,False,Evening,18.33,65.3,Normal,0,4.6,972.3,450.28,0.519,233.7
2025-09-11 18:15:00,Thursday,False,Evening,19.13,62.2,Normal,0,4.37,975.1,428.63,0.521,223.32
2025-09-11 18:30:00,Thursday,False,Evening,18.35,64.3,Normal,0,4.41,969.4,443.09,0.517,229.08
2025-09-11 18:45:00,Thursday,False,Evening,18.83,77.2,Normal,0,4.77,1008.2,531.39,0.505,268.35
2025-09-11 19:00:00,Thursday,False,Evening,19.69,75.0,Normal,0,4.86,994.0,502.45,0.518,260.27
2025-09-11 19:15:00,Thursday,False,Evening,18.55,77.4,Normal,0,5.03,1004.4,544.04,0.538,292.69
2025-09-11 19:30:00,Thursday,False,Evening,19.76,67.8,Normal,0,4.43,984.4,467.06,0.533,248.94
2025-09-11 19:45:00,Thursday,False,Evening,19.79,77.9,Normal,0,5.13,1021.9,551.47,0.538,296.69
2025-09-11 20:00:00,Thursday,False,Evening,18.64,74.9,Normal,0,5.03,1008.3,500.97,0.566,283.55
2025-09-11 20:15:00,Thursday,False,Evening,20.35,81.3,Normal,0,5.1,1027.0,572.13,0.539,308.38
2025-09-11 20:30:00,Thursday,False,Evening,20.32,63.1,Normal,0,4.48,976.2,456.56,0.518,236.5
2025-09-11 20:45:00,Thursday,False,Evening,20.05,83.1,Normal,0,5.25,1032.8,582.29,0.531,309.2
2025-09-11 21:00:00,Thursday,False,Evening,19.59,86.3,Normal,0,5.58,1026.8,603.91,0.549,331.55
2025-09-11 21:15:00,Thursday,False,Evening,19.75,82.3,Normal,0,5.53,1018.1,585.43,0.549,321.4
2025-09-11 21:30:00,Thursday,False,Evening,20.26,88.1,Normal,0,5.32,1042.1,624.46,0.551,344.08
2025-09-11 21:45:00,Thursday,False,Evening,21.39,82.1,Normal,0,5.33,1022.5,577.52,0.554,319.95
2025-09-11 22:00:00,Thursday,False,Night,20.47,78.1,Normal,0,5.24,1013.9,551.46,0.551,303.85
2025-09-11 22:15:00,Thursday,False,Night,21.87,74.5,Normal,0,4.74,1004.8,530.88,0.566,300.48
2025-09-11 22:30:00,Thursday,False,Night,20.83,75.8,Normal,0,4.85,1018.6,532.68,0.579,308.42
2025-09-11 22:45:00,Thursday,False,Night,21.96,72.1,Normal,0,4.69,1010.7,491.9,0.586,288.25
2025-09-11 23:00:00,Thursday,False,Night,22.53,71.9,Normal,0,4.75,995.2,511.25,0.588,300.62
2025-09-11 23:15:00,Thursday,False,Night,24.71,65.0,Normal,0,4.4,970.6,450.36,0.565,254.45
2025-09-11 23:30:00,Thursday,False,Night,21.98,66.8,Normal,0,4.51,981.3,464.67,0.577,268.11
2025-09-11 23:45:00,Thursday,False,Night,24.58,67.2,Normal,0,4.68,982.9,470.81,0.577,271.66
2025-09-12 00:00:00,Friday,False,Night,23.95,64.1,Normal,0,4.13,988.5,452.96,0.588,266.34
2025-09-12 00:15:00,Friday,False,Night,24.48,64.2,Normal,0,4.28,989.8,464.11,0.584,271.04
2025-09-12 00:30:00,Friday,False,Night,24.57,65.5,Normal,0,4.58,977.6,458.38,0.585,268.15
2025-09-12 00:45:00,Friday,False,Night,25.16,62.1,Normal,0,4.41,971.7,453.53,0.604,273.93
2025-09-12 01:00:00,Friday,False,Night,25.0,62.0,Normal,0,4.16,965.6,432.34,0.592,255.95
2025-09-12 01:15:00,Friday,False,Night,26.6,56.7,Normal,0,4.16,966.5,417.17,0.594,247.8
2025-09-12 01:30:00,Friday,False,Night,25.38,72.1,Normal,0,4.97,1002.6,506.28,0.599,303.26
2025-09-12 01:45:00,Friday,False,Night,26.94,78.0,Normal,0,5.03,1025.3,537.09,0.603,323.87
2025-09-12 02:00:00,Friday,False,Night,25.81,78.4,Normal,0,4.9,1023.0,561.13,0.604,338.92
2025-09-12 02:15:00,Friday,False,Night,26.56,84.2,Normal,0,5.44,1039.0,582.85,0.614,357.87
2025-09-12 02:30:00,Friday,False,Night,26.01,70.4,Normal,0,4.96,986.9,486.56,0.586,285.12
2025-09-12 02:45:00,Friday,False,Night,27.49,54.8,Normal,0,3.86,956.4,374.78,0.603,225.99
2025-09-12 03:00:00,Friday,False,Night,28.52,54.0,Normal,0,3.96,967.8,398.73,0.599,238.84
2025-09-12 03:15:00,Friday,False,Night,27.52,47.4,Normal,0,3.82,938.6,364.35,0.597,217.52
2025-09-12 03:30:00,Friday,False,Night,27.64,48.4,Normal,0,3.72,932.5,355.47,0.608,216.13
2025-09-12 03:45:00,Friday,False,Night,27.09,52.0,Normal,0,3.6,960.5,359.29,0.613,220.24
2025-09-12 04:00:00,Friday,False,Night,27.97,59.5,Normal,0,4.27,968.9,419.69,0.593,248.88
2025-09-12 04:15:00,Friday,False,Night,27.04,53.6,Normal,0,3.79,966.5,377.88,0.615,232.4
2025-09-12 04:30:00,Friday,False,Night,27.72,57.8,Normal,0,3.94,968.9,394.71,0.583,230.12
2025-09-12 04:45:00,Friday,False,Night,28.74,59.1,Normal,0,3.93,970.9,406.82,0.602,244.91
2025-09-12 05:00:00,Friday,False,Night,29.71,62.2,Normal,0,4.51,992.6,445.28,0.586,260.93
2025-09-12 05:15:00,Friday,False,Night,30.98,59.8,Normal,0,4.1,966.3,412.01,0.587,241.85
2025-09-12 05:30:00,Friday,False,Night,28.32,69.1,Normal,0,4.69,1009.3,485.59,0.593,287.95
2025-09-12 05:45:00,Friday,False,Night,29.96,68.3,Normal,0,4.69,992.0,459.02,0.586,268.99
2025-09-12 06:00:00,Friday,False,Day,29.02,92.9,Normal,0,5.72,1059.2,668.7,0.56,374.47
2025-09-12 06:15:00,Friday,False,Day,28.7,86.9,Normal,0,5.47,1044.0,602.94,0.592,356.94
2025-09-12 06:30:00,Friday,False,Day,29.13,90.8,Normal,0,5.66,1049.3,644.79,0.592,381.72
2025-09-12 06:45:00,Friday,False,Day,28.78,89.3,Normal,0,5.56,1042.6,625.79,0.58,362.96
2025-09-12 07:00:00,Friday,False,Day,28.75,86.5,Normal,0,5.3,1038.7,604.83,0.576,348.38
2025-09-12 07:15:00,Friday,False,Day,28.24,89.8,Normal,0,5.43,1041.4,613.42,0.572,350.88
2025-09-12 07:30:00,Friday,False,Day,27.33,87.0,Normal,0,5.42,1057.5,600.07,0.556,333.64
2025-09-12 07:45:00,Friday,False,Day,27.08,70.5,Normal,0,4.69,996.5,482.21,0.552,266.18
2025-09-12 08:00:00,Friday,False,Day,28.68,53.5,Normal,0,4.0,968.4,384.59,0.575,221.14
2025-09-12 08:15:00,Friday,False,Day,27.76,64.5,Normal,0,4.6,994.1,467.62,0.575,268.88
2025-09-12 08:30:00,Friday,False,Day,27.32,74.0,Normal,0,4.91,1012.2,519.36,0.567,294.48
2025-09-12 08:45:00,Friday,False,Day,27.59,86.3,Normal,0,5.28,1039.1,590.19,0.561,331.1
2025-09-12 09:00:00,Friday,False,Day,28.0,85.7,Normal,0,5.05,1040.6,592.22,0.562,332.83
2025-09-12 09:15:00,Friday,False,Day,27.27,77.5,Normal,0,4.9,1022.5,535.63,0.558,298.88
2025-09-12 09:30:00,Friday,False,Day,26.35,75.5,Normal,0,4.73,1013.0,517.18,0.54,279.28
2025-09-12 09:45:00,Friday,False,Day,27.59,76.3,Normal,0,4.85,1002.7,526.62,0.547,288.06
2025-09-12 10:00:00,Friday,False,Day,27.59,71.0,Normal,0,4.76,987.4,500.61,0.538,269.33
2025-09-12 10:15:00,Friday,False,Day,26.43,82.2,Normal,0,5.24,1041.1,565.58,0.535,302.59
2025-09-12 10:30:00,Friday,False,Day,26.52,95.6,Normal,0,6.09,1041.5,671.91,0.546,366.86
2025-09-12 10:45:00,Friday,False,Day,26.43,96.8,Normal,0,5.93,1067.1,692.55,0.548,379.52
2025-09-12 11:00:00,Friday,False,Day,26.03,95.0,Normal,0,6.07,1058.8,677.0,0.505,341.88
2025-09-12 11:15:00,Friday,False,Day,25.29,85.7,Normal,0,5.48,1038.2,611.69,0.523,319.91
2025-09-12 11:30:00,Friday,False,Day,24.96,94.5,Normal,0,5.92,1049.5,679.84,0.52,353.52
2025-09-12 11:45:00,Friday,False,Day,24.57,93.5,Normal,0,5.66,1058.6,641.19,0.532,341.11
2025-09-12 12:00:00,Friday,False,Day,22.95,90.4,Normal,0,5.42,1048.4,631.94,0.503,317.87
2025-09-12 12:15:00,Friday,False,Day,24.06,92.2,Normal,0,5.59,1074.2,641.01,0.485,310.89
2025-09-12 12:30:00,Friday,False,Day,22.09,87.5,Normal,0,5.45,1039.9,598.04,0.521,311.58
2025-09-12 12:45:00,Friday,False,Day,22.22,87.7,Normal,0,5.37,1050.2,602.81,0.521,314.06
2025-09-12 13:00:00,Friday,False,Day,23.58,78.4,Normal,0,4.91,1005.3,537.66,0.491,263.99
2025-09-12 13:15:00,Friday,False,Day,22.89,85.3,Normal,0,5.42,1042.1,592.64,0.506,299.88
2025-09-12 13:30:00,Friday,False,Day,23.1,84.3,Normal,0,5.17,1033.4,577.99,0.521,301.13
2025-09-12 13:45:00,Friday,False,Day,21.4,91.0,Normal,0,5.38,1049.2,632.22,0.493,311.68
2025-09-12 14:00:00,Friday,False,Evening,20.41,82.7,Normal,0,5.08,1027.7,596.41,0.504,300.59
2025-09-12 14:15:00,Friday,False,Evening,20.86,81.1,Normal,0,5.14,1035.5,546.47,0.507,277.06
2025-09-12 14:30:00,Friday,False,Evening,20.86,73.2,Normal,0,4.68,1004.1,516.94,0.487,251.75
2025-09-12 14:45:00,Friday,False,Evening,20.59,78.1,Normal,0,5.01,1007.8,540.67,0.495,267.63
2025-09-12 15:00:00,Friday,False,Evening,21.2,72.6,Normal,0,4.89,,500.83,0.483,241.9
2025-09-12 15:15:00,Friday,False,Evening,19.78,70.1,Normal,0,4.77,1000.0,468.85,0.498,233.49
2025-09-12 15:30:00,Friday,False,Evening,20.14,70.8,Normal,0,4.62,999.1,497.87,0.492,244.95
2025-09-12 15:45:00,Friday,False,Evening,18.88,72.1,Normal,0,4.58,985.5,481.5,0.502,241.71
2025-09-12 16:00:00,Friday,False,Evening,19.86,62.4,Normal,0,4.25,978.4,443.75,0.507,224.98
2025-09-12 16:15:00,Friday,False,Evening,19.35,62.6,Normal,0,4.45,965.7,456.54,0.515,235.12
2025-09-12 16:30:00,Friday,False,Evening,18.61,69.0,Normal,0,4.77,993.3,469.44,0.526,246.93
2025-09-12 16:45:00,Friday,False,Evening,18.9,67.6,Normal,0,4.63,980.1,482.53,0.506,244.16
2025-09-12 17:00:00,Friday,False,Evening,18.85,67.2,Normal,0,4.74,983.2,471.1,0.502,236.49
2025-09-12 17:15:00,Friday,False,Evening,18.71,69.3,Normal,0,4.91,986.3,464.98,0.502,233.42
2025-09-12 17:30:00,Friday,False,Evening,20.29,69.3,Normal,0,4.58,1004.0,469.35,0.498,233.74
2025-09-12 17:45:00,Friday,False,Evening,18.76,63.9,Normal,0,,980.4,452.32,0.514,232.49
2025-09-12 18:00:00,Friday,False,Evening,18.63,65.2,Normal,0,4.43,990.4,458.83,0.507,232.63
2025-09-12 18:15:00,Friday,False,Evening,17.16,72.4,Normal,0,4.94,1020.3,491.1,0.519,254.88
2025-09-12 18:30:00,Friday,False,Evening,18.15,66.5,Normal,0,4.63,983.5,465.33,0.507,235.92
2025-09-12 18:45:00,Friday,False,Evening,18.71,65.4,Normal,0,4.18,992.9,459.85,0.514,236.36
2025-09-12 19:00:00,Friday,False,Evening,18.45,58.4,Normal,0,4.01,957.6,418.45,0.526,220.1
2025-09-12 19:15:00,Friday,False,Evening,20.2,66.2,Normal,0,4.33,994.1,454.67,0.523,237.79
2025-09-12 19:30:00,Friday,False,Evening,19.08,66.8,Normal,0,4.27,978.2,464.15,0.508,235.79
2025-09-12 19:45:00,Friday,False,Evening,20.37,62.8,Normal,0,4.49,975.5,452.43,0.53,239.79
2025-09-12 20:00:00,Friday,False,Evening,19.55,64.9,Normal,0,4.76,984.6,467.18,0.525,245.27
2025-09-12 20:15:00,Friday,False,Evening,19.7,59.0,Normal,0,4.15,971.2,424.09,0.548,232.4
2025-09-12 20:30:00,Friday,False,Evening,19.79,54.9,Normal,0,4.13,945.3,392.95,0.549,215.73
2025-09-12 20:45:00,Friday,False,Evening,20.07,48.7,Normal,0,3.93,933.3,356.06,0.52,185.15
2025-09-12 21:00:00,Friday,False,Evening,21.67,45.5,Normal,0,3.59,938.4,339.06,0.554,187.84
2025-09-12 21:15:00,Friday,False,Evening,18.67,57.3,Normal,0,4.1,957.6,396.78,0.553,219.42
2025-09-12 21:30:00,Friday,False,Evening,19.18,55.2,Normal,0,3.97,944.6,401.5,0.537,215.61
2025-09-12 21:45:00,Friday,False,Evening,20.61,60.5,Normal,0,4.33,969.6,410.83,0.564,231.71
2025-09-12 22:00:00,Friday,False,Night,21.34,49.3,Normal,0,3.87,941.8,354.41,0.546,193.51
2025-09-12 22:15:00,Friday,False,Night,22.17,7.14411596617464,Stopped,0,1.72,602.4,44.31,0.573,25.39
2025-09-12 22:30:00,Friday,False,Night,22.29,51.4,Normal,0,3.9,953.0,375.7,0.559,210.02
2025-09-12 22:45:00,Friday,False,Night,21.91,53.6,Normal,0,3.93,957.7,389.3,0.553,215.28
2025-09-12 23:00:00,Friday,False,Night,23.35,55.7,Normal,0,3.8,954.2,405.5,0.592,240.06
2025-09-12 23:15:00,Friday,False,Night,23.68,71.1,Normal,0,4.87,995.8,496.98,0.559,277.81
2025-09-12 23:30:00,Friday,False,Night,23.32,74.5,Normal,0,4.69,1014.7,507.02,0.569,288.49
2025-09-12 23:45:00,Friday,False,Night,24.27,70.2,Normal,0,4.78,993.0,487.77,0.574,279.98
2025-09-13 00:00:00,Saturday,True,Night,24.12,49.0,Normal,0,3.84,941.0,336.23,0.578,194.34
2025-09-13 00:15:00,Saturday,True,Night,23.78,61.1,Normal,0,4.11,962.1,411.94,0.592,243.87
2025-09-13 00:30:00,Saturday,True,Night,25.11,49.2,Normal,0,3.64,945.3,326.45,0.588,191.95
2025-09-13 00:45:00,Saturday,True,Night,24.97,43.4,Normal,0,3.78,933.6,310.05,0.599,185.72
2025-09-13 01:00:00,Saturday,True,Night,25.2,41.9,Normal,0,3.38,911.5,312.35,0.595,185.85
2025-09-13 01:15:00,Saturday,True,Night,26.69,39.5,Normal,0,3.1,913.9,282.54,0.576,162.74
2025-09-13 01:30:00,Saturday,True,Night,23.85,38.0,Normal,0,3.33,905.1,267.19,0.6,160.31
2025-09-13 01:45:00,Saturday,True,Night,24.98,30.7,Normal,0,2.74,905.4,233.71,0.598,139.76
2025-09-13 02:00:00,Saturday,True,Night,25.45,40.6,Normal,0,3.04,909.0,261.73,0.591,154.68
2025-09-13 02:15:00,Saturday,True,Night,26.39,32.4,Normal,0,3.02,903.9,248.22,0.619,153.65
2025-09-13 02:30:00,Saturday,True,Night,26.74,32.5,Normal,0,2.81,910.8,262.46,0.605,158.79
2025-09-13 02:45:00,Saturday,True,Night,25.99,40.0,Normal,0,3.35,924.7,276.41,0.609,168.33
2025-09-13 03:00:00,Saturday,True,Night,26.65,40.2,Normal,0,3.19,920.7,271.39,0.61,165.55
2025-09-13 03:15:00,Saturday,True,Night,26.97,34.6,Normal,0,3.15,913.2,254.32,0.596,151.57
2025-09-13 03:30:00,Saturday,True,Night,29.83,27.5,Normal,0,2.73,903.3,233.55,0.606,141.53
2025-09-13 03:45:00,Saturday,True,Night,29.5,28.0,Normal,0,2.34,895.1,235.62,0.603,142.08
2025-09-13 04:00:00,Saturday,True,Night,27.9,25.3,Normal,0,2.65,870.1,216.45,0.594,128.57
2025-09-13 04:15:00,Saturday,True,Night,28.1,28.6,Normal,0,2.71,905.6,215.52,0.586,126.29
2025-09-13 04:30:00,Saturday,True,Night,27.6,22.0,Normal,0,2.64,882.7,200.56,0.598,119.93
2025-09-13 04:45:00,Saturday,True,Night,27.11,29.4,Normal,0,2.85,897.3,251.23,0.602,151.24
2025-09-13 05:00:00,Saturday,True,Night,28.64,31.7,Normal,0,3.02,888.7,241.67,0.595,143.79
2025-09-13 05:15:00,Saturday,True,Night,28.01,34.2,Normal,0,2.92,907.9,256.05,0.592,151.58
2025-09-13 05:30:00,Saturday,True,Night,28.79,43.9,Normal,0,3.37,928.2,308.66,0.592,182.73
2025-09-13 05:45:00,Saturday,True,Night,27.61,41.2,Normal,0,3.36,917.8,277.71,0.587,163.02
2025-09-13 06:00:00,Saturday,True,Day,28.29,51.0,Normal,0,3.76,951.4,358.39,0.604,216.47
2025-09-13 06:15:00,Saturday,True,Day,29.01,48.5,Normal,0,3.9,942.6,346.8,0.589,204.27
2025-09-13 06:30:00,Saturday,True,Day,29.15,48.3,Normal,0,3.67,942.7,313.24,0.579,181.37
2025-09-13 06:45:00,Saturday,True,Day,29.14,48.8,Normal,0,3.53,953.6,320.59,0.563,180.49
2025-09-13 07:00:00,Saturday,True,Day,27.68,44.8,Normal,0,3.41,938.6,302.21,0.577,174.38
2025-09-13 07:15:00,Saturday,True,Day,29.32,34.1,Normal,0,3.17,907.1,266.15,0.57,151.71
2025-09-13 07:30:00,Saturday,True,Day,27.88,33.5,Normal,0,2.97,903.5,244.82,0.567,138.81
2025-09-13 07:45:00,Saturday,True,Day,28.89,38.5,Normal,0,3.2,918.1,282.57,0.579,163.61
2025-09-13 08:00:00,Saturday,True,Day,28.22,41.5,Normal,0,3.53,926.7,296.45,0.568,168.38
2025-09-13 08:15:00,Saturday,True,Day,26.96,50.6,Normal,0,3.66,955.1,345.69,0.547,189.09
2025-09-13 08:30:00,Saturday,True,Day,27.62,63.1,Normal,0,4.04,973.9,422.05,0.567,239.3
2025-09-13 08:45:00,Saturday,True,Day,27.95,66.9,Normal,0,4.41,1003.7,449.6,0.542,243.68
2025-09-13 09:00:00,Saturday,True,Day,27.93,74.0,Normal,0,4.9,1014.4,496.83,0.561,278.72
2025-09-13 09:15:00,Saturday,True,Day,27.09,76.6,Normal,0,4.94,993.7,514.73,0.546,281.04
2025-09-13 09:30:00,Saturday,True,Day,28.17,84.5,Normal,0,5.09,1036.9,568.33,0.549,312.01
2025-09-13 09:45:00,Saturday,True,Day,27.49,92.3,Normal,0,5.82,1063.5,629.95,0.544,342.69
2025-09-13 10:00:00,Saturday,True,Day,26.2,93.8,Normal,0,5.76,1061.0,636.49,0.54,343.7
2025-09-13 10:15:00,Saturday,True,Day,26.71,93.6,Normal,0,5.78,1054.5,658.11,0.54,355.38
2025-09-13 10:30:00,Saturday,True,Day,27.36,88.0,Normal,0,5.54,1043.8,592.76,0.536,317.72
2025-09-13 10:45:00,Saturday,True,Day,27.08,84.0,Normal,0,5.11,1035.5,576.92,0.55,317.31
2025-09-13 11:00:00,Saturday,True,Day,24.21,78.7,Normal,0,5.11,1024.7,522.79,0.531,277.6
2025-09-13 11:15:00,Saturday,True,Day,24.14,79.9,Normal,0,5.26,1010.1,546.58,0.528,288.59
2025-09-13 11:30:00,Saturday,True,Day,25.74,72.8,Normal,0,4.98,1000.2,508.17,0.516,262.22
2025-09-13 11:45:00,Saturday,True,Day,23.38,69.8,Normal,0,4.78,1008.7,466.83,0.524,244.62
2025-09-13 12:00:00,Saturday,True,Day,22.84,54.1,Normal,0,4.04,956.2,362.39,0.508,184.09
2025-09-13 12:15:00,Saturday,True,Day,23.19,64.8,Normal,0,4.19,995.2,426.4,0.527,224.71
2025-09-13 12:30:00,Saturday,True,Day,23.59,62.5,Normal,0,4.34,1001.4,421.28,0.498,209.8
2025-09-13 12:45:00,Saturday,True,Day,22.84,64.6,Normal,0,4.3,978.2,433.44,0.503,218.02
2025-09-13 13:00:00,Saturday,True,Day,22.09,72.4,Normal,0,4.98,991.5,486.92,0.493,240.05
2025-09-13 13:15:00,Saturday,True,Day,21.76,72.4,Normal,0,4.96,998.7,483.33,0.511,246.98
2025-09-13 13:30:00,Saturday,True,Day,21.42,79.2,Normal,0,4.95,1026.3,549.47,0.501,275.28
2025-09-13 13:45:00,Saturday,True,Day,20.99,69.1,Normal,0,4.63,1001.9,460.99,0.511,235.57
2025-09-13 14:00:00,Saturday,True,Evening,23.23,62.0,Normal,0,4.36,994.2,412.38,0.493,203.3
2025-09-13 14:15:00,Saturday,True,Evening,21.36,79.5,Normal,0,5.24,1017.9,544.6,0.507,276.11
2025-09-13 14:30:00,Saturday,True,Evening,21.57,77.4,Normal,0,4.76,1017.1,523.35,0.507,265.34
2025-09-13 14:45:00,Saturday,True,Evening,20.21,82.8,Normal,0,4.92,1019.9,565.19,0.503,284.29
2025-09-13 15:00:00,Saturday,True,Evening,20.22,71.9,Normal,0,4.77,978.3,498.87,0.5,249.44
2025-09-13 15:15:00,Saturday,True,Evening,19.57,67.7,Normal,0,4.2,987.0,449.68,0.501,225.29
2025-09-13 15:30:00,Saturday,True,Evening,17.81,74.4,Normal,0,4.9,993.4,494.81,0.491,242.95
2025-09-13 15:45:00,Saturday,True,Evening,18.64,60.3,Normal,0,4.33,973.2,388.35,0.49,190.29
2025-09-13 16:00:00,Saturday,True,Evening,18.12,62.6,Normal,0,4.53,958.3,412.6,0.506,208.78
2025-09-13 16:15:00,Saturday,True,Evening,17.62,64.4,Normal,0,4.34,971.6,431.42,0.498,214.85
2025-09-13 16:30:00,Saturday,True,Evening,18.33,74.6,Normal,0,4.91,1005.7,488.22,0.507,247.53
2025-09-13 16:45:00,Saturday,True,Evening,20.23,62.3,Normal,0,4.43,977.3,404.24,0.519,209.8
2025-09-13 17:00:00,Saturday,True,Evening,19.04,70.6,Normal,0,4.53,993.8,469.72,0.5,234.86
2025-09-13 17:15:00,Saturday,True,Evening,20.03,64.9,Normal,0,4.59,995.6,446.24,0.5,223.12
2025-09-13 17:30:00,Saturday,True,Evening,19.27,60.5,Normal,0,4.29,981.6,405.91,0.505,204.98
2025-09-13 17:45:00,Saturday,True,Evening,19.54,52.0,Normal,0,3.77,942.6,361.72,0.51,184.48
2025-09-13 18:00:00,Saturday,True,Evening,18.18,45.4,Normal,0,3.58,943.3,324.26,0.518,167.97
2025-09-13 18:15:00,Saturday,True,Evening,19.33,48.5,Normal,0,3.68,953.2,346.64,0.514,178.17
2025-09-13 18:30:00,Saturday,True,Evening,19.53,42.1,Normal,0,3.52,922.3,322.13,0.537,172.98
2025-09-13 18:45:00,Saturday,True,Evening,18.54,47.6,Normal,0,3.61,936.6,354.45,0.523,185.38
2025-09-13 19:00:00,Saturday,True,Evening,19.52,44.1,Normal,0,3.53,927.9,317.33,0.529,167.87
2025-09-13 19:15:00,Saturday,True,Evening,19.62,37.6,Normal,0,3.1,906.9,267.42,0.524,140.13
2025-09-13 19:30:00,Saturday,True,Evening,18.84,36.0,Normal,0,2.97,903.1,263.24,0.537,141.36
2025-09-13 19:45:00,Saturday,True,Evening,18.52,39.9,Normal,0,3.33,927.5,303.44,0.528,160.22
2025-09-13 20:00:00,Saturday,True,Evening,18.62,39.5,Normal,0,3.15,919.5,273.15,0.527,143.95
2025-09-13 20:15:00,Saturday,True,Evening,19.81,41.1,Normal,0,3.48,916.6,309.27,0.545,168.55
2025-09-13 20:30:00,Saturday,True,Evening,20.2,46.5,Normal,0,3.7,927.4,322.36,0.539,173.75
2025-09-13 20:45:00,Saturday,True,Evening,19.51,53.5,Normal,0,3.82,945.7,363.56,0.545,198.14
2025-09-13 21:00:00,Saturday,True,Evening,20.39,51.4,Normal,0,3.87,945.9,343.82,0.556,191.16
2025-09-13 21:15:00,Saturday,True,Evening,21.06,45.0,Normal,0,3.42,939.1,299.8,0.55,164.89
2025-09-13 21:30:00,Saturday,True,Evening,21.35,46.2,Normal,0,3.35,928.1,313.64,0.551,172.82
2025-09-13 21:45:00,Saturday,True,Evening,22.37,49.6,Normal,0,3.66,951.5,352.91,0.55,194.1
2025-09-13 22:00:00,Saturday,True,Night,22.42,33.0,Normal,0,2.96,904.4,243.17,0.569,138.36
2025-09-13 22:15:00,Saturday,True,Night,20.89,28.9,Normal,0,2.85,892.5,247.14,0.559,138.15
2025-09-13 22:30:00,Saturday,True,Night,23.34,26.3,Normal,0,2.67,895.0,212.33,0.565,119.97
2025-09-13 22:45:00,Saturday,True,Night,21.87,27.0,Normal,0,2.81,894.1,212.46,0.571,121.31
2025-09-13 23:00:00,Saturday,True,Night,23.44,24.4,Normal,0,2.4,870.9,206.75,0.574,118.67
2025-09-13 23:15:00,Saturday,True,Night,22.98,30.8,Normal,0,2.81,889.1,244.25,0.584,142.64
2025-09-13 23:30:00,Saturday,True,Night,22.92,22.7,Normal,0,2.71,875.6,205.87,0.576,118.58
2025-09-13 23:45:00,Saturday,True,Night,22.13,15.6,Normal,0,1.81,862.0,163.76,0.593,97.11
2025-09-14 00:00:00,Sunday,True,Night,23.82,16.9,Normal,0,2.1,874.6,188.82,0.58,109.52
2025-09-14 00:15:00,Sunday,True,Night,23.04,19.0,Normal,0,2.12,,180.76,0.588,106.29
2025-09-14 00:30:00,Sunday,True,Night,25.38,13.1,Normal,0,1.94,869.1,152.38,0.585,89.14
2025-09-14 00:45:00,Sunday,True,Night,26.15,13.1,Normal,0,1.91,850.4,143.72,0.61,87.67
2025-09-14 01:00:00,Sunday,True,Night,24.61,14.3,Normal,0,2.12,853.5,175.66,0.588,103.29
2025-09-14 01:15:00,Sunday,True,Night,25.81,15.4,Normal,0,2.13,859.1,162.87,0.59,96.09
2025-09-14 01:30:00,Sunday,True,Night,25.29,19.6,Normal,0,2.11,865.1,178.12,0.596,106.16
2025-09-14 01:45:00,Sunday,True,Night,25.66,18.4,Normal,0,2.16,878.2,189.74,0.593,112.52
2025-09-14 02:00:00,Sunday,True,Night,27.08,30.2,Normal,0,2.83,877.4,255.06,0.6,153.04
2025-09-14 02:15:00,Sunday,True,Night,26.7,34.7,Normal,0,3.16,906.5,263.42,0.61,160.69
2025-09-14 02:30:00,Sunday,True,Night,28.39,30.9,Normal,0,3.23,911.5,245.84,0.6,147.5
2025-09-14 02:45:00,Sunday,True,Night,26.87,32.9,Normal,0,3.07,903.6,251.64,0.601,151.24
2025-09-14 03:00:00,Sunday,True,Night,28.29,34.8,Normal,0,2.9,920.6,253.22,0.598,151.43
2025-09-14 03:15:00,Sunday,True,Night,27.79,43.1,Normal,0,3.44,950.0,302.09,0.595,179.74
2025-09-14 03:30:00,Sunday,True,Night,28.56,39.5,Normal,0,3.31,924.6,281.87,0.601,169.4
2025-09-14 03:45:00,Sunday,True,Night,27.76,44.5,Normal,0,3.44,945.2,320.71,0.6,192.43
2025-09-14 04:00:00,Sunday,True,Night,28.25,44.6,Normal,0,3.59,955.9,314.73,0.611,192.3
2025-09-14 04:15:00,Sunday,True,Night,28.35,53.3,Normal,0,3.58,961.5,370.83,0.589,218.42
2025-09-14 04:30:00,Sunday,True,Night,27.91,59.8,Normal,0,4.3,973.8,403.09,0.612,246.69
2025-09-14 04:45:00,Sunday,True,Night,29.22,59.0,Normal,0,4.11,980.5,393.53,0.595,234.15
2025-09-14 05:00:00,Sunday,True,Night,29.31,55.5,Normal,0,4.01,974.1,389.75,0.597,232.68
2025-09-14 05:15:00,Sunday,True,Night,29.34,57.1,Normal,0,4.32,968.3,390.43,0.583,227.62
2025-09-14 05:30:00,Sunday,True,Night,30.14,54.3,Normal,0,3.78,958.4,364.29,0.598,217.85
2025-09-14 05:45:00,Sunday,True,Night,30.11,63.0,Normal,0,4.41,997.7,425.45,0.581,247.19
2025-09-14 06:00:00,Sunday,True,Day,28.66,75.1,Normal,0,5.03,1010.9,520.22,0.592,307.97
2025-09-14 06:15:00,Sunday,True,Day,29.24,70.5,Normal,0,4.73,1011.6,476.57,0.589,280.7
2025-09-14 06:30:00,Sunday,True,Day,28.41,66.1,Normal,0,4.26,992.5,451.36,0.58,261.79
2025-09-14 06:45:00,Sunday,True,Day,28.88,57.7,Normal,0,4.33,984.4,392.41,0.561,220.14
2025-09-14 07:00:00,Sunday,True,Day,28.31,61.0,Normal,0,4.24,970.8,420.14,0.6,252.08
2025-09-14 07:15:00,Sunday,True,Day,29.99,55.6,Normal,0,3.95,958.6,377.53,0.565,213.3
2025-09-14 07:30:00,Sunday,True,Day,28.87,62.3,Normal,0,4.29,988.1,427.26,0.576,246.1
2025-09-14 07:45:00,Sunday,True,Day,28.27,53.9,Normal,0,3.89,950.7,374.6,0.563,210.9
2025-09-14 08:00:00,Sunday,True,Day,29.24,55.1,Normal,0,3.83,964.5,361.54,0.577,208.61
2025-09-14 08:15:00,Sunday,True,Day,26.38,4.839255367681372,Stopped,0,1.54,663.0,33.4,0.56,18.7
2025-09-14 08:30:00,Sunday,True,Day,26.31,48.7,Normal,0,3.62,930.9,342.8,0.553,189.57
2025-09-14 08:45:00,Sunday,True,Day,28.35,61.8,Normal,0,4.41,982.8,428.67,0.563,241.34
2025-09-14 09:00:00,Sunday,True,Day,27.54,58.7,Normal,0,4.25,980.9,410.73,0.542,222.62
2025-09-14 09:15:00,Sunday,True,Day,27.45,59.3,Normal,0,4.44,972.4,405.1,0.547,221.59
2025-09-14 09:30:00,Sunday,True,Day,25.94,62.5,Normal,0,4.31,972.0,433.98,0.555,240.86
2025-09-14 09:45:00,Sunday,True,Day,26.72,66.2,Normal,0,4.39,987.2,434.76,0.56,243.47
2025-09-14 10:00:00,Sunday,True,Day,28.06,66.7,Normal,0,4.31,984.9,427.52,0.532,227.44
2025-09-14 10:15:00,Sunday,True,Day,26.83,71.5,Normal,0,5.08,1003.2,482.09,0.532,256.47
2025-09-14 10:30:00,Sunday,True,Day,26.01,72.9,Normal,0,4.91,1003.2,501.85,0.538,270.0
2025-09-14 10:45:00,Sunday,True,Day,25.21,81.6,Normal,0,5.09,1022.5,536.01,0.512,274.44
2025-09-14 11:00:00,Sunday,True,Day,24.93,81.7,Normal,0,5.46,1030.3,540.07,0.542,292.72
2025-09-14 11:15:00,Sunday,True,Day,23.23,90.6,Normal,0,5.8,1060.1,602.95,0.516,311.12
2025-09-14 11:30:00,Sunday,True,Day,24.82,91.9,Normal,0,5.45,1054.6,629.37,0.519,326.64
2025-09-14 11:45:00,Sunday,True,Day,24.96,76.9,Normal,0,4.88,1025.4,500.24,0.523,261.63
2025-09-14 12:00:00,Sunday,True,Day,22.7,90.2,Normal,0,5.55,1058.7,618.4,0.518,320.33
2025-09-14 12:15:00,Sunday,True,Day,23.1,82.8,Normal,0,5.09,1023.2,551.1,0.506,278.86
2025-09-14 12:30:00,Sunday,True,Day,22.38,88.6,Normal,0,5.49,1044.0,592.49,0.53,314.02
2025-09-14 12:45:00,Sunday,True,Day,22.21,85.0,Normal,0,5.45,1029.3,565.21,0.485,274.13
2025-09-14 13:00:00,Sunday,True,Day,22.7,88.0,Normal,0,5.27,1028.7,593.19,0.498,295.41
2025-09-14 13:15:00,Sunday,True,Day,20.68,80.2,Normal,0,5.18,1022.3,532.31,0.501,266.69
2025-09-14 13:30:00,Sunday,True,Day,22.53,81.1,Normal,0,5.35,1014.8,547.79,0.496,271.7
2025-09-14 13:45:00,Sunday,True,Day,22.35,76.7,Normal,0,5.04,1015.9,519.65,0.516,268.14
2025-09-14 14:00:00,Sunday,True,Evening,21.26,77.8,Normal,0,5.02,1001.5,526.85,0.486,256.05
2025-09-14 14:15:00,Sunday,True,Evening,19.19,77.2,Normal,0,4.9,1012.1,525.15,0.518,272.03
2025-09-14 14:30:00,Sunday,True,Evening,20.12,79.7,Normal,0,5.24,1005.2,538.15,0.498,268.0
2025-09-14 14:45:00,Sunday,True,Evening,21.65,63.3,Normal,0,4.2,983.4,411.3,0.487,200.3
2025-09-14 15:00:00,Sunday,True,Evening,18.2,61.3,Normal,0,4.33,967.1,416.81,0.479,199.65
2025-09-14 15:15:00,Sunday,True,Evening,19.92,62.5,Normal,0,4.35,970.7,425.76,0.498,212.03
2025-09-14 15:30:00,Sunday,True,Evening,19.05,62.5,Normal,0,4.51,982.9,421.23,0.493,207.67
2025-09-14 15:45:00,Sunday,True,Evening,20.44,66.9,Normal,0,4.46,983.4,443.28,0.503,222.97
2025-09-14 16:00:00,Sunday,True,Evening,19.09,62.8,Normal,0,4.28,975.6,444.68,0.496,220.56
2025-09-14 16:15:00,Sunday,True,Evening,19.8,61.6,Normal,0,4.12,970.7,397.33,0.511,203.04
2025-09-14 16:30:00,Sunday,True,Evening,19.79,67.5,Normal,0,4.64,991.0,458.27,0.501,229.59
2025-09-14 16:45:00,Sunday,True,Evening,20.69,51.8,Normal,0,3.79,956.8,363.74,0.499,181.51
2025-09-14 17:00:00,Sunday,True,Evening,18.96,55.2,Normal,0,3.88,962.3,368.77,0.514,189.55
2025-09-14 17:15:00,Sunday,True,Evening,19.35,52.7,Normal,0,3.78,945.9,354.95,0.508,180.31
2025-09-14 17:30:00,Sunday,True,Evening,17.81,47.1,Normal,0,3.72,944.1,324.54,0.516,167.46
2025-09-14 17:45:00,Sunday,True,Evening,19.92,49.5,Normal,0,3.58,934.8,336.63,0.521,175.38
2025-09-14 18:00:00,Sunday,True,Evening,18.35,57.1,Normal,0,3.95,953.9,391.4,0.509,199.22
2025-09-14 18:15:00,Sunday,True,Evening,18.52,62.6,Normal,0,4.48,972.7,420.25,0.514,216.01
2025-09-14 18:30:00,Sunday,True,Evening,18.98,60.4,Normal,0,4.22,977.0,437.33,0.525,229.6
2025-09-14 18:45:00,Sunday,True,Evening,17.8,64.5,Normal,0,4.58,968.5,429.42,0.494,212.13
2025-09-14 19:00:00,Sunday,True,Evening,19.31,68.1,Normal,0,4.54,995.2,469.0,0.52,243.88
2025-09-14 19:15:00,Sunday,True,Evening,20.0,65.5,Normal,0,4.48,981.7,444.1,0.522,231.82
2025-09-14 19:30:00,Sunday,True,Evening,19.57,59.6,Normal,0,4.24,963.6,402.4,0.531,213.67
2025-09-14 19:45:00,Sunday,True,Evening,18.2,54.8,Normal,0,4.2,962.7,390.67,0.522,203.93
2025-09-14 20:00:00,Sunday,True,Evening,19.53,59.4,Normal,0,4.4,960.1,386.87,0.544,210.46
2025-09-14 20:15:00,Sunday,True,Evening,20.39,58.1,Normal,0,4.32,982.2,400.71,0.529,211.98
2025-09-14 20:30:00,Sunday,True,Evening,18.49,51.0,Normal,0,3.72,943.3,339.88,0.535,181.84
2025-09-14 20:45:00,Sunday,True,Evening,19.34,40.9,Normal,0,3.2,921.3,284.89,0.536,152.7
2025-09-14 21:00:00,Sunday,True,Evening,21.12,47.1,Normal,0,3.75,949.4,324.69,0.558,181.18
2025-09-14 21:15:00,Sunday,True,Evening,20.88,44.3,Normal,0,3.71,931.3,304.8,0.528,160.93
2025-09-14 21:30:00,Sunday,True,Evening,21.24,47.1,Normal,0,3.81,946.7,313.86,0.57,178.9
2025-09-14 21:45:00,Sunday,True,Evening,22.67,55.0,Normal,0,4.0,942.4,375.63,0.57,214.11
2025-09-14 22:00:00,Sunday,True,Night,21.83,38.6,Normal,0,3.35,912.8,280.6,0.553,155.17
2025-09-14 22:15:00,Sunday,True,Night,22.27,38.9,Normal,0,3.36,920.6,280.35,0.572,160.36
2025-09-14 22:30:00,Sunday,True,Night,24.21,38.4,Normal,0,3.25,926.4,287.28,0.566,162.6
2025-09-14 22:45:00,Sunday,True,Night,22.18,41.2,Normal,0,3.39,929.3,299.15,0.585,175.0
2025-09-14 23:00:00,Sunday,True,Night,22.02,48.8,Normal,0,3.73,947.4,334.34,0.581,194.25
2025-09-14 23:15:00,Sunday,True,Night,23.32,40.2,Normal,0,3.2,930.0,317.38,0.596,189.16
2025-09-14 23:30:00,Sunday,True,Night,23.65,43.9,Normal,0,3.39,934.9,317.33,0.561,178.02
2025-09-14 23:45:00,Sunday,True,Night,23.21,50.0,Normal,0,3.67,928.8,364.61,0.582,212.2
2025-09-15 00:00:00,Monday,False,Night,23.16,73.0,Normal,0,4.58,1015.0,499.33,0.565,282.12
2025-09-15 00:15:00,Monday,False,Night,26.16,71.6,Normal,0,4.77,995.6,499.75,0.579,289.36
2025-09-15 00:30:00,Monday,False,Night,24.9,73.7,Normal,0,4.84,1009.1,499.38,0.609,304.12
2025-09-15 00:45:00,Monday,False,Night,24.38,75.1,Normal,0,5.02,1011.1,520.08,0.594,308.93
2025-09-15 01:00:00,Monday,False,Night,26.02,77.7,Normal,0,5.21,1017.8,537.0,0.601,322.74
2025-09-15 01:15:00,Monday,False,Night,25.51,79.9,Normal,0,5.32,1013.7,587.8,0.598,351.5
2025-09-15 01:30:00,Monday,False,Night,25.7,72.6,Normal,0,5.01,989.0,499.89,0.599,299.43
2025-09-15 01:45:00,Monday,False,Night,26.65,78.0,Normal,0,4.92,1010.7,536.52,0.591,317.08
2025-09-15 02:00:00,Monday,False,Night,25.46,83.8,Normal,0,5.08,1038.9,565.19,0.59,333.46
2025-09-15 02:15:00,Monday,False,Night,27.05,83.0,Normal,0,5.4,1020.0,584.3,0.593,346.49
2025-09-15 02:30:00,Monday,False,Night,28.56,72.2,Normal,0,4.99,998.7,495.92,0.572,283.67
2025-09-15 02:45:00,Monday,False,Night,27.66,71.0,Normal,0,4.96,1005.4,507.2,0.599,303.81
2025-09-15 03:00:00,Monday,False,Night,27.22,71.8,Normal,0,4.84,995.5,481.77,0.602,290.03
2025-09-15 03:15:00,Monday,False,Night,27.34,64.5,Normal,0,4.14,981.2,443.83,0.594,263.64
2025-09-15 03:30:00,Monday,False,Night,27.63,62.8,Normal,0,4.41,982.2,422.34,0.599,252.98
2025-09-15 03:45:00,Monday,False,Night,27.94,54.9,Normal,0,4.08,964.3,387.53,0.605,234.46
2025-09-15 04:00:00,Monday,False,Night,28.02,60.2,Normal,0,4.43,966.9,423.27,0.608,257.35
2025-09-15 04:15:00,Monday,False,Night,29.21,62.1,Normal,0,4.54,982.1,433.4,0.587,254.41
2025-09-15 04:30:00,Monday,False,Night,27.22,52.9,Normal,0,4.04,959.6,376.39,0.59,222.07
2025-09-15 04:45:00,Monday,False,Night,29.41,56.8,Normal,0,4.0,957.7,409.78,0.604,247.51
2025-09-15 05:00:00,Monday,False,Night,28.51,57.8,Normal,0,3.98,971.4,427.68,0.601,257.04
2025-09-15 05:15:00,Monday,False,Night,29.19,62.2,Normal,0,4.41,975.5,440.45,0.607,267.35
2025-09-15 05:30:00,Monday,False,Night,28.04,60.5,Normal,0,4.13,977.1,414.53,0.605,250.79
2025-09-15 05:45:00,Monday,False,Night,30.04,56.6,Normal,0,4.3,973.7,406.38,0.614,249.52
2025-09-15 06:00:00,Monday,False,Day,29.99,67.3,Normal,0,4.31,993.2,460.92,0.585,269.64
2025-09-15 06:15:00,Monday,False,Day,29.75,65.9,Normal,0,4.58,998.3,470.88,0.602,283.47
2025-09-15 06:30:00,Monday,False,Day,27.73,67.9,Normal,0,4.64,1000.7,477.22,0.575,274.4
2025-09-15 06:45:00,Monday,False,Day,29.56,70.5,Normal,0,4.67,1009.6,474.5,0.605,287.07
2025-09-15 07:00:00,Monday,False,Day,29.14,70.7,Normal,0,4.57,1005.7,500.28,0.583,291.66
2025-09-15 07:15:00,Monday,False,Day,27.44,69.5,Normal,0,4.35,1006.9,488.29,0.581,283.7
2025-09-15 07:30:00,Monday,False,Day,28.59,68.9,Normal,0,4.55,1000.6,493.28,0.583,287.58
2025-09-15 07:45:00,Monday,False,Day,28.77,85.5,Normal,0,5.29,1025.8,588.05,0.556,326.96
2025-09-15 08:00:00,Monday,False,Day,28.76,80.5,Normal,0,5.32,1020.3,565.06,0.556,314.17
2025-09-15 08:15:00,Monday,False,Day,28.29,77.3,Normal,0,4.89,1016.6,522.74,0.565,295.35
2025-09-15 08:30:00,Monday,False,Day,28.19,97.7,Normal,0,5.97,1068.5,689.24,0.564,388.73
2025-09-15 08:45:00,Monday,False,Day,28.93,98.3,Normal,0,5.73,1074.2,694.01,0.578,401.14
2025-09-15 09:00:00,Monday,False,Day,28.51,88.1,Normal,0,5.55,1039.0,609.27,0.545,332.05
2025-09-15 09:15:00,Monday,False,Day,24.99,92.4,Normal,0,5.33,1069.5,645.79,0.566,365.52
2025-09-15 09:30:00,Monday,False,Day,26.78,85.7,Normal,0,5.69,1037.3,604.28,0.545,329.33
2025-09-15 09:45:00,Monday,False,Day,26.64,90.7,Normal,0,5.58,1050.4,629.58,0.542,341.23
2025-09-15 10:00:00,Monday,False,Day,25.09,88.4,Normal,0,5.08,1038.1,623.02,0.54,336.43
2025-09-15 10:15:00,Monday,False,Day,26.28,85.0,Normal,0,5.24,1027.9,586.96,0.535,314.02
2025-09-15 10:30:00,Monday,False,Day,26.9,94.3,Normal,0,5.62,1058.7,660.8,0.54,356.83
2025-09-15 10:45:00,Monday,False,Day,24.73,96.2,Normal,0,5.74,1062.9,660.2,0.528,348.59
2025-09-15 11:00:00,Monday,False,Day,25.55,100.0,Normal,0,5.95,1072.1,710.86,0.515,366.09
2025-09-15 11:15:00,Monday,False,Day,24.23,100.0,Normal,0,5.9,1085.0,701.03,0.523,366.64
2025-09-15 11:30:00,Monday,False,Day,24.1,95.8,Normal,0,5.7,1060.2,680.78,0.528,359.45
2025-09-15 11:45:00,Monday,False,Day,25.5,97.8,Normal,0,5.73,1066.6,672.86,0.506,340.47
2025-09-15 12:00:00,Monday,False,Day,23.55,100.0,Normal,0,6.12,1077.8,713.49,0.524,373.87
2025-09-15 12:15:00,Monday,False,Day,24.03,100.0,Normal,0,6.18,1070.3,687.84,0.527,362.49
2025-09-15 12:30:00,Monday,False,Day,21.84,100.0,Normal,0,5.96,1074.2,712.17,0.528,376.03
2025-09-15 12:45:00,Monday,False,Day,24.5,100.0,Normal,0,6.0,1061.8,704.0,0.514,361.86
2025-09-15 13:00:00,Monday,False,Day,23.18,100.0,Normal,0,5.83,1060.8,706.6,0.491,346.94
2025-09-15 13:15:00,Monday,False,Day,22.24,100.0,Normal,0,6.01,1071.2,700.67,0.514,360.14
2025-09-15 13:30:00,Monday,False,Day,22.54,100.0,Normal,0,6.03,1068.6,697.34,0.515,359.13
2025-09-15 13:45:00,Monday,False,Day,20.65,95.1,Normal,0,5.75,1050.2,662.2,0.497,329.11
2025-09-15 14:00:00,Monday,False,Evening,22.44,86.9,Normal,0,5.49,1038.6,608.7,0.502,305.57
2025-09-15 14:15:00,Monday,False,Evening,20.95,87.0,Normal,0,5.48,1038.3,612.99,0.507,310.79
2025-09-15 14:30:00,Monday,False,Evening,20.78,83.1,Normal,0,5.11,1021.1,577.49,0.519,299.72
2025-09-15 14:45:00,Monday,False,Evening,20.3,84.3,Normal,0,5.5,1025.2,579.97,0.498,288.83
2025-09-15 15:00:00,Monday,False,Evening,19.99,83.4,Normal,0,,1028.6,597.83,0.509,304.3
2025-09-15 15:15:00,Monday,False,Evening,20.79,87.2,Normal,0,5.69,1028.9,614.86,0.503,309.27
2025-09-15 15:30:00,Monday,False,Evening,20.23,89.8,Normal,0,5.62,1038.3,621.69,0.502,312.09
2025-09-15 15:45:00,Monday,False,Evening,20.35,89.2,Normal,0,5.83,1046.0,632.63,0.514,325.17
2025-09-15 16:00:00,Monday,False,Evening,19.65,79.4,Normal,0,5.28,1016.4,556.85,0.492,273.97
2025-09-15 16:15:00,Monday,False,Evening,19.92,89.7,Normal,0,5.59,1038.8,625.0,0.504,315.0
2025-09-15 16:30:00,Monday,False,Evening,19.03,87.2,Normal,0,5.33,1028.4,602.09,0.503,302.85
2025-09-15 16:45:00,Monday,False,Evening,21.04,85.4,Normal,0,5.26,1024.6,601.79,0.488,293.67
2025-09-15 17:00:00,Monday,False,Evening,17.91,82.2,Normal,0,5.3,1021.2,589.54,0.517,304.79
2025-09-15 17:15:00,Monday,False,Evening,20.09,78.5,Normal,0,5.08,1030.9,526.02,0.514,270.37
2025-09-15 17:30:00,Monday,False,Evening,20.13,70.2,Normal,0,4.6,998.5,498.72,0.508,253.35
2025-09-15 17:45:00,Monday,False,Evening,18.32,94.4,Normal,0,5.88,1042.4,663.72,0.507,336.51
2025-09-15 18:00:00,Monday,False,Evening,20.77,94.9,Normal,0,5.78,1061.9,669.03,0.512,342.54
2025-09-15 18:15:00,Monday,False,Evening,19.8,92.0,Normal,0,5.78,1042.2,659.14,0.521,343.41
2025-09-15 18:30:00,Monday,False,Evening,19.81,93.8,Normal,0,5.58,1052.7,628.35,0.517,324.86
2025-09-15 18:45:00,Monday,False,Evening,19.11,92.1,Normal,0,5.81,1043.2,655.06,0.512,335.39
2025-09-15 19:00:00,Monday,False,Evening,18.99,89.0,Normal,0,5.6,1056.3,636.59,0.516,328.48
2025-09-15 19:15:00,Monday,False,Evening,19.09,89.5,Normal,0,5.72,1032.3,620.38,0.524,325.08
2025-09-15 19:30:00,Monday,False,Evening,19.68,85.2,Normal,0,5.5,1033.7,581.78,0.518,301.36
2025-09-15 19:45:00,Monday,False,Evening,20.63,85.6,Normal,0,5.36,1027.4,611.63,0.533,326.0
2025-09-15 20:00:00,Monday,False,Evening,19.8,85.7,Normal,0,5.35,1038.4,579.01,0.525,303.98
2025-09-15 20:15:00,Monday,False,Evening,19.1,88.1,Normal,0,5.75,1040.3,623.53,0.527,328.6
2025-09-15 20:30:00,Monday,False,Evening,20.68,83.0,Normal,0,5.22,1036.5,587.27,0.571,335.33
2025-09-15 20:45:00,Monday,False,Evening,20.97,86.4,Normal,0,5.52,1040.9,608.27,0.562,341.85
2025-09-15 21:00:00,Monday,False,Evening,20.98,79.7,Normal,0,5.06,1012.9,557.52,0.547,304.96
2025-09-15 21:15:00,Monday,False,Evening,21.29,75.8,Normal,0,4.66,1032.3,520.1,0.558,290.22
2025-09-15 21:30:00,Monday,False,Evening,20.73,72.7,Normal,0,4.62,1005.2,506.3,0.562,284.54
2025-09-15 21:45:00,Monday,False,Evening,20.47,66.6,Normal,0,4.59,980.9,457.55,0.555,253.94
2025-09-15 22:00:00,Monday,False,Night,20.79,65.9,Normal,0,4.6,985.4,455.52,0.562,256.0
2025-09-15 22:15:00,Monday,False,Night,20.47,60.3,Normal,0,4.31,974.6,425.48,0.559,237.84
2025-09-15 22:30:00,Monday,False,Night,22.27,57.0,Normal,0,4.27,967.5,391.34,0.578,226.19
2025-09-15 22:45:00,Monday,False,Night,22.32,65.9,Normal,0,4.56,989.0,466.65,0.581,271.12
2025-09-15 23:00:00,Monday,False,Night,22.34,62.7,Normal,0,4.24,984.8,412.6,0.587,242.2
2025-09-15 23:15:00,Monday,False,Night,20.65,62.2,Normal,0,4.42,981.4,441.33,0.577,254.65
2025-09-15 23:30:00,Monday,False,Night,22.34,56.8,Normal,0,4.11,955.5,406.45,0.599,243.46
2025-09-15 23:45:00,Monday,False,Night,24.56,63.2,Normal,0,4.29,996.9,434.02,0.579,251.3
2025-09-16 00:00:00,Tuesday,False,Night,23.47,68.8,Normal,0,4.7,1008.9,468.79,0.603,282.68
2025-09-16 00:15:00,Tuesday,False,Night,24.62,73.2,Normal,0,4.84,1011.5,504.96,0.58,292.88
2025-09-16 00:30:00,Tuesday,False,Night,23.54,75.8,Normal,0,4.85,1011.0,530.86,0.574,304.71
2025-09-16 00:45:00,Tuesday,False,Night,26.13,75.3,Normal,0,4.89,1012.0,525.76,0.609,320.19
2025-09-16 01:00:00,Tuesday,False,Night,25.18,71.3,Normal,0,4.95,998.2,487.86,0.598,291.74
2025-09-16 01:15:00,Tuesday,False,Night,25.84,66.0,Normal,0,4.71,986.5,464.99,0.598,278.06
2025-09-16 01:30:00,Tuesday,False,Night,27.77,74.0,Normal,0,4.89,992.1,515.68,0.591,304.77
2025-09-16 01:45:00,Tuesday,False,Night,27.42,77.8,Normal,0,5.04,1031.1,543.65,0.587,319.12
2025-09-16 02:00:00,Tuesday,False,Night,26.25,72.5,Normal,0,4.58,1014.1,490.64,0.59,289.48
2025-09-16 02:15:00,Tuesday,False,Night,26.3,72.2,Normal,0,5.04,990.5,506.72,0.599,303.53
2025-09-16 02:30:00,Tuesday,False,Night,26.78,69.9,Normal,0,4.83,1005.7,498.61,0.597,297.67
2025-09-16 02:45:00,Tuesday,False,Night,27.7,62.9,Normal,0,4.48,981.7,447.93,0.58,259.8
2025-09-16 03:00:00,Tuesday,False,Night,27.45,64.6,Normal,0,4.1,984.3,449.23,0.617,277.17
2025-09-16 03:15:00,Tuesday,False,Night,27.44,62.5,Normal,0,4.35,984.5,454.72,0.596,271.01
2025-09-16 03:30:00,Tuesday,False,Night,29.14,57.4,Normal,0,4.09,955.3,406.25,0.612,248.62
2025-09-16 03:45:00,Tuesday,False,Night,28.07,49.8,Normal,0,3.87,949.3,354.03,0.593,209.94
2025-09-16 04:00:00,Tuesday,False,Night,30.17,42.6,Normal,0,3.36,933.7,310.27,0.601,186.47
2025-09-16 04:15:00,Tuesday,False,Night,28.56,43.4,Normal,0,3.43,934.4,325.33,0.608,197.8
2025-09-16 04:30:00,Tuesday,False,Night,30.05,45.9,Normal,0,3.67,930.3,324.6,0.606,196.71
2025-09-16 04:45:00,Tuesday,False,Night,29.02,43.3,Normal,0,3.34,937.4,318.63,0.594,189.27
2025-09-16 05:00:00,Tuesday,False,Night,29.6,50.2,Normal,0,3.7,960.1,366.81,0.6,220.09
2025-09-16 05:15:00,Tuesday,False,Night,28.32,51.9,Normal,0,3.89,958.1,385.38,0.601,231.61
2025-09-16 05:30:00,Tuesday,False,Night,28.27,57.3,Normal,0,4.31,966.4,393.46,0.591,232.53
2025-09-16 05:45:00,Tuesday,False,Night,29.36,57.5,Normal,0,4.24,991.2,411.64,0.579,238.34
2025-09-16 06:00:00,Tuesday,False,Day,29.79,68.0,Normal,0,4.75,988.8,475.25,0.582,276.6
2025-09-16 06:15:00,Tuesday,False,Day,29.02,70.4,Normal,0,4.71,1007.8,490.65,0.582,285.56
2025-09-16 06:30:00,Tuesday,False,Day,27.93,64.2,Normal,0,4.65,987.2,454.49,0.584,265.42
2025-09-16 06:45:00,Tuesday,False,Day,27.82,69.6,Normal,0,4.4,1014.8,480.4,0.597,286.8
2025-09-16 07:00:00,Tuesday,False,Day,27.69,65.4,Normal,0,4.78,991.1,476.19,0.588,280.0
2025-09-16 07:15:00,Tuesday,False,Day,27.32,72.9,Normal,0,5.13,1011.3,524.94,0.568,298.17
2025-09-16 07:30:00,Tuesday,False,Day,28.71,72.0,Normal,0,4.84,1009.4,523.35,0.591,309.3
2025-09-16 07:45:00,Tuesday,False,Day,29.38,79.6,Normal,0,5.23,1016.4,554.5,0.569,315.51
2025-09-16 08:00:00,Tuesday,False,Day,28.32,73.1,Normal,0,4.81,1000.9,502.96,0.574,288.7
2025-09-16 08:15:00,Tuesday,False,Day,26.35,70.1,Normal,0,4.66,996.5,477.09,0.555,264.78
2025-09-16 08:30:00,Tuesday,False,Day,27.81,73.8,Normal,0,4.76,1016.8,506.33,0.556,281.52
2025-09-16 08:45:00,Tuesday,False,Day,27.63,81.8,Normal,0,5.2,1030.9,575.9,0.568,327.11
2025-09-16 09:00:00,Tuesday,False,Day,29.21,91.9,Normal,0,5.73,1053.9,653.68,0.545,356.26
2025-09-16 09:15:00,Tuesday,False,Day,26.13,90.9,Normal,0,5.67,1061.5,644.66,0.552,355.85
2025-09-16 09:30:00,Tuesday,False,Day,26.73,100.0,Normal,0,6.3,1057.9,704.19,0.552,388.71
2025-09-16 09:45:00,Tuesday,False,Day,28.14,96.9,Normal,0,5.88,1056.8,675.1,0.534,360.5
2025-09-16 10:00:00,Tuesday,False,Day,26.86,100.0,Normal,0,5.78,1053.9,720.72,0.523,376.94
2025-09-16 10:15:00,Tuesday,False,Day,26.66,93.7,Normal,0,5.97,1067.6,654.12,0.547,357.8
2025-09-16 10:30:00,Tuesday,False,Day,26.01,94.8,Normal,0,5.59,1059.4,676.53,0.564,381.56
2025-09-16 10:45:00,Tuesday,False,Day,25.87,79.2,Normal,0,5.01,1028.8,553.25,0.536,296.54
2025-09-16 11:00:00,Tuesday,False,Day,25.92,72.8,Normal,0,4.85,1004.3,498.99,0.535,266.96
2025-09-16 11:15:00,Tuesday,False,Day,24.33,76.7,Normal,0,5.04,1021.8,522.26,0.517,270.01
2025-09-16 11:30:00,Tuesday,False,Day,25.36,69.5,Normal,0,4.44,995.4,472.43,0.538,254.17
2025-09-16 11:45:00,Tuesday,False,Day,23.23,73.5,Normal,0,4.73,1008.0,512.71,0.517,265.07
2025-09-16 12:00:00,Tuesday,False,Day,24.26,80.0,Normal,0,4.9,1023.9,542.62,0.529,287.05
2025-09-16 12:15:00,Tuesday,False,Day,23.82,77.2,Normal,0,5.1,1017.2,553.36,0.521,288.3
2025-09-16 12:30:00,Tuesday,False,Day,22.85,72.0,Normal,0,4.95,1014.2,502.21,0.519,260.65
2025-09-16 12:45:00,Tuesday,False,Day,23.01,70.3,Normal,0,4.51,983.6,491.18,0.517,253.94
2025-09-16 13:00:00,Tuesday,False,Day,22.21,65.9,Normal,0,4.65,984.4,468.33,0.515,241.19
2025-09-16 13:15:00,Tuesday,False,Day,21.54,67.3,Normal,0,4.7,989.5,487.4,0.51,248.57
2025-09-16 13:30:00,Tuesday,False,Day,21.8,69.6,Normal,0,4.57,994.2,477.75,0.515,246.04
2025-09-16 13:45:00,Tuesday,False,Day,20.91,69.3,Normal,0,4.35,989.2,477.13,0.497,237.13
2025-09-16 14:00:00,Tuesday,False,Evening,21.76,74.9,Normal,0,4.74,1002.8,502.49,0.501,251.75
2025-09-16 14:15:00,Tuesday,False,Evening,20.3,70.7,Normal,0,4.62,1007.6,491.39,0.517,254.05
2025-09-16 14:30:00,Tuesday,False,Evening,21.53,79.7,Normal,0,5.34,1018.3,568.75,0.503,286.08
2025-09-16 14:45:00,Tuesday,False,Evening,19.76,73.0,Normal,0,4.8,1020.2,510.05,0.497,253.49
2025-09-16 15:00:00,Tuesday,False,Evening,20.01,73.8,Normal,0,4.7,1007.1,532.8,0.511,272.26
2025-09-16 15:15:00,Tuesday,False,Evening,19.74,81.1,Normal,0,5.2,1018.6,568.64,0.508,288.87
2025-09-16 15:30:00,Tuesday,False,Evening,21.09,87.3,Normal,0,5.25,1041.9,599.9,0.487,292.15
2025-09-16 15:45:00,Tuesday,False,Evening,20.11,83.4,Normal,0,5.35,1027.9,585.75,0.508,297.56
2025-09-16 16:00:00,Tuesday,False,Evening,19.5,85.9,Normal,0,5.24,1043.5,581.64,0.502,291.98
2025-09-16 16:15:00,Tuesday,False,Evening,19.91,87.2,Normal,0,5.32,1027.0,596.73,0.509,303.74
2025-09-16 16:30:00,Tuesday,False,Evening,17.69,82.6,Normal,0,5.3,1008.6,561.58,0.502,281.91
2025-09-16 16:45:00,Tuesday,False,Evening,19.23,85.5,Normal,0,5.63,1034.4,600.18,0.508,304.89
2025-09-16 17:00:00,Tuesday,False,Evening,20.77,95.6,Normal,0,6.14,1064.7,677.52,0.486,329.27
2025-09-16 17:15:00,Tuesday,False,Evening,19.2,96.0,Normal,0,5.67,1060.0,684.06,0.497,339.98
2025-09-16 17:30:00,Tuesday,False,Evening,19.1,97.0,Normal,0,5.78,1065.6,680.3,0.515,350.35
2025-09-16 17:45:00,Tuesday,False,Evening,19.45,98.5,Normal,0,6.01,1068.4,685.98,0.536,367.69
2025-09-16 18:00:00,Tuesday,False,Evening,19.72,87.1,Normal,0,5.61,1024.1,624.66,0.515,321.7
2025-09-16 18:15:00,Tuesday,False,Evening,17.41,88.5,Normal,0,5.18,1039.8,582.19,0.507,295.17
2025-09-16 18:30:00,Tuesday,False,Evening,17.7,80.9,Normal,0,5.18,1029.3,563.09,0.518,291.68
2025-09-16 18:45:00,Tuesday,False,Evening,19.26,76.8,Normal,0,4.91,1011.2,533.69,0.51,272.18
2025-09-16 19:00:00,Tuesday,False,Evening,18.6,89.7,Normal,0,5.26,1031.1,620.1,0.534,331.13
2025-09-16 19:15:00,Tuesday,False,Evening,20.31,86.5,Normal,0,5.21,1032.2,603.67,0.525,316.93
2025-09-16 19:30:00,Tuesday,False,Evening,19.13,80.8,Normal,0,5.08,1024.2,560.99,0.538,301.81
2025-09-16 19:45:00,Tuesday,False,Evening,17.97,87.1,Normal,0,5.45,1048.9,613.17,0.528,323.75
2025-09-16 20:00:00,Tuesday,False,Evening,18.66,80.1,Normal,0,,1001.9,551.38,0.544,299.95
2025-09-16 20:15:00,Tuesday,False,Evening,17.64,76.9,Normal,0,5.04,1011.7,519.9,0.52,270.35
2025-09-16 20:30:00,Tuesday,False,Evening,19.85,84.3,Normal,0,5.46,1021.6,587.87,0.54,317.45
2025-09-16 20:45:00,Tuesday,False,Evening,20.09,83.6,Normal,0,5.29,1031.5,571.39,0.548,313.12
2025-09-16 21:00:00,Tuesday,False,Evening,20.12,73.3,Normal,0,4.72,1006.4,499.77,0.543,271.38
2025-09-16 21:15:00,Tuesday,False,Evening,21.57,76.9,Normal,0,4.96,1010.0,544.53,0.553,301.13
2025-09-16 21:30:00,Tuesday,False,Evening,21.92,74.4,Normal,0,4.98,1011.0,534.12,0.556,296.97
2025-09-16 21:45:00,Tuesday,False,Evening,21.09,83.8,Normal,0,5.45,1037.9,597.73,0.566,338.32
2025-09-16 22:00:00,Tuesday,False,Night,19.79,71.3,Normal,0,4.72,995.2,504.17,0.565,284.86
2025-09-16 22:15:00,Tuesday,False,Night,22.28,77.2,Normal,0,4.86,1002.5,532.92,0.566,301.63
2025-09-16 22:30:00,Tuesday,False,Night,22.53,86.7,Normal,0,5.47,1048.6,616.09,0.574,353.64
2025-09-16 22:45:00,Tuesday,False,Night,22.64,79.4,Normal,0,5.17,1025.6,556.6,0.555,308.91
2025-09-16 23:00:00,Tuesday,False,Night,23.49,76.8,Normal,0,5.17,1017.7,556.19,0.564,313.69
2025-09-16 23:15:00,Tuesday,False,Night,22.09,78.1,Normal,0,4.94,1009.8,580.59,0.56,325.13
2025-09-16 23:30:00,Tuesday,False,Night,24.95,57.9,Normal,0,4.04,975.0,414.54,0.582,241.26
2025-09-16 23:45:00,Tuesday,False,Night,22.91,72.9,Normal,0,4.92,1019.3,496.72,0.584,290.08
2025-09-17 00:00:00,Wednesday,False,Night,24.59,71.0,Normal,0,4.67,998.6,499.03,0.596,297.42
2025-09-17 00:15:00,Wednesday,False,Night,22.97,69.2,Normal,0,4.58,994.5,462.88,0.588,272.17
2025-09-17 00:30:00,Wednesday,False,Night,23.9,69.3,Normal,0,4.84,986.2,472.52,0.581,274.53
2025-09-17 00:45:00,Wednesday,False,Night,26.18,69.6,Normal,0,,991.6,467.11,0.59,275.59
2025-09-17 01:00:00,Wednesday,False,Night,25.07,70.4,Normal,0,5.01,989.9,496.77,0.572,284.15
2025-09-17 01:15:00,Wednesday,False,Night,26.27,66.5,Normal,0,4.43,990.7,465.53,0.589,274.2
2025-09-17 01:30:00,Wednesday,False,Night,26.09,63.3,Normal,0,4.51,978.8,469.52,0.571,268.1
2025-09-17 01:45:00,Wednesday,False,Night,26.12,63.2,Normal,0,4.36,984.3,441.3,0.599,264.34
2025-09-17 02:00:00,Wednesday,False,Night,27.58,63.5,Normal,0,4.43,976.1,452.16,0.594,268.58
2025-09-17 02:15:00,Wednesday,False,Night,26.58,61.4,Normal,0,4.26,975.8,431.73,0.597,257.74
2025-09-17 02:30:00,Wednesday,False,Night,25.61,64.1,Normal,0,4.55,975.5,456.68,0.59,269.44
2025-09-17 02:45:00,Wednesday,False,Night,26.64,53.7,Normal,0,3.89,959.5,384.08,0.593,227.76
2025-09-17 03:00:00,Wednesday,False,Night,27.97,51.0,Normal,0,3.73,939.2,375.89,0.607,228.17
2025-09-17 03:15:00,Wednesday,False,Night,28.06,51.4,Normal,0,4.11,954.6,364.38,0.586,213.53
2025-09-17 03:30:00,Wednesday,False,Night,26.7,48.3,Normal,0,,942.3,327.21,0.605,197.96
2025-09-17 03:45:00,Wednesday,False,Night,27.57,60.4,Normal,0,4.15,976.9,427.13,0.592,252.86
2025-09-17 04:00:00,Wednesday,False,Night,27.85,61.4,Normal,0,4.07,965.0,407.79,0.582,237.33
2025-09-17 04:15:00,Wednesday,False,Night,28.18,63.3,Normal,0,4.66,988.4,461.6,0.611,282.04
2025-09-17 04:30:00,Wednesday,False,Night,27.51,60.9,Normal,0,4.19,974.3,420.62,0.611,257.0
2025-09-17 04:45:00,Wednesday,False,Night,28.22,61.7,Normal,0,4.62,981.0,428.23,0.591,253.08
2025-09-17 05:00:00,Wednesday,False,Night,28.24,55.2,Normal,0,4.07,948.0,419.46,0.59,247.48
2025-09-17 05:15:00,Wednesday,False,Night,29.51,55.7,Normal,0,4.06,955.3,395.19,0.591,233.56
2025-09-17 05:30:00,Wednesday,False,Night,29.59,51.5,Normal,0,3.87,951.7,368.74,0.584,215.34
2025-09-17 05:45:00,Wednesday,False,Night,28.86,51.8,Normal,0,4.19,966.0,386.69,0.584,225.83
2025-09-17 06:00:00,Wednesday,False,Day,28.68,52.4,Normal,0,3.55,960.6,378.35,0.593,224.36
2025-09-17 06:15:00,Wednesday,False,Day,29.09,49.2,Normal,0,3.77,949.7,369.2,0.607,224.1
2025-09-17 06:30:00,Wednesday,False,Day,28.29,61.9,Normal,0,4.28,972.4,419.54,0.58,243.33
2025-09-17 06:45:00,Wednesday,False,Day,27.98,69.3,Normal,0,4.62,989.2,486.29,0.591,287.4
2025-09-17 07:00:00,Wednesday,False,Day,28.07,78.8,Normal,0,5.1,1024.1,545.08,0.582,317.24
2025-09-17 07:15:00,Wednesday,False,Day,28.22,87.5,Normal,0,5.42,1049.3,601.03,0.559,335.98
2025-09-17 07:30:00,Wednesday,False,Day,27.68,90.9,Normal,0,5.63,1053.5,637.02,0.573,365.01
2025-09-17 07:45:00,Wednesday,False,Day,28.6,87.1,Normal,0,5.44,1056.7,590.5,0.569,335.99
2025-09-17 08:00:00,Wednesday,False,Day,28.9,80.2,Normal,0,4.94,1020.6,562.62,0.582,327.44
2025-09-17 08:15:00,Wednesday,False,Day,26.88,87.3,Normal,0,5.5,1043.6,607.03,0.579,351.47
2025-09-17 08:30:00,Wednesday,False,Day,27.98,87.1,Normal,0,5.55,1029.0,603.61,0.564,340.44
2025-09-17 08:45:00,Wednesday,False,Day,27.57,100.0,Normal,0,5.92,1076.1,769.81,0.57,438.79
2025-09-17 09:00:00,Wednesday,False,Day,27.8,96.9,Normal,0,6.15,1078.6,686.62,0.553,379.7
2025-09-17 09:15:00,Wednesday,False,Day,27.28,100.0,Normal,0,6.2,1065.9,721.08,0.562,405.25
2025-09-17 09:30:00,Wednesday,False,Day,25.87,100.0,Normal,0,6.13,1079.8,698.57,0.549,383.51
2025-09-17 09:45:00,Wednesday,False,Day,25.76,100.0,Normal,0,6.12,1084.5,705.9,0.555,391.77
2025-09-17 10:00:00,Wednesday,False,Day,26.51,100.0,Normal,0,6.0,1068.1,704.08,0.553,389.36
2025-09-17 10:15:00,Wednesday,False,Day,27.02,100.0,Normal,0,6.17,1077.8,699.43,0.545,381.19
2025-09-17 10:30:00,Wednesday,False,Day,24.13,99.6,Normal,0,6.22,1083.3,710.22,0.527,374.29
2025-09-17 10:45:00,Wednesday,False,Day,25.87,91.3,Normal,0,5.74,1053.2,633.9,0.528,334.7
2025-09-17 11:00:00,Wednesday,False,Day,26.23,82.8,Normal,0,5.16,1036.7,560.68,0.536,300.52
2025-09-17 11:15:00,Wednesday,False,Day,24.84,86.7,Normal,0,5.42,1024.8,608.4,0.535,325.49
2025-09-17 11:30:00,Wednesday,False,Day,25.08,85.0,Normal,0,5.43,1039.7,609.14,0.525,319.8
2025-09-17 11:45:00,Wednesday,False,Day,23.75,84.9,Normal,0,5.47,1037.8,594.08,0.517,307.14
2025-09-17 12:00:00,Wednesday,False,Day,23.89,87.9,Normal,0,5.46,1030.7,611.02,0.52,317.73
2025-09-17 12:15:00,Wednesday,False,Day,22.37,76.1,Normal,0,4.87,1002.8,524.71,0.513,269.18
2025-09-17 12:30:00,Wednesday,False,Day,21.46,84.5,Normal,0,5.56,1035.7,587.36,0.51,299.55
2025-09-17 12:45:00,Wednesday,False,Day,23.77,82.1,Normal,0,5.06,1024.2,579.27,0.531,307.59
2025-09-17 13:00:00,Wednesday,False,Day,21.91,85.3,Normal,0,5.22,1042.1,592.92,0.504,298.83
2025-09-17 13:15:00,Wednesday,False,Day,22.02,88.6,Normal,0,5.31,1044.0,688.97,0.512,352.75
2025-09-17 13:30:00,Wednesday,False,Day,20.97,96.0,Normal,0,5.69,1059.6,684.33,0.507,346.96
2025-09-17 13:45:00,Wednesday,False,Day,20.65,93.7,Normal,0,5.91,1051.8,669.64,0.492,329.46
2025-09-17 14:00:00,Wednesday,False,Evening,21.35,73.6,Normal,0,5.03,1005.8,520.35,0.49,254.97
2025-09-17 14:15:00,Wednesday,False,Evening,20.63,74.2,Normal,0,4.86,1010.8,487.63,0.501,244.3
2025-09-17 14:30:00,Wednesday,False,Evening,21.25,75.6,Normal,0,5.01,1012.7,526.26,0.482,253.66
2025-09-17 14:45:00,Wednesday,False,Evening,21.05,69.5,Normal,0,4.66,989.6,491.75,0.519,255.22
2025-09-17 15:00:00,Wednesday,False,Evening,20.71,71.1,Normal,0,4.55,1006.6,495.1,0.497,246.06
2025-09-17 15:15:00,Wednesday,False,Evening,20.42,69.6,Normal,0,5.0,998.0,492.22,0.496,244.14
2025-09-17 15:30:00,Wednesday,False,Evening,21.28,62.3,Normal,0,4.54,978.3,449.11,0.512,229.94
2025-09-17 15:45:00,Wednesday,False,Evening,18.98,68.0,Normal,0,4.65,988.3,475.49,0.499,237.27
2025-09-17 16:00:00,Wednesday,False,Evening,19.61,65.5,Normal,0,4.35,985.8,466.69,0.507,236.61
2025-09-17 16:15:00,Wednesday,False,Evening,20.41,64.4,Normal,0,4.4,965.1,449.51,0.496,222.96
2025-09-17 16:30:00,Wednesday,False,Evening,20.38,63.0,Normal,0,4.26,978.1,439.67,0.503,221.15
2025-09-17 16:45:00,Wednesday,False,Evening,18.12,72.0,Normal,0,4.79,1010.0,509.99,0.513,261.62
2025-09-17 17:00:00,Wednesday,False,Evening,18.91,72.2,Normal,0,4.83,999.8,498.14,0.496,247.08
2025-09-17 17:15:00,Wednesday,False,Evening,20.17,73.1,Normal,0,4.77,1002.0,495.47,0.511,253.19
2025-09-17 17:30:00,Wednesday,False,Evening,19.44,70.8,Normal,0,4.5,990.2,487.41,0.484,235.91
2025-09-17 17:45:00,Wednesday,False,Evening,19.16,74.2,Normal,0,5.19,1007.2,526.74,0.522,274.96
2025-09-17 18:00:00,Wednesday,False,Evening,18.81,82.5,Normal,0,5.27,1022.1,582.92,0.506,294.96
2025-09-17 18:15:00,Wednesday,False,Evening,18.69,85.6,Normal,0,5.44,1041.8,607.13,0.513,311.46
2025-09-17 18:30:00,Wednesday,False,Evening,19.26,88.6,Normal,0,5.44,1032.4,615.68,0.515,317.08
2025-09-17 18:45:00,Wednesday,False,Evening,18.88,90.7,Normal,0,5.36,1040.6,627.62,0.509,319.46
2025-09-17 19:00:00,Wednesday,False,Evening,19.13,80.7,Normal,0,5.15,1014.6,553.84,0.511,283.01
2025-09-17 19:15:00,Wednesday,False,Evening,19.32,74.9,Normal,0,4.85,1019.8,522.34,0.529,276.32
2025-09-17 19:30:00,Wednesday,False,Evening,18.83,73.8,Normal,0,4.96,1000.4,497.4,0.533,265.11
2025-09-17 19:45:00,Wednesday,False,Evening,19.93,69.7,Normal,0,4.8,988.2,486.58,0.521,253.51
2025-09-17 20:00:00,Wednesday,False,Evening,21.99,64.1,Normal,0,4.53,963.5,476.97,0.538,256.61
2025-09-17 20:15:00,Wednesday,False,Evening,18.41,54.3,Normal,0,4.12,945.6,373.62,0.542,202.5
2025-09-17 20:30:00,Wednesday,False,Evening,20.28,48.8,Normal,0,3.99,944.8,361.04,0.535,193.16
2025-09-17 20:45:00,Wednesday,False,Evening,19.62,50.5,Normal,0,3.85,948.5,369.16,0.53,195.65
2025-09-17 21:00:00,Wednesday,False,Evening,20.92,53.2,Normal,0,4.08,946.9,387.64,0.545,211.26
2025-09-17 21:15:00,Wednesday,False,Evening,20.73,51.1,Normal,0,3.9,942.0,359.0,0.553,198.53
2025-09-17 21:30:00,Wednesday,False,Evening,21.55,54.6,Normal,0,3.7,971.0,389.78,0.552,215.16
2025-09-17 21:45:00,Wednesday,False,Evening,22.15,54.6,Normal,0,3.96,978.2,384.54,0.55,211.5
2025-09-17 22:00:00,Wednesday,False,Night,21.64,55.7,Normal,0,3.9,968.2,379.25,0.563,213.52
2025-09-17 22:15:00,Wednesday,False,Night,22.68,56.2,Normal,0,4.09,973.5,409.43,0.575,235.42
2025-09-17 22:30:00,Wednesday,False,Night,20.2,61.8,Normal,0,4.19,987.2,438.55,0.557,244.27
2025-09-17 22:45:00,Wednesday,False,Night,23.65,63.7,Normal,0,4.49,998.3,438.71,0.565,247.87
2025-09-17 23:00:00,Wednesday,False,Night,22.99,55.8,Normal,0,4.19,957.9,392.99,0.599,235.4
2025-09-17 23:15:00,Wednesday,False,Night,23.88,56.8,Normal,0,4.27,956.5,399.04,0.577,230.25
2025-09-17 23:30:00,Wednesday,False,Night,22.36,50.7,Normal,0,4.05,961.7,354.57,0.564,199.98
2025-09-17 23:45:00,Wednesday,False,Night,23.0,52.1,Normal,0,3.62,943.3,376.23,0.575,216.33
2025-09-18 00:00:00,Thursday,False,Night,24.07,49.6,Normal,0,3.57,937.4,363.13,0.575,208.8
2025-09-18 00:15:00,Thursday,False,Night,24.27,54.1,Normal,0,4.4,949.0,389.64,0.588,229.11
2025-09-18 00:30:00,Thursday,False,Night,24.84,47.7,Normal,0,3.82,940.5,350.6,0.59,206.85
2025-09-18 00:45:00,Thursday,False,Night,25.8,50.2,Normal,0,3.82,932.7,363.28,0.583,211.79
2025-09-18 01:00:00,Thursday,False,Night,23.84,55.8,Normal,0,4.04,949.5,397.5,0.61,242.48
2025-09-18 01:15:00,Thursday,False,Night,26.34,46.3,Normal,0,3.59,934.2,326.22,0.594,193.77
2025-09-18 01:30:00,Thursday,False,Night,25.88,58.7,Normal,0,3.88,960.3,412.77,0.59,243.53
2025-09-18 01:45:00,Thursday,False,Night,26.0,60.0,Normal,0,4.12,981.7,408.94,0.584,238.82
2025-09-18 02:00:00,Thursday,False,Night,25.28,62.0,Normal,0,4.3,977.7,441.0,0.588,259.31
2025-09-18 02:15:00,Thursday,False,Night,27.14,72.0,Normal,0,4.66,1008.7,487.98,0.586,285.96
2025-09-18 02:30:00,Thursday,False,Night,25.07,62.7,Normal,0,4.27,982.9,424.8,0.597,253.61
2025-09-18 02:45:00,Thursday,False,Night,27.77,57.8,Normal,0,4.51,967.5,414.88,0.591,245.19
2025-09-18 03:00:00,Thursday,False,Night,26.3,75.9,Normal,0,4.91,1021.1,526.44,0.608,320.08
2025-09-18 03:15:00,Thursday,False,Night,27.76,73.3,Normal,0,4.87,1011.5,511.2,0.594,303.65
2025-09-18 03:30:00,Thursday,False,Night,27.83,61.3,Normal,0,4.33,975.4,421.89,0.608,256.51
2025-09-18 03:45:00,Thursday,False,Night,29.05,58.6,Normal,0,4.26,958.7,416.11,0.605,251.75
2025-09-18 04:00:00,Thursday,False,Night,28.14,43.1,Normal,0,3.38,936.8,324.48,0.606,196.63
2025-09-18 04:15:00,Thursday,False,Night,27.89,47.6,Normal,0,3.85,933.6,362.05,0.608,220.13
2025-09-18 04:30:00,Thursday,False,Night,28.17,54.9,Normal,0,,965.2,393.99,0.618,243.49
2025-09-18 04:45:00,Thursday,False,Night,29.71,51.0,Normal,0,3.63,954.3,358.31,0.588,210.69
2025-09-18 05:00:00,Thursday,False,Night,29.21,50.2,Normal,0,3.77,940.4,348.38,0.604,210.42
2025-09-18 05:15:00,Thursday,False,Night,28.55,57.9,Normal,0,4.11,972.1,393.54,0.598,235.34
2025-09-18 05:30:00,Thursday,False,Night,28.72,48.6,Normal,0,3.67,948.4,356.28,0.603,214.84
2025-09-18 05:45:00,Thursday,False,Night,27.69,43.0,Normal,0,3.52,933.6,331.26,0.591,195.77
2025-09-18 06:00:00,Thursday,False,Day,29.27,58.6,Normal,0,4.26,973.5,406.36,0.6,243.82
2025-09-18 06:15:00,Thursday,False,Day,27.54,56.9,Normal,0,4.17,961.5,406.5,0.573,232.92
2025-09-18 06:30:00,Thursday,False,Day,29.51,58.2,Normal,0,4.2,976.2,410.59,0.574,235.68
2025-09-18 06:45:00,Thursday,False,Day,28.96,53.4,Normal,0,3.94,953.6,388.76,0.576,223.93
2025-09-18 07:00:00,Thursday,False,Day,30.7,58.2,Normal,0,3.83,963.9,413.35,0.578,238.92
2025-09-18 07:15:00,Thursday,False,Day,27.81,60.1,Normal,0,4.35,980.3,402.59,0.576,231.89
2025-09-18 07:30:00,Thursday,False,Day,28.49,66.0,Normal,0,4.58,997.7,472.81,0.566,267.61
2025-09-18 07:45:00,Thursday,False,Day,29.88,69.2,Normal,0,4.5,1004.2,481.93,0.56,269.88
2025-09-18 08:00:00,Thursday,False,Day,29.24,71.9,Normal,0,4.81,1003.9,495.05,0.56,277.23
2025-09-18 08:15:00,Thursday,False,Day,27.56,89.1,Normal,0,5.62,1031.7,617.78,0.547,337.93
2025-09-18 08:30:00,Thursday,False,Day,28.1,69.5,Normal,0,4.84,1010.5,488.04,0.558,272.33
2025-09-18 08:45:00,Thursday,False,Day,27.72,69.0,Normal,0,4.71,981.4,475.2,0.557,264.69
2025-09-18 09:00:00,Thursday,False,Day,27.72,69.6,Normal,0,4.71,1003.3,476.01,0.559,266.09
2025-09-18 09:15:00,Thursday,False,Day,26.69,77.4,Normal,0,5.15,1034.1,534.19,0.553,295.41
2025-09-18 09:30:00,Thursday,False,Day,26.93,73.6,Normal,0,4.8,1009.1,500.06,0.566,283.03
2025-09-18 09:45:00,Thursday,False,Day,25.46,82.7,Normal,0,5.31,1031.8,589.87,0.553,326.2
2025-09-18 10:00:00,Thursday,False,Day,26.56,91.3,Normal,0,5.53,1054.9,638.06,0.549,350.29
2025-09-18 10:15:00,Thursday,False,Day,26.53,94.7,Normal,0,5.94,1062.0,690.73,0.542,374.38
2025-09-18 10:30:00,Thursday,False,Day,25.69,87.3,Normal,0,5.21,1060.0,609.74,0.54,329.26
2025-09-18 10:45:00,Thursday,False,Day,24.27,73.5,Normal,0,4.96,998.8,517.82,0.53,274.44
2025-09-18 11:00:00,Thursday,False,Day,26.04,81.0,Normal,0,5.17,1018.0,551.63,0.53,292.36
2025-09-18 11:15:00,Thursday,False,Day,25.22,81.8,Normal,0,5.35,1024.5,568.77,0.545,309.98
2025-09-18 11:30:00,Thursday,False,Day,24.03,77.4,Normal,0,4.89,1029.1,536.91,0.522,280.27
2025-09-18 11:45:00,Thursday,False,Day,24.06,85.0,Normal,0,5.36,1029.5,585.22,0.507,296.71
2025-09-18 12:00:00,Thursday,False,Day,22.76,79.4,Normal,0,5.11,1022.6,547.08,0.525,287.22
2025-09-18 12:15:00,Thursday,False,Day,22.81,77.2,Normal,0,5.07,1022.2,541.87,0.524,283.94
2025-09-18 12:30:00,Thursday,False,Day,22.87,80.9,Normal,0,5.01,1029.2,564.04,0.515,290.48
2025-09-18 12:45:00,Thursday,False,Day,23.96,74.4,Normal,0,4.97,1015.7,505.36,0.492,248.64
2025-09-18 13:00:00,Thursday,False,Day,22.15,74.6,Normal,0,4.61,1018.0,516.45,0.522,269.59
2025-09-18 13:15:00,Thursday,False,Day,22.86,82.1,Normal,0,5.12,1028.4,574.51,0.51,293.0
2025-09-18 13:30:00,Thursday,False,Day,21.61,83.3,Normal,0,5.04,1024.3,568.8,0.503,286.11
2025-09-18 13:45:00,Thursday,False,Day,21.94,90.6,Normal,0,5.72,1047.6,628.79,0.516,324.46
2025-09-18 14:00:00,Thursday,False,Evening,21.34,90.4,Normal,0,5.64,1042.8,636.99,0.483,307.67
2025-09-18 14:15:00,Thursday,False,Evening,21.88,88.7,Normal,0,5.58,1061.8,596.16,0.503,299.87
2025-09-18 14:30:00,Thursday,False,Evening,20.48,73.2,Normal,0,5.05,997.5,511.72,0.496,253.81
2025-09-18 14:45:00,Thursday,False,Evening,19.4,66.9,Normal,0,4.5,989.0,481.67,0.515,248.06
2025-09-18 15:00:00,Thursday,False,Evening,19.32,72.6,Normal,0,4.89,987.3,478.56,0.503,240.72
2025-09-18 15:15:00,Thursday,False,Evening,19.77,63.7,Normal,0,4.41,978.5,453.58,0.491,222.71
2025-09-18 15:30:00,Thursday,False,Evening,18.99,63.2,Normal,0,4.36,973.3,446.78,0.511,228.3
2025-09-18 15:45:00,Thursday,False,Evening,20.13,66.8,Normal,0,4.73,990.9,454.68,0.476,216.43
2025-09-18 16:00:00,Thursday,False,Evening,19.25,76.7,Normal,0,5.29,1015.2,543.28,0.506,274.9
2025-09-18 16:15:00,Thursday,False,Evening,21.37,73.1,Normal,0,4.76,1013.6,517.2,0.489,252.91
2025-09-18 16:30:00,Thursday,False,Evening,17.95,69.6,Normal,0,4.79,1001.5,474.91,0.498,236.51
2025-09-18 16:45:00,Thursday,False,Evening,19.38,70.1,Normal,0,4.73,992.6,480.64,0.501,240.8
2025-09-18 17:00:00,Thursday,False,Evening,18.22,72.9,Normal,0,4.86,991.7,506.33,0.514,260.25
2025-09-18 17:15:00,Thursday,False,Evening,18.66,72.3,Normal,0,4.82,991.5,511.64,0.528,270.15
2025-09-18 17:30:00,Thursday,False,Evening,19.11,79.1,Normal,0,5.04,1017.9,542.85,0.49,266.0
2025-09-18 17:45:00,Thursday,False,Evening,17.11,73.9,Normal,0,4.32,1002.1,502.59,0.514,258.33
2025-09-18 18:00:00,Thursday,False,Evening,19.15,74.9,Normal,0,5.13,1007.0,517.21,0.534,276.19
2025-09-18 18:15:00,Thursday,False,Evening,20.49,77.7,Normal,0,4.92,1008.8,537.15,0.508,272.87
2025-09-18 18:30:00,Thursday,False,Evening,18.64,75.1,Normal,0,4.87,1016.6,531.6,0.51,271.12
2025-09-18 18:45:00,Thursday,False,Evening,19.26,80.2,Normal,0,5.1,1006.5,556.2,0.521,289.78
2025-09-18 19:00:00,Thursday,False,Evening,19.95,80.6,Normal,0,5.04,1015.1,553.63,0.53,293.42
2025-09-18 19:15:00,Thursday,False,Evening,19.09,84.8,Normal,0,5.37,1021.1,589.5,0.531,313.02
2025-09-18 19:30:00,Thursday,False,Evening,18.87,84.9,Normal,0,5.34,1028.1,582.48,0.523,304.64
2025-09-18 19:45:00,Thursday,False,Evening,17.65,86.1,Normal,0,5.29,1041.7,588.36,0.522,307.12
2025-09-18 20:00:00,Thursday,False,Evening,20.14,81.1,Normal,0,5.2,1019.0,575.51,0.546,314.23
2025-09-18 20:15:00,Thursday,False,Evening,19.71,76.7,Normal,0,4.98,1010.7,548.52,0.528,289.62
2025-09-18 20:30:00,Thursday,False,Evening,19.18,84.0,Normal,0,5.44,1033.1,569.08,0.52,295.92
2025-09-18 20:45:00,Thursday,False,Evening,20.3,86.8,Normal,0,5.22,1033.0,606.65,0.528,320.31
2025-09-18 21:00:00,Thursday,False,Evening,19.95,79.4,Normal,0,4.98,1019.9,557.76,0.54,301.19
2025-09-18 21:15:00,Thursday,False,Evening,20.24,80.1,Normal,0,5.24,1020.8,546.08,0.564,307.99
2025-09-18 21:30:00,Thursday,False,Evening,21.4,65.3,Normal,0,4.37,973.7,448.23,0.54,242.04
2025-09-18 21:45:00,Thursday,False,Evening,20.11,63.2,Normal,0,4.24,972.8,433.37,0.571,247.45
2025-09-18 22:00:00,Thursday,False,Night,22.29,62.5,Normal,0,4.26,979.3,455.27,0.572,260.41
2025-09-18 22:15:00,Thursday,False,Night,20.63,62.4,Normal,0,4.32,985.2,453.8,0.564,255.94
2025-09-18 22:30:00,Thursday,False,Night,21.51,63.8,Normal,0,4.39,989.4,437.19,0.54,236.08
2025-09-18 22:45:00,Thursday,False,Night,23.89,46.2,Normal,0,3.56,953.8,325.67,0.556,181.07
2025-09-18 23:00:00,Thursday,False,Night,23.56,46.4,Normal,0,3.45,941.1,345.92,0.565,195.44
2025-09-18 23:15:00,Thursday,False,Night,23.06,51.1,Normal,0,3.94,945.3,375.09,0.591,221.68
2025-09-18 23:30:00,Thursday,False,Night,22.55,55.9,Normal,0,4.24,959.7,412.42,0.571,235.49
2025-09-18 23:45:00,Thursday,False,Night,23.21,63.1,Normal,0,4.08,977.8,425.53,0.572,243.4
2025-09-19 00:00:00,Friday,False,Night,23.96,62.4,Normal,0,4.11,974.3,439.86,0.584,256.88
2025-09-19 00:15:00,Friday,False,Night,24.26,62.1,Normal,0,4.48,,430.83,0.571,246.0
2025-09-19 00:30:00,Friday,False,Night,24.48,54.8,Normal,0,4.23,962.4,400.71,0.587,235.22
2025-09-19 00:45:00,Friday,False,Night,24.85,55.2,Normal,0,3.69,950.9,385.48,0.581,223.96
2025-09-19 01:00:00,Friday,False,Night,25.02,49.1,Normal,0,3.85,953.9,378.12,0.618,233.68
2025-09-19 01:15:00,Friday,False,Night,24.36,40.3,Normal,0,3.56,907.9,314.5,0.584,183.67
2025-09-19 01:30:00,Friday,False,Night,25.4,37.1,Normal,0,3.04,913.7,284.22,0.614,174.51
2025-09-19 01:45:00,Friday,False,Night,26.85,49.9,Normal,0,4.0,957.8,367.32,0.584,214.51
2025-09-19 02:00:00,Friday,False,Night,25.31,50.4,Normal,0,3.76,953.5,362.68,0.6,217.61
2025-09-19 02:15:00,Friday,False,Night,26.53,53.9,Normal,0,4.0,955.5,373.75,0.603,225.37
2025-09-19 02:30:00,Friday,False,Night,26.29,52.5,Normal,0,3.78,970.4,394.86,0.6,236.92
2025-09-19 02:45:00,Friday,False,Night,27.29,43.6,Normal,0,,929.7,343.5,0.6,206.1
2025-09-19 03:00:00,Friday,False,Night,27.13,52.1,Normal,0,3.99,938.3,373.1,0.608,226.84
2025-09-19 03:15:00,Friday,False,Night,28.84,41.0,Normal,0,3.61,931.6,322.89,0.604,195.03
2025-09-19 03:30:00,Friday,False,Night,28.27,40.9,Normal,0,3.56,913.0,333.58,0.598,199.48
2025-09-19 03:45:00,Friday,False,Night,27.01,43.8,Normal,0,3.48,926.9,338.05,0.593,200.46
2025-09-19 04:00:00,Friday,False,Night,28.77,48.1,Normal,0,4.15,950.6,356.43,0.598,213.15
2025-09-19 04:15:00,Friday,False,Night,27.77,46.2,Normal,0,3.8,936.4,342.31,0.597,204.36
2025-09-19 04:30:00,Friday,False,Night,28.06,37.7,Normal,0,3.28,923.7,277.85,0.596,165.6
2025-09-19 04:45:00,Friday,False,Night,28.89,36.6,Normal,0,2.99,907.7,291.61,0.597,174.09
2025-09-19 05:00:00,Friday,False,Night,28.34,35.8,Normal,0,2.87,921.4,291.88,0.581,169.58
2025-09-19 05:15:00,Friday,False,Night,29.52,35.1,Normal,0,2.85,900.2,286.98,0.584,167.6
2025-09-19 05:30:00,Friday,False,Night,28.24,44.8,Normal,0,3.39,947.5,337.27,0.6,202.36
2025-09-19 05:45:00,Friday,False,Night,28.4,40.3,Normal,0,3.53,922.1,314.14,0.568,178.43
2025-09-19 06:00:00,Friday,False,Day,28.38,59.5,Normal,0,4.28,986.1,411.34,0.6,246.8
2025-09-19 06:15:00,Friday,False,Day,28.44,63.1,Normal,0,4.28,,442.79,0.58,256.82
2025-09-19 06:30:00,Friday,False,Day,29.74,71.1,Normal,0,4.71,1019.3,488.88,0.6,293.33
2025-09-19 06:45:00,Friday,False,Day,29.31,71.7,Normal,0,4.72,997.4,502.32,0.593,297.88
2025-09-19 07:00:00,Friday,False,Day,,77.6,Normal,0,5.14,1006.1,532.41,0.575,306.14
2025-09-19 07:15:00,Friday,False,Day,30.45,77.1,Normal,0,4.87,1019.9,538.48,0.574,309.09
2025-09-19 07:30:00,Friday,False,Day,27.7,80.3,Normal,0,5.19,1035.2,572.91,0.589,337.44
2025-09-19 07:45:00,Friday,False,Day,28.44,71.5,Normal,0,4.79,1010.2,501.98,0.583,292.65
2025-09-19 08:00:00,Friday,False,Day,27.29,56.9,Normal,0,3.96,975.8,404.6,0.577,233.45
2025-09-19 08:15:00,Friday,False,Day,27.44,62.2,Normal,0,4.57,986.3,449.93,0.575,258.71
2025-09-19 08:30:00,Friday,False,Day,27.36,67.2,Normal,0,4.51,985.7,484.61,0.55,266.54
2025-09-19 08:45:00,Friday,False,Day,26.82,71.8,Normal,0,4.61,1009.5,495.56,0.56,277.51
2025-09-19 09:00:00,Friday,False,Day,26.6,69.9,Normal,0,4.81,999.2,493.76,0.547,270.09
2025-09-19 09:15:00,Friday,False,Day,27.08,80.3,Normal,0,5.15,1019.1,572.78,0.54,309.3
2025-09-19 09:30:00,Friday,False,Day,25.97,77.7,Normal,0,5.09,1018.9,547.47,0.549,300.56
2025-09-19 09:45:00,Friday,False,Day,27.35,80.8,Normal,0,4.98,1025.8,538.19,0.54,290.62
2025-09-19 10:00:00,Friday,False,Day,25.67,84.5,Normal,0,5.45,1045.5,584.17,0.54,315.45
2025-09-19 10:15:00,Friday,False,Day,28.36,94.5,Normal,0,6.09,1057.2,676.67,0.533,360.67
2025-09-19 10:30:00,Friday,False,Day,25.45,91.1,Normal,0,5.42,1046.0,629.48,0.522,328.59
2025-09-19 10:45:00,Friday,False,Day,25.57,86.1,Normal,0,5.45,1032.5,614.85,0.549,337.55
2025-09-19 11:00:00,Friday,False,Day,24.16,76.6,Normal,0,4.86,1028.4,549.38,0.53,291.17
2025-09-19 11:15:00,Friday,False,Day,26.24,86.6,Normal,0,5.82,1034.8,604.59,0.511,308.95
2025-09-19 11:30:00,Friday,False,Day,25.45,88.5,Normal,0,5.69,1054.4,611.66,0.525,321.12
2025-09-19 11:45:00,Friday,False,Day,24.47,90.5,Normal,0,5.63,1040.0,629.21,0.536,337.26
2025-09-19 12:00:00,Friday,False,Day,22.82,100.0,Normal,0,5.82,1074.7,699.35,0.527,368.56
2025-09-19 12:15:00,Friday,False,Day,23.74,100.0,Normal,0,5.85,1073.5,719.34,0.51,366.86
2025-09-19 12:30:00,Friday,False,Day,22.35,96.2,Normal,0,5.95,1070.6,668.91,0.508,339.81
2025-09-19 12:45:00,Friday,False,Day,24.1,93.3,Normal,0,5.51,1063.6,658.58,0.501,329.95
2025-09-19 13:00:00,Friday,False,Day,23.26,86.1,Normal,0,5.2,1036.9,610.18,0.502,306.31
2025-09-19 13:15:00,Friday,False,Day,22.37,83.2,Normal,0,5.27,1024.0,586.38,0.501,293.78
2025-09-19 13:30:00,Friday,False,Day,20.04,80.7,Normal,0,5.18,1033.2,566.16,0.491,277.98
2025-09-19 13:45:00,Friday,False,Day,20.9,77.3,Normal,0,5.06,1007.3,535.28,0.5,267.64
2025-09-19 14:00:00,Friday,False,Evening,21.95,63.5,Normal,0,4.32,960.6,459.71,0.506,232.61
2025-09-19 14:15:00,Friday,False,Evening,22.09,74.6,Normal,0,5.03,991.7,516.62,0.498,257.28
2025-09-19 14:30:00,Friday,False,Evening,21.75,76.5,Normal,0,4.84,998.1,536.9,0.503,270.06
2025-09-19 14:45:00,Friday,False,Evening,19.33,75.1,Normal,0,5.0,1010.4,521.38,0.517,269.55
2025-09-19 15:00:00,Friday,False,Evening,20.61,79.8,Normal,0,5.15,1036.1,537.55,0.519,278.99
2025-09-19 15:15:00,Friday,False,Evening,20.96,82.1,Normal,0,,1008.1,568.08,0.499,283.47
2025-09-19 15:30:00,Friday,False,Evening,18.61,83.1,Normal,0,5.44,1018.8,578.64,0.509,294.53
2025-09-19 15:45:00,Friday,False,Evening,19.74,86.3,Normal,0,5.34,1034.7,598.49,0.499,298.65
2025-09-19 16:00:00,Friday,False,Evening,19.79,85.9,Normal,0,5.29,1045.3,590.71,0.496,292.99
2025-09-19 16:15:00,Friday,False,Evening,19.18,88.7,Normal,0,5.26,1033.2,620.1,0.49,303.85
2025-09-19 16:30:00,Friday,False,Evening,17.8,91.7,Normal,0,5.34,1050.6,643.75,0.503,323.81
2025-09-19 16:45:00,Friday,False,Evening,18.91,90.8,Normal,0,5.57,1042.5,630.86,0.514,324.26
2025-09-19 17:00:00,Friday,False,Evening,18.81,87.7,Normal,0,5.45,1057.6,609.59,0.492,299.92
2025-09-19 17:15:00,Friday,False,Evening,18.88,95.5,Normal,0,5.64,1057.4,657.35,0.503,330.65
2025-09-19 17:30:00,Friday,False,Evening,18.49,90.3,Normal,0,5.45,1045.8,631.28,0.505,318.8
2025-09-19 17:45:00,Friday,False,Evening,18.56,90.9,Normal,0,5.83,1045.2,653.26,0.512,334.47
2025-09-19 18:00:00,Friday,False,Evening,18.87,91.6,Normal,0,5.77,1043.2,656.65,0.514,337.52
2025-09-19 18:15:00,Friday,False,Evening,19.27,86.1,Normal,0,5.21,1040.7,590.8,0.519,306.63
2025-09-19 18:30:00,Friday,False,Evening,18.7,80.0,Normal,0,5.06,1008.1,573.24,0.535,306.68
2025-09-19 18:45:00,Friday,False,Evening,18.67,77.4,Normal,0,5.07,994.8,533.06,0.51,271.86
2025-09-19 19:00:00,Friday,False,Evening,19.15,74.3,Normal,0,4.78,1002.3,503.5,0.512,257.79
2025-09-19 19:15:00,Friday,False,Evening,17.63,65.7,Normal,0,4.37,987.3,442.61,0.527,233.26
2025-09-19 19:30:00,Friday,False,Evening,19.66,63.1,Normal,0,4.32,971.2,429.15,0.542,232.6
2025-09-19 19:45:00,Friday,False,Evening,19.42,66.2,Normal,0,4.68,984.9,467.7,0.515,240.87
2025-09-19 20:00:00,Friday,False,Evening,19.6,75.0,Normal,0,5.08,995.8,520.08,0.536,278.76
2025-09-19 20:15:00,Friday,False,Evening,,78.4,Normal,0,4.95,1023.3,536.51,0.534,286.5
2025-09-19 20:30:00,Friday,False,Evening,18.37,62.5,Normal,0,4.41,978.6,430.43,0.548,235.88
2025-09-19 20:45:00,Friday,False,Evening,18.56,68.0,Normal,0,4.59,987.4,462.08,0.549,253.68
2025-09-19 21:00:00,Friday,False,Evening,20.59,65.6,Normal,0,4.33,984.2,445.81,0.546,243.41
2025-09-19 21:15:00,Friday,False,Evening,20.6,69.6,Normal,0,4.62,981.7,492.18,0.554,272.67
2025-09-19 21:30:00,Friday,False,Evening,20.99,70.3,Normal,0,4.51,984.2,502.26,0.546,274.23
2025-09-19 21:45:00,Friday,False,Evening,20.75,69.8,Normal,0,4.85,992.5,506.82,0.564,285.85
2025-09-19 22:00:00,Friday,False,Night,21.93,61.9,Normal,0,4.55,978.8,445.11,0.573,255.05
2025-09-19 22:15:00,Friday,False,Night,22.44,62.5,Normal,0,4.28,981.1,431.84,0.563,243.13
2025-09-19 22:30:00,Friday,False,Night,22.38,71.2,Normal,0,4.64,995.4,485.92,0.561,272.6
2025-09-19 22:45:00,Friday,False,Night,22.09,70.7,Normal,0,4.87,1002.8,502.03,0.567,284.65
2025-09-19 23:00:00,Friday,False,Night,20.92,76.9,Normal,0,5.17,1022.8,535.26,0.579,309.92
2025-09-19 23:15:00,Friday,False,Night,23.54,81.5,Normal,0,5.03,1024.3,567.43,0.574,325.7
2025-09-19 23:30:00,Friday,False,Night,24.23,83.9,Normal,0,5.28,1034.0,602.87,0.565,340.62
2025-09-19 23:45:00,Friday,False,Night,24.09,71.3,Normal,0,4.73,998.3,497.19,0.589,292.84
2025-09-20 00:00:00,Saturday,True,Night,23.12,52.6,Normal,0,3.78,951.4,379.36,0.572,216.99
2025-09-20 00:15:00,Saturday,True,Night,24.69,48.7,Normal,0,3.77,945.3,325.81,0.589,191.9
2025-09-20 00:30:00,Saturday,True,Night,25.17,52.3,Normal,0,3.77,966.9,360.64,0.568,204.84
2025-09-20 00:45:00,Saturday,True,Night,26.05,57.9,Normal,0,4.05,975.3,393.15,0.59,231.96
2025-09-20 01:00:00,Saturday,True,Night,24.42,37.9,Normal,0,3.19,923.3,266.38,0.59,157.16
2025-09-20 01:15:00,Saturday,True,Night,25.25,50.4,Normal,0,3.57,945.0,349.6,0.573,200.32
2025-09-20 01:30:00,Saturday,True,Night,26.34,43.8,Normal,0,3.17,925.8,317.32,0.598,189.76
2025-09-20 01:45:00,Saturday,True,Night,26.08,50.6,Normal,0,3.94,952.9,371.87,0.585,217.54
2025-09-20 02:00:00,Saturday,True,Night,25.43,50.4,Normal,0,3.68,958.7,348.77,0.598,208.56
2025-09-20 02:15:00,Saturday,True,Night,26.94,47.0,Normal,0,3.95,955.2,314.11,0.594,186.58
2025-09-20 02:30:00,Saturday,True,Night,27.33,46.2,Normal,0,3.89,920.1,330.28,0.584,192.88
2025-09-20 02:45:00,Saturday,True,Night,27.19,38.0,Normal,0,3.13,938.7,284.22,0.589,167.41
2025-09-20 03:00:00,Saturday,True,Night,27.54,38.5,Normal,0,3.58,924.0,283.52,0.59,167.28
2025-09-20 03:15:00,Saturday,True,Night,27.38,32.6,Normal,0,3.09,913.1,253.76,0.61,154.79
2025-09-20 03:30:00,Saturday,True,Night,28.98,31.5,Normal,0,2.8,890.4,235.33,0.608,143.08
2025-09-20 03:45:00,Saturday,True,Night,27.26,38.4,Normal,0,2.84,918.3,270.33,0.622,168.15
2025-09-20 04:00:00,Saturday,True,Night,27.69,40.5,Normal,0,3.43,932.4,302.69,0.594,179.8
2025-09-20 04:15:00,Saturday,True,Night,28.32,31.9,Normal,0,2.92,895.4,258.21,0.593,153.12
2025-09-20 04:30:00,Saturday,True,Night,29.15,38.3,Normal,0,3.29,898.4,265.04,0.599,158.76
2025-09-20 04:45:00,Saturday,True,Night,27.36,38.8,Normal,0,3.21,924.0,275.39,0.593,163.31
2025-09-20 05:00:00,Saturday,True,Night,27.61,36.1,Normal,0,2.95,914.3,247.69,0.589,145.89
2025-09-20 05:15:00,Saturday,True,Night,27.1,41.4,Normal,0,3.31,939.1,313.24,0.594,186.06
2025-09-20 05:30:00,Saturday,True,Night,28.81,40.6,Normal,0,3.44,925.7,301.31,0.599,180.48
2025-09-20 05:45:00,Saturday,True,Night,27.92,33.9,Normal,0,2.96,908.8,234.2,0.569,133.26
2025-09-20 06:00:00,Saturday,True,Day,28.52,60.1,Normal,0,4.18,981.0,403.6,0.583,235.3
2025-09-20 06:15:00,Saturday,True,Day,29.35,59.6,Normal,0,3.98,983.1,395.36,0.572,226.15
2025-09-20 06:30:00,Saturday,True,Day,28.27,58.8,Normal,0,4.19,966.3,388.91,0.582,226.35
2025-09-20 06:45:00,Saturday,True,Day,28.92,56.1,Normal,0,3.89,973.3,388.15,0.586,227.46
2025-09-20 07:00:00,Saturday,True,Day,28.42,63.3,Normal,0,4.52,979.2,437.36,0.59,258.04
2025-09-20 07:15:00,Saturday,True,Day,29.1,59.4,Normal,0,4.09,974.3,401.12,0.572,229.44
2025-09-20 07:30:00,Saturday,True,Day,28.83,49.9,Normal,0,3.72,955.6,336.31,0.574,193.04
2025-09-20 07:45:00,Saturday,True,Day,27.76,46.6,Normal,0,3.94,947.9,324.15,0.553,179.25
2025-09-20 08:00:00,Saturday,True,Day,28.02,55.8,Normal,0,3.99,966.9,377.99,0.558,210.92
2025-09-20 08:15:00,Saturday,True,Day,28.82,61.0,Normal,0,4.21,969.3,404.01,0.566,228.67
2025-09-20 08:30:00,Saturday,True,Day,28.11,59.0,Normal,0,4.27,957.4,398.18,0.547,217.8
2025-09-20 08:45:00,Saturday,True,Day,26.47,67.0,Normal,0,4.28,989.6,449.55,0.57,256.24
2025-09-20 09:00:00,Saturday,True,Day,27.89,70.3,Normal,0,4.88,1008.2,459.47,0.559,256.84
2025-09-20 09:15:00,Saturday,True,Day,26.26,67.1,Normal,0,4.7,994.8,444.92,0.542,241.15
2025-09-20 09:30:00,Saturday,True,Day,28.0,64.9,Normal,0,4.53,989.0,436.53,0.533,232.67
2025-09-20 09:45:00,Saturday,True,Day,27.42,65.9,Normal,0,3.99,989.0,448.28,0.537,240.73
2025-09-20 10:00:00,Saturday,True,Day,26.56,59.8,Normal,0,4.18,975.6,410.69,0.532,218.49
2025-09-20 10:15:00,Saturday,True,Day,26.16,59.5,Normal,0,4.02,964.1,396.84,0.526,208.74
2025-09-20 10:30:00,Saturday,True,Day,25.57,61.1,Normal,0,4.45,981.8,418.46,0.521,218.02
2025-09-20 10:45:00,Saturday,True,Day,25.98,50.5,Normal,0,3.95,956.2,348.79,0.529,184.51
2025-09-20 11:00:00,Saturday,True,Day,24.82,50.1,Normal,0,3.84,944.7,355.75,0.536,190.68
2025-09-20 11:15:00,Saturday,True,Day,24.99,49.1,Normal,0,3.55,948.6,339.62,0.519,176.26
2025-09-20 11:30:00,Saturday,True,Day,25.18,56.2,Normal,0,4.28,949.3,396.18,0.528,209.18
2025-09-20 11:45:00,Saturday,True,Day,23.7,45.3,Normal,0,3.51,936.1,302.24,0.517,156.26
2025-09-20 12:00:00,Saturday,True,Day,23.33,44.4,Normal,0,3.78,931.0,308.07,0.524,161.43
2025-09-20 12:15:00,Saturday,True,Day,22.54,43.0,Normal,0,3.49,938.0,307.88,0.507,156.1
2025-09-20 12:30:00,Saturday,True,Day,22.32,50.4,Normal,0,3.87,944.7,351.89,0.516,181.58
2025-09-20 12:45:00,Saturday,True,Day,21.39,51.0,Normal,0,3.75,954.0,372.45,0.512,190.69
2025-09-20 13:00:00,Saturday,True,Day,23.12,62.5,Normal,0,4.56,974.0,405.16,0.523,211.9
2025-09-20 13:15:00,Saturday,True,Day,23.67,65.8,Normal,0,4.58,967.5,440.64,0.513,226.05
2025-09-20 13:30:00,Saturday,True,Day,23.05,62.3,Normal,0,4.55,974.8,421.27,0.508,214.01
2025-09-20 13:45:00,Saturday,True,Day,20.31,63.1,Normal,0,4.4,978.0,426.27,0.489,208.45
2025-09-20 14:00:00,Saturday,True,Evening,21.91,54.2,Normal,0,3.96,956.6,385.49,0.498,191.97
2025-09-20 14:15:00,Saturday,True,Evening,22.19,59.0,Normal,0,4.27,969.0,407.92,0.494,201.51
2025-09-20 14:30:00,Saturday,True,Evening,20.42,50.0,Normal,0,3.99,939.7,330.76,0.493,163.06
2025-09-20 14:45:00,Saturday,True,Evening,20.61,45.2,Normal,0,3.7,929.3,333.55,0.501,167.11
2025-09-20 15:00:00,Saturday,True,Evening,18.69,48.6,Normal,0,3.73,929.8,349.71,0.503,175.9
2025-09-20 15:15:00,Saturday,True,Evening,20.28,56.3,Normal,0,3.78,943.4,377.06,0.503,189.66
2025-09-20 15:30:00,Saturday,True,Evening,19.01,42.4,Normal,0,3.54,922.8,285.96,0.513,146.7
2025-09-20 15:45:00,Saturday,True,Evening,19.83,51.7,Normal,0,3.64,941.6,347.36,0.505,175.42
2025-09-20 16:00:00,Saturday,True,Evening,18.25,50.8,Normal,0,3.81,952.6,353.13,0.488,172.33
2025-09-20 16:15:00,Saturday,True,Evening,19.78,39.5,Normal,0,3.26,899.5,292.43,0.503,147.09
2025-09-20 16:30:00,Saturday,True,Evening,20.03,22.9,Normal,0,2.26,878.0,179.09,0.508,90.98
2025-09-20 16:45:00,Saturday,True,Evening,18.47,17.1,Normal,0,2.24,876.9,168.47,0.516,86.93
2025-09-20 17:00:00,Saturday,True,Evening,18.09,21.0,Normal,0,2.7,867.9,208.11,0.503,104.68
2025-09-20 17:15:00,Saturday,True,Evening,17.2,24.2,Normal,0,2.49,876.6,220.57,0.505,111.39
2025-09-20 17:30:00,Saturday,True,Evening,18.66,31.2,Normal,0,3.0,898.7,247.54,0.519,128.47
2025-09-20 17:45:00,Saturday,True,Evening,18.37,30.3,Normal,0,3.19,896.9,254.44,0.512,130.27
2025-09-20 18:00:00,Saturday,True,Evening,17.59,26.1,Normal,0,2.76,878.5,222.16,0.496,110.19
2025-09-20 18:15:00,Saturday,True,Evening,19.2,26.7,Normal,0,2.57,876.4,225.91,0.496,112.05
2025-09-20 18:30:00,Saturday,True,Evening,18.51,29.8,Normal,0,2.85,896.9,236.32,0.535,126.43
2025-09-20 18:45:00,Saturday,True,Evening,18.06,33.7,Normal,0,3.08,885.8,258.51,0.502,129.77
2025-09-20 19:00:00,Saturday,True,Evening,18.55,31.0,Normal,0,3.09,901.4,232.06,0.52,120.67
2025-09-20 19:15:00,Saturday,True,Evening,19.95,38.9,Normal,0,3.43,912.5,291.19,0.533,155.2
2025-09-20 19:30:00,Saturday,True,Evening,19.69,36.6,Normal,0,2.73,909.7,248.82,0.509,126.65
2025-09-20 19:45:00,Saturday,True,Evening,19.24,33.1,Normal,0,2.85,896.3,255.18,0.519,132.44
2025-09-20 20:00:00,Saturday,True,Evening,19.99,32.0,Normal,0,2.91,909.8,241.3,0.521,125.72
2025-09-20 20:15:00,Saturday,True,Evening,18.74,40.7,Normal,0,3.19,921.1,291.87,0.554,161.7
2025-09-20 20:30:00,Saturday,True,Evening,19.89,41.2,Normal,0,2.81,918.7,273.81,0.559,153.06
2025-09-20 20:45:00,Saturday,True,Evening,20.19,38.2,Normal,0,3.11,911.3,270.07,0.535,144.49
2025-09-20 21:00:00,Saturday,True,Evening,19.92,45.3,Normal,0,3.55,930.4,319.74,0.552,176.5
2025-09-20 21:15:00,Saturday,True,Evening,20.88,58.8,Normal,0,4.1,985.3,403.91,0.552,222.96
2025-09-20 21:30:00,Saturday,True,Evening,20.16,59.1,Normal,0,4.04,955.7,405.42,0.549,222.58
2025-09-20 21:45:00,Saturday,True,Evening,21.46,65.6,Normal,0,4.49,992.2,428.73,0.539,231.09
2025-09-20 22:00:00,Saturday,True,Night,21.77,62.0,Normal,0,4.37,979.4,402.57,0.582,234.3
2025-09-20 22:15:00,Saturday,True,Night,19.28,56.1,Normal,0,3.98,970.4,369.42,0.544,200.96
2025-09-20 22:30:00,Saturday,True,Night,22.87,54.7,Normal,0,4.19,962.5,364.61,0.567,206.73
2025-09-20 22:45:00,Saturday,True,Night,19.78,45.6,Normal,0,3.58,932.3,333.8,0.562,187.6
2025-09-20 23:00:00,Saturday,True,Night,22.04,44.1,Normal,0,3.37,938.4,321.38,0.581,186.72
2025-09-20 23:15:00,Saturday,True,Night,23.67,40.2,Normal,0,3.15,923.7,275.5,0.583,160.62
2025-09-20 23:30:00,Saturday,True,Night,22.92,38.1,Normal,0,,922.0,293.9,0.567,166.64
2025-09-20 23:45:00,Saturday,True,Night,22.33,34.2,Normal,0,3.19,917.2,273.05,0.572,156.18
2025-09-21 00:00:00,Sunday,True,Night,22.86,33.5,Normal,0,2.87,905.2,234.37,0.567,132.89
2025-09-21 00:15:00,Sunday,True,Night,24.88,37.9,Normal,0,3.29,913.7,266.95,0.587,156.7
2025-09-21 00:30:00,Sunday,True,Night,22.85,37.8,Normal,0,3.21,910.0,258.5,0.594,153.55
2025-09-21 00:45:00,Sunday,True,Night,25.61,27.2,Normal,0,2.99,894.5,226.31,0.585,132.39
2025-09-21 01:00:00,Sunday,True,Night,24.98,24.6,Normal,0,2.62,876.9,209.56,0.589,123.43
2025-09-21 01:15:00,Sunday,True,Night,24.39,17.7,Normal,0,2.11,863.4,174.92,0.612,107.05
2025-09-21 01:30:00,Sunday,True,Night,25.18,22.2,Normal,0,2.55,870.3,178.62,0.604,107.89
2025-09-21 01:45:00,Sunday,True,Night,25.13,27.7,Normal,0,2.83,895.8,212.03,0.609,129.13
2025-09-21 02:00:00,Sunday,True,Night,26.93,31.1,Maintenance,1,2.82,757.8,153.47,0.575,88.25
2025-09-21 02:15:00,Sunday,True,Night,27.1,27.8,Maintenance,1,2.54,790.4,136.32,0.604,82.34
2025-09-21 02:30:00,Sunday,True,Night,25.4,31.1,Maintenance,1,2.96,804.1,146.74,0.601,88.19
2025-09-21 02:45:00,Sunday,True,Night,26.71,29.7,Maintenance,1,2.82,763.7,130.73,0.587,76.74
2025-09-21 03:00:00,Sunday,True,Night,26.58,24.5,Maintenance,1,2.33,773.3,145.14,0.589,85.49
2025-09-21 03:15:00,Sunday,True,Night,28.53,31.1,Maintenance,1,2.92,795.6,156.68,0.598,93.69
2025-09-21 03:30:00,Sunday,True,Night,26.62,37.5,Maintenance,1,3.09,817.0,161.01,0.587,94.51
2025-09-21 03:45:00,Sunday,True,Night,29.17,43.8,Maintenance,1,3.26,855.4,187.78,0.592,111.17
2025-09-21 04:00:00,Sunday,True,Night,28.04,40.1,Maintenance,1,3.26,837.1,209.74,0.595,124.8
2025-09-21 04:15:00,Sunday,True,Night,27.29,47.5,Maintenance,1,3.85,823.2,218.97,0.604,132.26
2025-09-21 04:30:00,Sunday,True,Night,27.81,44.0,Maintenance,1,3.67,825.9,174.03,0.591,102.85
2025-09-21 04:45:00,Sunday,True,Night,27.83,47.8,Maintenance,1,3.81,795.6,230.09,0.592,136.21
2025-09-21 05:00:00,Sunday,True,Night,27.54,44.2,Maintenance,1,3.54,812.2,198.1,0.606,120.05
2025-09-21 05:15:00,Sunday,True,Night,28.71,42.7,Maintenance,1,3.52,802.9,173.56,0.576,99.97
2025-09-21 05:30:00,Sunday,True,Night,27.71,28.2,Maintenance,1,2.75,770.5,119.07,0.594,70.73
2025-09-21 05:45:00,Sunday,True,Night,26.98,28.2,Maintenance,1,2.57,759.0,139.49,0.594,82.86
2025-09-21 06:00:00,Sunday,True,Day,28.43,44.5,Normal,0,3.38,932.6,296.62,0.592,175.6
2025-09-21 06:15:00,Sunday,True,Day,27.28,43.5,Normal,0,3.38,930.6,303.82,0.581,176.52
2025-09-21 06:30:00,Sunday,True,Day,28.09,55.7,Normal,0,4.24,965.5,380.61,0.573,218.09
2025-09-21 06:45:00,Sunday,True,Day,27.91,48.9,Normal,0,3.88,947.3,335.99,0.596,200.25
2025-09-21 07:00:00,Sunday,True,Day,27.86,46.5,Normal,0,3.45,944.7,330.95,0.57,188.64
2025-09-21 07:15:00,Sunday,True,Day,30.07,42.3,Normal,0,3.42,931.3,289.5,0.565,163.57
2025-09-21 07:30:00,Sunday,True,Day,28.4,40.7,Normal,0,3.28,937.8,274.08,0.573,157.05
2025-09-21 07:45:00,Sunday,True,Day,28.41,48.8,Normal,0,3.69,960.7,332.09,0.563,186.97
2025-09-21 08:00:00,Sunday,True,Day,26.64,58.7,Normal,0,4.09,961.5,395.01,0.578,228.32
2025-09-21 08:15:00,Sunday,True,Day,27.37,78.5,Normal,0,5.27,1020.9,529.93,0.561,297.29
2025-09-21 08:30:00,Sunday,True,Day,27.87,50.3,Normal,0,3.78,956.8,344.31,0.573,197.29
2025-09-21 08:45:00,Sunday,True,Day,26.67,44.1,Normal,0,3.53,938.7,299.62,0.562,168.39
2025-09-21 09:00:00,Sunday,True,Day,27.99,53.5,Normal,0,3.97,955.3,354.93,0.55,195.21
2025-09-21 09:15:00,Sunday,True,Day,26.07,60.7,Normal,0,4.11,977.0,400.94,0.562,225.33
2025-09-21 09:30:00,Sunday,True,Day,26.55,59.6,Normal,0,4.23,960.0,395.18,0.541,213.79
2025-09-21 09:45:00,Sunday,True,Day,26.04,50.9,Normal,0,3.97,950.3,362.6,0.541,196.17
2025-09-21 10:00:00,Sunday,True,Day,26.36,43.8,Normal,0,3.7,921.3,313.83,0.547,171.67
2025-09-21 10:15:00,Sunday,True,Day,25.43,46.4,Normal,0,3.43,942.8,314.64,0.54,169.91
2025-09-21 10:30:00,Sunday,True,Day,25.43,51.0,Normal,0,3.59,941.3,355.5,0.528,187.7
2025-09-21 10:45:00,Sunday,True,Day,25.15,39.3,Normal,0,3.28,922.1,288.23,0.516,148.73
2025-09-21 11:00:00,Sunday,True,Day,24.44,39.5,Normal,0,3.45,923.3,274.21,0.529,145.06
2025-09-21 11:15:00,Sunday,True,Day,25.1,51.3,Normal,0,3.89,951.3,319.78,0.519,165.97
2025-09-21 11:30:00,Sunday,True,Day,24.58,50.7,Normal,0,3.91,943.8,335.79,0.523,175.62
2025-09-21 11:45:00,Sunday,True,Day,23.99,60.4,Normal,0,4.05,970.9,408.62,0.516,210.85
2025-09-21 12:00:00,Sunday,True,Day,23.39,88.1,Normal,0,5.4,1050.8,604.79,0.511,309.05
2025-09-21 12:15:00,Sunday,True,Day,24.04,56.5,Normal,0,3.74,959.5,359.41,0.513,184.38
2025-09-21 12:30:00,Sunday,True,Day,22.89,54.8,Normal,0,3.97,957.9,378.03,0.512,193.55
2025-09-21 12:45:00,Sunday,True,Day,22.51,54.3,Normal,0,3.65,951.7,368.89,0.518,191.09
2025-09-21 13:00:00,Sunday,True,Day,22.52,48.9,Normal,0,3.92,950.8,355.12,0.513,182.18
2025-09-21 13:15:00,Sunday,True,Day,23.48,44.1,Normal,0,3.73,932.1,323.46,0.528,170.79
2025-09-21 13:30:00,Sunday,True,Day,20.75,54.7,Normal,0,4.01,949.6,384.51,0.507,194.95
2025-09-21 13:45:00,Sunday,True,Day,22.14,49.1,Normal,0,3.5,942.9,338.81,0.497,168.39
2025-09-21 14:00:00,Sunday,True,Evening,19.72,50.5,Normal,0,3.85,942.5,351.45,0.501,176.08
2025-09-21 14:15:00,Sunday,True,Evening,21.13,47.9,Normal,0,3.95,950.2,333.56,0.508,169.45
2025-09-21 14:30:00,Sunday,True,Evening,21.95,48.2,Normal,0,3.76,940.1,342.32,0.511,174.93
2025-09-21 14:45:00,Sunday,True,Evening,20.83,51.9,Normal,0,4.04,937.8,343.42,0.514,176.52
2025-09-21 15:00:00,Sunday,True,Evening,20.33,48.2,Normal,0,3.62,943.2,330.46,0.49,161.93
2025-09-21 15:15:00,Sunday,True,Evening,19.52,51.9,Normal,0,3.73,962.1,358.51,0.513,183.92
2025-09-21 15:30:00,Sunday,True,Evening,19.79,39.5,Normal,0,3.27,926.6,298.9,0.5,149.45
2025-09-21 15:45:00,Sunday,True,Evening,19.37,43.5,Normal,0,3.18,917.8,295.41,0.491,145.05
2025-09-21 16:00:00,Sunday,True,Evening,18.77,29.6,Normal,0,3.14,889.3,248.37,0.499,123.94
2025-09-21 16:15:00,Sunday,True,Evening,19.02,30.8,Normal,0,2.88,894.4,237.17,0.514,121.91
2025-09-21 16:30:00,Sunday,True,Evening,19.27,38.4,Normal,0,3.36,913.7,290.53,0.507,147.3
2025-09-21 16:45:00,Sunday,True,Evening,18.38,43.6,Normal,0,3.4,929.2,297.5,0.491,146.07
2025-09-21 17:00:00,Sunday,True,Evening,18.26,36.7,Normal,0,2.92,906.0,272.15,0.493,134.17
2025-09-21 17:15:00,Sunday,True,Evening,17.74,31.4,Normal,0,3.11,887.8,244.18,0.494,120.62
2025-09-21 17:30:00,Sunday,True,Evening,19.09,29.6,Normal,0,2.64,899.3,218.65,0.501,109.54
2025-09-21 17:45:00,Sunday,True,Evening,19.18,33.3,Normal,0,3.04,892.0,250.32,0.511,127.91
2025-09-21 18:00:00,Sunday,True,Evening,18.92,23.2,Normal,0,2.56,869.1,215.79,0.5,107.9
2025-09-21 18:15:00,Sunday,True,Evening,19.51,26.5,Normal,0,2.66,875.2,206.85,0.51,105.49
2025-09-21 18:30:00,Sunday,True,Evening,18.85,31.3,Normal,0,2.77,900.6,224.8,0.53,119.14
2025-09-21 18:45:00,Sunday,True,Evening,19.14,32.0,Normal,0,2.9,898.6,248.6,0.535,133.0
2025-09-21 19:00:00,Sunday,True,Evening,19.15,37.4,Normal,0,3.04,918.3,254.22,0.537,136.52
2025-09-21 19:15:00,Sunday,True,Evening,18.92,40.4,Normal,0,3.44,912.3,306.29,0.506,154.98
2025-09-21 19:30:00,Sunday,True,Evening,18.69,38.4,Normal,0,3.31,903.3,294.31,0.544,160.1
2025-09-21 19:45:00,Sunday,True,Evening,21.02,28.3,Normal,0,2.74,886.4,236.61,0.531,125.64
2025-09-21 20:00:00,Sunday,True,Evening,19.04,31.8,Normal,0,2.83,895.7,242.21,0.534,129.34
2025-09-21 20:15:00,Sunday,True,Evening,19.04,28.4,Normal,0,3.06,890.3,249.33,0.546,136.13
2025-09-21 20:30:00,Sunday,True,Evening,20.11,27.6,Normal,0,2.51,874.0,231.87,0.546,126.6
2025-09-21 20:45:00,Sunday,True,Evening,20.17,33.3,Normal,0,2.75,905.6,242.4,0.524,127.02
2025-09-21 21:00:00,Sunday,True,Evening,19.07,43.9,Normal,0,3.48,920.3,321.99,0.54,173.87
2025-09-21 21:15:00,Sunday,True,Evening,21.33,44.6,Normal,0,3.48,925.8,302.11,0.545,164.65
2025-09-21 21:30:00,Sunday,True,Evening,20.61,48.7,Normal,0,3.88,950.0,337.47,0.539,181.9
2025-09-21 21:45:00,Sunday,True,Evening,20.07,40.3,Normal,0,3.42,901.7,271.07,0.566,153.43
2025-09-21 22:00:00,Sunday,True,Night,22.18,35.0,Normal,0,3.07,910.2,262.29,0.573,150.29
2025-09-21 22:15:00,Sunday,True,Night,22.02,35.6,Normal,0,3.17,911.6,262.28,0.562,147.4
2025-09-21 22:30:00,Sunday,True,Night,20.81,43.9,Normal,0,3.56,922.2,304.67,0.568,173.05
2025-09-21 22:45:00,Sunday,True,Night,23.55,40.5,Normal,0,3.64,918.9,293.56,0.568,166.74
2025-09-21 23:00:00,Sunday,True,Night,22.96,39.4,Normal,0,3.31,929.0,279.5,0.572,159.87
2025-09-21 23:15:00,Sunday,True,Night,22.75,46.2,Normal,0,3.49,951.8,321.26,0.585,187.94
2025-09-21 23:30:00,Sunday,True,Night,24.35,45.2,Normal,0,3.58,943.4,330.01,0.559,184.48
2025-09-21 23:45:00,Sunday,True,Night,23.53,38.3,Normal,0,2.83,932.1,261.54,0.585,153.0
2025-09-22 00:00:00,Monday,False,Night,23.6,79.2,Normal,0,5.09,1013.7,558.06,0.582,324.79
2025-09-22 00:15:00,Monday,False,Night,23.42,71.4,Normal,0,4.91,987.0,500.09,0.578,289.05
2025-09-22 00:30:00,Monday,False,Night,24.74,70.6,Normal,0,4.8,998.3,496.02,0.582,288.68
2025-09-22 00:45:00,Monday,False,Night,24.97,72.4,Normal,0,4.83,1009.8,503.78,0.607,305.79
2025-09-22 01:00:00,Monday,False,Night,24.92,73.4,Normal,0,4.93,991.0,503.01,0.578,290.74
2025-09-22 01:15:00,Monday,False,Night,24.59,71.6,Normal,0,4.92,993.7,547.04,0.591,323.3
2025-09-22 01:30:00,Monday,False,Night,25.64,70.1,Normal,0,4.9,991.6,495.88,0.611,302.98
2025-09-22 01:45:00,Monday,False,Night,25.77,68.4,Normal,0,4.68,996.9,469.56,0.583,273.75
2025-09-22 02:00:00,Monday,False,Night,25.05,61.7,Normal,0,4.26,978.5,418.55,0.592,247.78
2025-09-22 02:15:00,Monday,False,Night,25.22,75.3,Normal,0,4.57,1004.6,516.8,0.598,309.05
2025-09-22 02:30:00,Monday,False,Night,27.11,73.1,Normal,0,4.97,1008.3,518.09,0.603,312.41
2025-09-22 02:45:00,Monday,False,Night,24.83,76.1,Normal,0,5.03,1003.4,538.93,0.599,322.82
2025-09-22 03:00:00,Monday,False,Night,27.32,73.1,Normal,0,4.84,1003.6,519.86,0.591,307.24
2025-09-22 03:15:00,Monday,False,Night,26.99,70.4,Normal,0,4.6,989.9,490.58,0.604,296.31
2025-09-22 03:30:00,Monday,False,Night,28.63,67.4,Normal,0,4.71,992.6,469.54,0.599,281.25
2025-09-22 03:45:00,Monday,False,Night,,58.1,Normal,0,4.11,963.2,409.14,0.606,247.94
2025-09-22 04:00:00,Monday,False,Night,28.48,58.4,Normal,0,4.15,976.7,400.08,0.608,243.25
2025-09-22 04:15:00,Monday,False,Night,27.78,57.1,Normal,0,4.09,967.2,397.16,0.584,231.94
2025-09-22 04:30:00,Monday,False,Night,28.33,65.4,Normal,0,4.54,986.8,457.07,0.608,277.9
2025-09-22 04:45:00,Monday,False,Night,28.94,58.5,Normal,0,3.99,985.9,408.22,0.594,242.48
2025-09-22 05:00:00,Monday,False,Night,28.08,56.2,Normal,0,4.14,968.4,401.32,0.604,242.4
2025-09-22 05:15:00,Monday,False,Night,29.32,52.2,Normal,0,3.77,953.4,358.85,0.599,214.95
2025-09-22 05:30:00,Monday,False,Night,27.78,62.8,Normal,0,4.26,977.0,426.17,0.611,260.39
2025-09-22 05:45:00,Monday,False,Night,28.84,58.2,Normal,0,4.28,961.5,420.36,0.59,248.01
2025-09-22 06:00:00,Monday,False,Day,29.36,76.7,Normal,0,4.83,1017.1,521.62,0.584,304.63
2025-09-22 06:15:00,Monday,False,Day,29.14,83.2,Normal,0,5.4,1036.2,574.74,0.581,333.92
2025-09-22 06:30:00,Monday,False,Day,30.11,82.2,Normal,0,5.24,1016.7,571.78,0.573,327.63
2025-09-22 06:45:00,Monday,False,Day,27.91,73.9,Normal,0,4.61,998.6,498.64,0.589,293.7
2025-09-22 07:00:00,Monday,False,Day,27.34,66.7,Normal,0,4.74,986.9,479.43,0.568,272.32
2025-09-22 07:15:00,Monday,False,Day,27.56,73.7,Normal,0,4.89,999.9,499.36,0.584,291.63
2025-09-22 07:30:00,Monday,False,Day,28.77,67.1,Normal,0,4.61,993.5,468.79,0.571,267.68
2025-09-22 07:45:00,Monday,False,Day,28.5,71.3,Normal,0,4.89,1004.9,490.95,0.552,271.0
2025-09-22 08:00:00,Monday,False,Day,28.03,73.2,Normal,0,5.05,1006.8,514.01,0.582,299.15
2025-09-22 08:15:00,Monday,False,Day,26.88,76.5,Normal,0,5.0,1019.6,527.04,0.53,279.33
2025-09-22 08:30:00,Monday,False,Day,28.2,80.0,Normal,0,5.22,1020.3,556.95,0.56,311.89
2025-09-22 08:45:00,Monday,False,Day,26.4,74.7,Normal,0,4.95,1009.9,531.89,0.56,297.86
2025-09-22 09:00:00,Monday,False,Day,28.08,69.7,Normal,0,4.62,991.1,476.47,0.531,253.01
2025-09-22 09:15:00,Monday,False,Day,29.2,75.5,Normal,0,4.69,1016.8,513.31,0.555,284.89
2025-09-22 09:30:00,Monday,False,Day,26.96,72.5,Normal,0,4.83,1005.8,501.18,0.541,271.14
2025-09-22 09:45:00,Monday,False,Day,26.86,57.1,Normal,0,4.31,957.0,421.87,0.542,228.65
2025-09-22 10:00:00,Monday,False,Day,25.72,64.0,Normal,0,4.5,981.7,447.95,0.555,248.61
2025-09-22 10:15:00,Monday,False,Day,24.38,59.9,Normal,0,4.07,971.4,430.79,0.539,232.2
2025-09-22 10:30:00,Monday,False,Day,25.05,65.4,Normal,0,4.64,988.2,457.74,0.531,243.06
2025-09-22 10:45:00,Monday,False,Day,24.35,75.7,Normal,0,4.89,1013.7,536.7,0.53,284.45
2025-09-22 11:00:00,Monday,False,Day,23.75,76.6,Normal,0,4.66,1007.1,529.57,0.547,289.67
2025-09-22 11:15:00,Monday,False,Day,25.97,83.2,Normal,0,5.42,1037.3,587.5,0.53,311.38
2025-09-22 11:30:00,Monday,False,Day,24.49,84.0,Normal,0,5.16,1036.2,567.85,0.514,291.87
2025-09-22 11:45:00,Monday,False,Day,24.25,93.3,Normal,0,5.98,1049.3,642.63,0.515,330.95
2025-09-22 12:00:00,Monday,False,Day,23.37,85.5,Normal,0,5.54,1025.7,608.4,0.506,307.85
2025-09-22 12:15:00,Monday,False,Day,23.15,85.1,Normal,0,5.32,1028.5,602.0,0.511,307.62
2025-09-22 12:30:00,Monday,False,Day,23.74,88.7,Normal,0,5.58,1031.4,643.68,0.529,340.51
2025-09-22 12:45:00,Monday,False,Day,22.62,86.8,Normal,0,5.79,1039.2,596.73,0.509,303.74
2025-09-22 13:00:00,Monday,False,Day,22.75,93.1,Normal,0,5.85,1062.8,660.73,0.496,327.72
2025-09-22 13:15:00,Monday,False,Day,21.85,89.2,Normal,0,5.57,1054.3,614.13,0.512,314.43
2025-09-22 13:30:00,Monday,False,Day,21.43,100.0,Normal,0,6.43,1060.8,706.0,0.502,354.41
2025-09-22 13:45:00,Monday,False,Day,20.28,3.593189725793123,Stopped,0,1.46,637.8,32.2,0.51,16.42
2025-09-22 14:00:00,Monday,False,Evening,19.54,100.0,Normal,0,6.09,1068.7,711.74,0.501,356.58
2025-09-22 14:15:00,Monday,False,Evening,20.63,100.0,Normal,0,5.86,1049.7,695.62,0.516,358.94
2025-09-22 14:30:00,Monday,False,Evening,20.62,100.0,Normal,0,5.75,1066.2,701.93,0.492,345.35
2025-09-22 14:45:00,Monday,False,Evening,19.29,96.4,Normal,0,5.8,1055.3,685.03,0.489,334.98
2025-09-22 15:00:00,Monday,False,Evening,20.05,86.1,Normal,0,5.4,1043.4,611.7,0.51,311.97
2025-09-22 15:15:00,Monday,False,Evening,19.9,92.4,Normal,0,5.72,1042.4,654.15,0.48,313.99
2025-09-22 15:30:00,Monday,False,Evening,17.93,92.1,Normal,0,5.44,1051.5,645.43,0.498,321.42
2025-09-22 15:45:00,Monday,False,Evening,18.73,88.8,Normal,0,5.61,1038.5,619.8,0.508,314.86
2025-09-22 16:00:00,Monday,False,Evening,19.61,87.3,Normal,0,5.32,1024.8,599.5,0.479,287.16
2025-09-22 16:15:00,Monday,False,Evening,19.44,71.7,Normal,0,4.85,992.8,504.43,0.502,253.22
2025-09-22 16:30:00,Monday,False,Evening,18.08,71.0,Normal,0,4.87,1006.6,485.98,0.487,236.67
2025-09-22 16:45:00,Monday,False,Evening,19.01,67.1,Normal,0,4.49,984.0,467.04,0.485,226.51
2025-09-22 17:00:00,Monday,False,Evening,19.61,73.7,Normal,0,4.7,1009.6,498.53,0.494,246.27
2025-09-22 17:15:00,Monday,False,Evening,19.34,79.9,Normal,0,5.35,1024.4,558.83,0.504,281.65
2025-09-22 17:30:00,Monday,False,Evening,18.58,82.9,Normal,0,5.39,1020.9,567.69,0.501,284.41
2025-09-22 17:45:00,Monday,False,Evening,18.25,84.5,Normal,0,5.35,1018.0,583.32,0.521,303.91
2025-09-22 18:00:00,Monday,False,Evening,18.11,74.5,Normal,0,5.1,993.9,513.16,0.513,263.25
2025-09-22 18:15:00,Monday,False,Evening,19.0,78.2,Normal,0,5.06,1024.7,535.75,0.509,272.7
2025-09-22 18:30:00,Monday,False,Evening,18.82,81.7,Normal,0,5.11,1022.9,565.01,0.503,284.2
2025-09-22 18:45:00,Monday,False,Evening,19.22,88.5,Normal,0,5.35,1025.2,589.29,0.521,307.02
2025-09-22 19:00:00,Monday,False,Evening,18.89,99.7,Normal,0,5.97,1073.4,686.01,0.542,371.82
2025-09-22 19:15:00,Monday,False,Evening,19.54,86.7,Normal,0,5.54,1020.5,612.99,0.517,316.92
2025-09-22 19:30:00,Monday,False,Evening,19.07,83.1,Normal,0,5.47,1018.8,582.22,0.521,303.34
2025-09-22 19:45:00,Monday,False,Evening,19.76,77.8,Normal,0,5.03,1013.4,532.62,0.519,276.43
2025-09-22 20:00:00,Monday,False,Evening,19.98,78.6,Normal,0,5.25,1035.0,560.11,0.545,305.26
2025-09-22 20:15:00,Monday,False,Evening,18.82,78.4,Normal,0,5.02,1020.0,537.43,0.545,292.9
2025-09-22 20:30:00,Monday,False,Evening,18.2,76.7,Normal,0,4.86,1004.9,523.72,0.535,280.19
2025-09-22 20:45:00,Monday,False,Evening,21.09,82.8,Normal,0,5.05,1026.5,564.09,0.536,302.35
2025-09-22 21:00:00,Monday,False,Evening,20.29,75.3,Normal,0,4.84,1014.2,540.64,0.536,289.78
2025-09-22 21:15:00,Monday,False,Evening,18.95,69.2,Normal,0,4.46,1001.9,480.85,0.546,262.54
2025-09-22 21:30:00,Monday,False,Evening,20.0,63.9,Normal,0,4.71,976.2,453.6,0.562,254.92
2025-09-22 21:45:00,Monday,False,Evening,21.46,63.1,Normal,0,4.44,975.6,447.09,0.556,248.58
2025-09-22 22:00:00,Monday,False,Night,20.89,49.3,Normal,0,3.73,935.7,337.92,0.572,193.29
2025-09-22 22:15:00,Monday,False,Night,21.0,51.3,Normal,0,4.09,952.8,367.98,0.555,204.23
2025-09-22 22:30:00,Monday,False,Night,22.83,52.3,Normal,0,3.68,959.6,376.51,0.542,204.07
2025-09-22 22:45:00,Monday,False,Night,21.17,49.5,Normal,0,3.73,927.6,356.71,0.594,211.89
2025-09-22 23:00:00,Monday,False,Night,21.69,56.9,Normal,0,4.39,958.8,429.75,0.573,246.25
2025-09-22 23:15:00,Monday,False,Night,22.81,57.9,Normal,0,4.11,955.7,402.18,0.582,234.07
2025-09-22 23:30:00,Monday,False,Night,23.28,65.5,Normal,0,4.85,986.0,473.1,0.569,269.19
2025-09-22 23:45:00,Monday,False,Night,23.69,64.6,Normal,0,4.56,972.9,460.54,0.566,260.67
2025-09-23 00:00:00,Tuesday,False,Night,24.22,64.9,Normal,0,4.65,973.5,457.21,0.584,267.01
2025-09-23 00:15:00,Tuesday,False,Night,23.97,61.9,Normal,0,4.52,985.3,441.46,0.565,249.42
2025-09-23 00:30:00,Tuesday,False,Night,24.53,62.6,Normal,0,4.35,977.2,435.35,0.584,254.24
2025-09-23 00:45:00,Tuesday,False,Night,24.25,67.5,Normal,0,4.5,990.1,449.01,0.599,268.96
2025-09-23 01:00:00,Tuesday,False,Night,24.83,65.1,Normal,0,4.44,988.5,457.79,0.595,272.39
2025-09-23 01:15:00,Tuesday,False,Night,25.18,68.5,Normal,0,4.47,1001.6,479.0,0.595,285.0
2025-09-23 01:30:00,Tuesday,False,Night,25.57,63.6,Normal,0,4.38,978.5,450.13,0.612,275.48
2025-09-23 01:45:00,Tuesday,False,Night,26.32,68.7,Normal,0,4.62,992.0,478.4,0.6,287.04
2025-09-23 02:00:00,Tuesday,False,Night,26.43,65.1,Normal,0,4.72,983.2,468.62,0.578,270.86
2025-09-23 02:15:00,Tuesday,False,Night,26.3,70.6,Normal,0,4.8,1008.6,484.44,0.597,289.21
2025-09-23 02:30:00,Tuesday,False,Night,25.88,70.6,Normal,0,5.06,999.1,511.71,0.618,316.24
2025-09-23 02:45:00,Tuesday,False,Night,26.84,79.4,Normal,0,4.78,1020.0,535.7,0.596,319.28
2025-09-23 03:00:00,Tuesday,False,Night,27.0,71.1,Normal,0,4.55,1004.9,490.09,0.618,302.88
2025-09-23 03:15:00,Tuesday,False,Night,27.4,61.9,Normal,0,4.26,993.7,441.02,0.61,269.02
2025-09-23 03:30:00,Tuesday,False,Night,29.22,58.9,Normal,0,4.4,973.6,414.2,0.596,246.86
2025-09-23 03:45:00,Tuesday,False,Night,27.22,51.7,Normal,0,3.83,951.3,378.56,0.589,222.97
2025-09-23 04:00:00,Tuesday,False,Night,28.15,45.4,Normal,0,3.34,,329.2,0.603,198.51
2025-09-23 04:15:00,Tuesday,False,Night,28.83,51.8,Normal,0,3.82,965.6,373.7,0.611,228.33
2025-09-23 04:30:00,Tuesday,False,Night,28.18,53.7,Normal,0,3.76,968.7,379.23,0.582,220.71
2025-09-23 04:45:00,Tuesday,False,Night,30.09,52.6,Normal,0,3.68,954.0,367.22,0.598,219.6
2025-09-23 05:00:00,Tuesday,False,Night,28.01,52.1,Normal,0,4.17,950.3,401.57,0.575,230.9
2025-09-23 05:15:00,Tuesday,False,Night,28.65,50.4,Normal,0,3.74,936.6,353.57,0.59,208.61
2025-09-23 05:30:00,Tuesday,False,Night,27.8,62.4,Normal,0,4.37,988.4,415.57,0.576,239.37
2025-09-23 05:45:00,Tuesday,False,Night,28.19,58.7,Normal,0,4.16,972.3,405.85,0.596,241.89
2025-09-23 06:00:00,Tuesday,False,Day,28.69,65.9,Normal,0,4.46,975.7,459.33,0.581,266.87
2025-09-23 06:15:00,Tuesday,False,Day,29.15,72.6,Normal,0,4.67,1016.8,499.15,0.598,298.49
2025-09-23 06:30:00,Tuesday,False,Day,28.7,72.4,Normal,0,4.74,1003.7,512.16,0.578,296.03
2025-09-23 06:45:00,Tuesday,False,Day,29.4,85.8,Normal,0,5.43,1038.7,608.49,0.575,349.88
2025-09-23 07:00:00,Tuesday,False,Day,28.24,82.2,Normal,0,5.44,1018.4,571.38,0.562,321.12
2025-09-23 07:15:00,Tuesday,False,Day,27.96,87.2,Normal,0,5.59,1046.7,594.34,0.58,344.72
2025-09-23 07:30:00,Tuesday,False,Day,30.27,93.1,Normal,0,5.52,1063.4,637.15,0.578,368.27
2025-09-23 07:45:00,Tuesday,False,Day,28.29,88.6,Normal,0,5.65,1046.1,620.93,0.579,359.52
2025-09-23 08:00:00,Tuesday,False,Day,27.24,83.4,Normal,0,5.35,1029.3,565.66,0.574,324.69
2025-09-23 08:15:00,Tuesday,False,Day,27.09,87.7,Normal,0,5.37,1064.3,608.15,0.568,345.43
2025-09-23 08:30:00,Tuesday,False,Day,26.7,90.4,Normal,0,5.61,1040.1,646.03,0.567,366.3
2025-09-23 08:45:00,Tuesday,False,Day,27.99,81.0,Normal,0,5.26,1021.5,567.57,0.564,320.11
2025-09-23 09:00:00,Tuesday,False,Day,26.73,74.3,Normal,0,4.88,1015.2,516.94,0.563,291.04
2025-09-23 09:15:00,Tuesday,False,Day,26.88,60.0,Normal,0,4.3,965.8,412.26,0.536,220.97
2025-09-23 09:30:00,Tuesday,False,Day,26.48,66.2,Normal,0,4.38,980.4,460.42,0.543,250.01
2025-09-23 09:45:00,Tuesday,False,Day,26.85,66.6,Normal,0,4.83,999.4,467.85,0.528,247.02
2025-09-23 10:00:00,Tuesday,False,Day,25.31,67.4,Normal,0,4.28,996.0,467.09,0.545,254.56
2025-09-23 10:15:00,Tuesday,False,Day,24.84,59.0,Normal,0,4.27,973.6,424.8,0.554,235.34
2025-09-23 10:30:00,Tuesday,False,Day,25.58,55.2,Normal,0,4.07,962.3,402.58,0.544,219.0
2025-09-23 10:45:00,Tuesday,False,Day,25.57,55.5,Normal,0,4.12,956.1,396.8,0.526,208.72
2025-09-23 11:00:00,Tuesday,False,Day,25.05,54.7,Normal,0,3.88,957.2,392.38,0.534,209.53
2025-09-23 11:15:00,Tuesday,False,Day,23.81,58.7,Normal,0,4.35,967.6,411.81,0.529,217.85
2025-09-23 11:30:00,Tuesday,False,Day,24.68,65.0,Normal,0,4.44,991.4,465.31,0.525,244.29
2025-09-23 11:45:00,Tuesday,False,Day,23.22,80.6,Normal,0,4.98,1025.9,548.12,0.507,277.9
2025-09-23 12:00:00,Tuesday,False,Day,23.07,80.7,Normal,0,4.99,1015.2,554.86,0.531,294.63
2025-09-23 12:15:00,Tuesday,False,Day,22.4,87.5,Normal,0,5.48,1045.4,623.38,0.504,314.18
2025-09-23 12:30:00,Tuesday,False,Day,23.87,81.9,Normal,0,4.97,1012.8,558.97,0.509,284.52
2025-09-23 12:45:00,Tuesday,False,Day,23.02,71.8,Normal,0,5.03,997.8,489.85,0.521,255.21
2025-09-23 13:00:00,Tuesday,False,Day,22.68,71.0,Normal,0,4.88,988.9,491.15,0.505,248.03
2025-09-23 13:15:00,Tuesday,False,Day,22.88,62.7,Normal,0,4.63,970.6,457.21,0.508,232.26
2025-09-23 13:30:00,Tuesday,False,Day,23.82,65.1,Normal,0,4.72,999.6,437.52,0.507,221.82
2025-09-23 13:45:00,Tuesday,False,Day,19.91,62.4,Normal,0,4.29,962.6,435.95,0.505,220.15
2025-09-23 14:00:00,Tuesday,False,Evening,20.4,47.1,Normal,0,3.51,929.9,335.3,0.504,168.99
2025-09-23 14:15:00,Tuesday,False,Evening,20.22,61.0,Normal,0,3.87,975.2,419.26,0.504,211.31
2025-09-23 14:30:00,Tuesday,False,Evening,19.76,59.5,Normal,0,4.15,963.2,413.66,0.502,207.66
2025-09-23 14:45:00,Tuesday,False,Evening,19.33,51.7,Normal,0,4.12,948.4,385.66,0.492,189.74
2025-09-23 15:00:00,Tuesday,False,Evening,19.71,60.0,Normal,0,4.11,979.6,420.89,0.485,204.13
2025-09-23 15:15:00,Tuesday,False,Evening,18.75,57.5,Normal,0,4.09,966.4,416.07,0.51,212.2
2025-09-23 15:30:00,Tuesday,False,Evening,19.79,66.3,Normal,0,4.43,980.2,472.88,0.51,241.17
2025-09-23 15:45:00,Tuesday,False,Evening,19.37,63.1,Normal,0,4.43,974.6,442.46,0.504,223.0
2025-09-23 16:00:00,Tuesday,False,Evening,19.54,61.4,Normal,0,4.49,975.8,430.67,0.504,217.06
2025-09-23 16:15:00,Tuesday,False,Evening,19.41,65.2,Normal,0,4.24,986.0,454.81,0.492,223.77
2025-09-23 16:30:00,Tuesday,False,Evening,19.35,70.0,Normal,0,4.48,993.0,488.38,0.478,233.45
2025-09-23 16:45:00,Tuesday,False,Evening,18.45,75.4,Normal,0,5.15,1008.5,515.76,0.501,258.4
2025-09-23 17:00:00,Tuesday,False,Evening,,74.9,Normal,0,5.01,1008.8,524.2,0.486,254.76
2025-09-23 17:15:00,Tuesday,False,Evening,18.77,78.2,Normal,0,5.01,1012.2,656.53,0.508,333.52
2025-09-23 17:30:00,Tuesday,False,Evening,17.04,82.4,Normal,0,5.49,1017.2,572.41,0.521,298.23
2025-09-23 17:45:00,Tuesday,False,Evening,17.7,82.9,Normal,0,5.05,1029.8,565.91,0.504,285.22
2025-09-23 18:00:00,Tuesday,False,Evening,17.09,81.2,Normal,0,5.32,1021.4,560.19,0.506,283.46
2025-09-23 18:15:00,Tuesday,False,Evening,18.51,71.9,Normal,0,4.76,980.3,510.13,0.504,257.11
2025-09-23 18:30:00,Tuesday,False,Evening,18.43,76.0,Normal,0,5.04,1000.5,524.59,0.517,271.21
2025-09-23 18:45:00,Tuesday,False,Evening,18.21,76.2,Normal,0,4.6,1003.6,533.19,0.518,276.19
2025-09-23 19:00:00,Tuesday,False,Evening,20.27,73.7,Normal,0,4.81,1001.3,511.91,0.511,261.59
2025-09-23 19:15:00,Tuesday,False,Evening,19.19,81.7,Normal,0,5.31,,558.85,0.533,297.87
2025-09-23 19:30:00,Tuesday,False,Evening,19.45,72.4,Normal,0,4.78,1024.6,506.27,0.554,280.47
2025-09-23 19:45:00,Tuesday,False,Evening,18.26,82.7,Normal,0,5.43,1004.1,564.47,0.542,305.94
2025-09-23 20:00:00,Tuesday,False,Evening,18.36,81.8,Normal,0,5.39,1024.0,577.7,0.532,307.34
2025-09-23 20:15:00,Tuesday,False,Evening,19.36,83.0,Normal,0,5.12,1025.9,572.31,0.535,306.19
2025-09-23 20:30:00,Tuesday,False,Evening,19.66,79.8,Normal,0,5.24,1016.2,564.54,0.534,301.46
2025-09-23 20:45:00,Tuesday,False,Evening,18.24,69.3,Normal,0,4.5,994.6,493.54,0.537,265.03
2025-09-23 21:00:00,Tuesday,False,Evening,19.81,69.3,Normal,0,4.66,992.7,464.58,0.555,257.84
2025-09-23 21:15:00,Tuesday,False,Evening,20.2,72.1,Normal,0,4.87,995.9,497.35,0.559,278.02
2025-09-23 21:30:00,Tuesday,False,Evening,20.27,76.6,Normal,0,4.85,1010.3,517.08,0.541,279.74
2025-09-23 21:45:00,Tuesday,False,Evening,20.06,75.4,Normal,0,5.04,1011.4,547.13,0.559,305.85
2025-09-23 22:00:00,Tuesday,False,Night,20.55,54.3,Normal,0,3.89,958.3,381.13,0.57,217.24
2025-09-23 22:15:00,Tuesday,False,Night,21.13,46.7,Normal,0,3.53,937.6,327.6,0.558,182.8
2025-09-23 22:30:00,Tuesday,False,Night,21.65,61.5,Normal,0,4.41,968.8,455.2,0.563,256.28
2025-09-23 22:45:00,Tuesday,False,Night,22.36,55.8,Normal,0,3.91,982.3,388.08,0.575,223.15
2025-09-23 23:00:00,Tuesday,False,Night,23.06,65.8,Normal,0,4.36,988.2,440.45,0.578,254.58
2025-09-23 23:15:00,Tuesday,False,Night,22.28,60.5,Normal,0,4.41,977.6,416.63,0.578,240.81
2025-09-23 23:30:00,Tuesday,False,Night,22.47,60.3,Normal,0,4.26,967.1,425.05,0.579,246.1
2025-09-23 23:45:00,Tuesday,False,Night,23.51,64.9,Normal,0,4.23,985.0,449.6,0.584,262.57
2025-09-24 00:00:00,Wednesday,False,Night,23.83,60.4,Normal,0,4.38,973.9,418.49,0.579,242.31
2025-09-24 00:15:00,Wednesday,False,Night,23.32,70.9,Normal,0,4.66,983.0,485.4,0.573,278.13
2025-09-24 00:30:00,Wednesday,False,Night,24.62,71.0,Normal,0,4.52,993.9,489.7,0.571,279.62
2025-09-24 00:45:00,Wednesday,False,Night,25.1,73.4,Normal,0,4.46,1000.1,515.69,0.595,306.84
2025-09-24 01:00:00,Wednesday,False,Night,25.67,71.1,Normal,0,4.87,995.9,499.54,0.592,295.73
2025-09-24 01:15:00,Wednesday,False,Night,26.37,74.7,Normal,0,4.76,1001.7,509.97,0.597,304.45
2025-09-24 01:30:00,Wednesday,False,Night,24.56,83.4,Normal,0,5.09,1030.9,574.47,0.586,336.64
2025-09-24 01:45:00,Wednesday,False,Night,25.56,80.7,Normal,0,5.25,1035.8,570.96,0.597,340.86
2025-09-24 02:00:00,Wednesday,False,Night,25.85,89.6,Normal,0,5.67,1048.1,645.09,0.598,385.76
2025-09-24 02:15:00,Wednesday,False,Night,26.04,83.3,Normal,0,5.15,1022.0,565.45,0.611,345.49
2025-09-24 02:30:00,Wednesday,False,Night,25.86,86.1,Normal,0,5.53,1030.1,612.84,0.607,371.99
2025-09-24 02:45:00,Wednesday,False,Night,25.45,86.8,Normal,0,5.73,1036.7,607.18,0.592,359.45
2025-09-24 03:00:00,Wednesday,False,Night,26.95,78.2,Normal,0,5.25,1008.1,529.56,0.605,320.38
2025-09-24 03:15:00,Wednesday,False,Night,26.48,78.2,Normal,0,5.23,1021.5,528.29,0.593,313.28
2025-09-24 03:30:00,Wednesday,False,Night,27.37,77.0,Normal,0,5.04,1027.6,549.71,0.574,315.53
2025-09-24 03:45:00,Wednesday,False,Night,26.86,70.8,Normal,0,4.65,996.3,505.1,0.617,311.65
2025-09-24 04:00:00,Wednesday,False,Night,26.79,72.6,Normal,0,4.79,1005.9,498.52,0.595,296.62
2025-09-24 04:15:00,Wednesday,False,Night,28.01,73.0,Normal,0,4.88,1003.9,505.87,0.609,308.07
2025-09-24 04:30:00,Wednesday,False,Night,28.08,71.9,Normal,0,4.58,999.6,478.06,0.591,282.53
2025-09-24 04:45:00,Wednesday,False,Night,28.54,71.1,Normal,0,4.62,1004.5,500.02,0.588,294.01
2025-09-24 05:00:00,Wednesday,False,Night,29.92,70.1,Normal,0,4.47,996.3,483.05,0.59,285.0
2025-09-24 05:15:00,Wednesday,False,Night,28.46,67.7,Normal,0,4.61,988.0,456.15,0.596,271.87
2025-09-24 05:30:00,Wednesday,False,Night,28.68,68.6,Normal,0,4.63,983.9,478.79,0.594,284.4
2025-09-24 05:45:00,Wednesday,False,Night,27.47,64.6,Normal,0,4.34,986.4,435.71,0.595,259.25
2025-09-24 06:00:00,Wednesday,False,Day,27.31,95.0,Normal,0,5.91,1070.3,675.93,0.583,394.07
2025-09-24 06:15:00,Wednesday,False,Day,29.59,85.0,Normal,0,5.19,1044.2,578.88,0.586,339.22
2025-09-24 06:30:00,Wednesday,False,Day,27.56,81.1,Normal,0,5.07,1039.1,566.12,0.575,325.52
2025-09-24 06:45:00,Wednesday,False,Day,27.41,78.2,Normal,0,5.16,1014.4,538.16,0.596,320.74
2025-09-24 07:00:00,Wednesday,False,Day,28.14,90.9,Normal,0,5.74,1059.0,615.3,0.565,347.64
2025-09-24 07:15:00,Wednesday,False,Day,28.0,81.9,Normal,0,5.09,1020.7,576.55,0.568,327.48
2025-09-24 07:30:00,Wednesday,False,Day,27.24,84.5,Normal,0,5.36,1041.1,599.86,0.569,341.32
2025-09-24 07:45:00,Wednesday,False,Day,27.58,85.7,Normal,0,5.26,1051.9,590.81,0.594,350.94
2025-09-24 08:00:00,Wednesday,False,Day,28.65,87.2,Normal,0,5.41,1047.3,610.71,0.575,351.16
2025-09-24 08:15:00,Wednesday,False,Day,26.85,94.0,Normal,0,5.76,1072.2,665.43,0.555,369.31
2025-09-24 08:30:00,Wednesday,False,Day,26.19,99.9,Normal,0,6.08,1068.3,711.71,0.569,404.96
2025-09-24 08:45:00,Wednesday,False,Day,27.85,95.0,Normal,0,5.83,1061.1,685.43,0.563,385.9
2025-09-24 09:00:00,Wednesday,False,Day,27.27,94.6,Normal,0,5.81,1053.4,668.66,0.557,372.44
2025-09-24 09:15:00,Wednesday,False,Day,26.14,81.9,Normal,0,5.05,1028.3,562.89,0.558,314.09
2025-09-24 09:30:00,Wednesday,False,Day,25.12,82.5,Normal,0,5.3,1030.9,579.19,0.548,317.4
2025-09-24 09:45:00,Wednesday,False,Day,25.52,77.7,Normal,0,5.11,1017.3,536.7,0.546,293.04
2025-09-24 10:00:00,Wednesday,False,Day,25.79,77.1,Normal,0,5.1,1012.0,526.14,0.526,276.75
2025-09-24 10:15:00,Wednesday,False,Day,26.48,67.6,Normal,0,4.47,988.7,480.85,0.552,265.43
2025-09-24 10:30:00,Wednesday,False,Day,24.42,71.7,Normal,0,4.9,1003.9,506.17,0.53,268.27
2025-09-24 10:45:00,Wednesday,False,Day,24.88,62.8,Normal,0,4.16,978.0,417.35,0.519,216.6
2025-09-24 11:00:00,Wednesday,False,Day,25.17,66.0,Normal,0,4.44,978.3,451.58,0.524,236.63
2025-09-24 11:15:00,Wednesday,False,Day,22.41,60.5,Normal,0,4.21,956.4,430.49,0.521,224.29
2025-09-24 11:30:00,Wednesday,False,Day,24.82,58.0,Normal,0,3.95,962.5,390.07,0.515,200.89
2025-09-24 11:45:00,Wednesday,False,Day,22.72,67.8,Normal,0,4.54,979.0,462.72,0.528,244.32
2025-09-24 12:00:00,Wednesday,False,Day,23.6,73.1,Normal,0,4.85,997.3,534.12,0.528,282.02
2025-09-24 12:15:00,Wednesday,False,Day,23.21,81.0,Normal,0,4.9,1020.1,554.24,0.496,274.9
2025-09-24 12:30:00,Wednesday,False,Day,23.55,90.5,Normal,0,5.53,1046.3,642.36,0.508,326.32
2025-09-24 12:45:00,Wednesday,False,Day,22.8,84.8,Normal,0,5.08,1027.3,600.11,0.507,304.26
2025-09-24 13:00:00,Wednesday,False,Day,20.14,93.5,Normal,0,6.02,1069.8,653.09,0.507,331.12
2025-09-24 13:15:00,Wednesday,False,Day,21.1,83.3,Normal,0,5.3,1017.4,581.49,0.524,304.7
2025-09-24 13:30:00,Wednesday,False,Day,21.54,87.6,Normal,0,5.48,1048.3,632.47,0.497,314.34
2025-09-24 13:45:00,Wednesday,False,Day,20.97,84.0,Normal,0,5.34,1027.9,589.38,0.52,306.48
2025-09-24 14:00:00,Wednesday,False,Evening,21.22,72.2,Normal,0,4.87,994.6,526.09,0.502,264.1
2025-09-24 14:15:00,Wednesday,False,Evening,21.19,76.3,Normal,0,5.11,1014.8,526.05,0.518,272.49
2025-09-24 14:30:00,Wednesday,False,Evening,20.78,82.0,Normal,0,4.98,1020.4,583.17,0.498,290.42
2025-09-24 14:45:00,Wednesday,False,Evening,19.87,86.7,Normal,0,5.62,1028.6,607.21,0.496,301.18
2025-09-24 15:00:00,Wednesday,False,Evening,18.33,86.7,Normal,0,5.61,1048.1,605.14,0.5,302.57
2025-09-24 15:15:00,Wednesday,False,Evening,19.21,86.2,Normal,0,5.39,1015.7,605.07,0.513,310.4
2025-09-24 15:30:00,Wednesday,False,Evening,19.7,88.2,Normal,0,5.47,1036.7,613.54,0.502,308.0
2025-09-24 15:45:00,Wednesday,False,Evening,18.31,88.5,Normal,0,5.03,1039.8,608.09,0.502,305.26
2025-09-24 16:00:00,Wednesday,False,Evening,19.51,90.3,Normal,0,5.39,1055.0,633.24,0.507,321.05
2025-09-24 16:15:00,Wednesday,False,Evening,19.58,89.8,Normal,0,5.63,1039.4,610.1,0.493,300.78
2025-09-24 16:30:00,Wednesday,False,Evening,18.82,93.2,Normal,0,5.89,1071.7,649.99,0.506,328.89
2025-09-24 16:45:00,Wednesday,False,Evening,16.15,81.4,Normal,0,5.3,1024.9,574.83,0.497,285.69
2025-09-24 17:00:00,Wednesday,False,Evening,17.49,79.9,Normal,0,5.11,997.2,562.66,0.519,292.02
2025-09-24 17:15:00,Wednesday,False,Evening,19.94,71.2,Normal,0,5.02,984.7,502.16,0.51,256.1
2025-09-24 17:30:00,Wednesday,False,Evening,17.94,73.4,Normal,0,4.98,1002.1,514.73,0.515,265.09
2025-09-24 17:45:00,Wednesday,False,Evening,16.76,83.6,Normal,0,5.23,1015.7,583.34,0.489,285.25
2025-09-24 18:00:00,Wednesday,False,Evening,19.33,79.8,Normal,0,5.45,1021.7,569.79,0.519,295.72
2025-09-24 18:15:00,Wednesday,False,Evening,18.36,80.1,Normal,0,4.97,1013.7,538.51,0.512,275.72
2025-09-24 18:30:00,Wednesday,False,Evening,19.26,84.2,Normal,0,5.09,1018.7,575.71,0.502,289.01
2025-09-24 18:45:00,Wednesday,False,Evening,18.66,70.8,Normal,0,4.65,986.6,489.04,0.52,254.3
2025-09-24 19:00:00,Wednesday,False,Evening,18.88,68.3,Normal,0,4.49,995.1,475.39,0.506,240.55
2025-09-24 19:15:00,Wednesday,False,Evening,18.89,71.4,Normal,0,4.69,979.8,472.3,0.53,250.32
2025-09-24 19:30:00,Wednesday,False,Evening,19.28,54.6,Normal,0,4.1,962.7,378.59,0.541,204.82
2025-09-24 19:45:00,Wednesday,False,Evening,20.68,51.3,Normal,0,3.83,955.8,369.31,0.512,189.09
2025-09-24 20:00:00,Wednesday,False,Evening,19.78,60.8,Normal,0,4.27,967.6,436.61,0.533,232.71
2025-09-24 20:15:00,Wednesday,False,Evening,17.92,68.7,Normal,0,4.63,977.3,472.59,0.534,252.36
2025-09-24 20:30:00,Wednesday,False,Evening,19.73,71.8,Normal,0,4.42,1002.1,485.95,0.519,252.21
2025-09-24 20:45:00,Wednesday,False,Evening,20.49,77.6,Normal,0,4.79,1008.9,539.26,0.552,297.67
2025-09-24 21:00:00,Wednesday,False,Evening,20.76,78.7,Normal,0,5.01,1003.6,540.87,0.552,298.56
2025-09-24 21:15:00,Wednesday,False,Evening,19.7,81.7,Normal,0,5.08,1037.7,575.33,0.569,327.36
2025-09-24 21:30:00,Wednesday,False,Evening,21.23,79.1,Normal,0,5.05,1010.1,545.6,0.557,303.9
2025-09-24 21:45:00,Wednesday,False,Evening,21.3,79.4,Normal,0,5.31,1006.2,542.86,0.547,296.94
2025-09-24 22:00:00,Wednesday,False,Night,22.9,67.2,Normal,0,4.55,991.0,482.25,0.564,271.99
2025-09-24 22:15:00,Wednesday,False,Night,20.53,74.9,Normal,0,4.7,1005.5,528.37,0.575,303.81
2025-09-24 22:30:00,Wednesday,False,Night,21.02,83.2,Normal,0,5.15,1039.1,567.68,0.56,317.9
2025-09-24 22:45:00,Wednesday,False,Night,21.49,89.7,Normal,0,5.81,1040.8,634.84,0.577,366.3
2025-09-24 23:00:00,Wednesday,False,Night,21.65,84.6,Normal,0,5.56,1028.3,589.29,0.548,322.93
2025-09-24 23:15:00,Wednesday,False,Night,21.65,76.9,Normal,0,5.08,1014.7,541.65,0.589,319.03
2025-09-24 23:30:00,Wednesday,False,Night,20.48,83.5,Normal,0,5.05,1029.1,567.76,0.585,332.14
2025-09-24 23:45:00,Wednesday,False,Night,22.66,84.9,Normal,0,5.39,1034.6,600.62,0.554,332.74
2025-09-25 00:00:00,Thursday,False,Night,23.47,84.8,Normal,0,5.4,1035.4,603.46,0.586,353.63
2025-09-25 00:15:00,Thursday,False,Night,23.11,79.0,Normal,0,5.09,1019.7,539.22,0.565,304.66
2025-09-25 00:30:00,Thursday,False,Night,25.38,80.3,Normal,0,5.05,1020.1,556.62,0.581,323.4
2025-09-25 00:45:00,Thursday,False,Night,24.16,72.3,Normal,0,4.73,1009.1,513.81,0.596,306.23
2025-09-25 01:00:00,Thursday,False,Night,25.5,75.6,Normal,0,4.84,1008.9,512.92,0.59,302.62
2025-09-25 01:15:00,Thursday,False,Night,24.99,82.9,Normal,0,5.08,1036.1,567.17,0.605,343.14
2025-09-25 01:30:00,Thursday,False,Night,25.75,90.9,Normal,0,5.81,1061.4,647.03,0.595,384.98
2025-09-25 01:45:00,Thursday,False,Night,25.61,92.4,Normal,0,5.8,1048.5,647.54,0.595,385.29
2025-09-25 02:00:00,Thursday,False,Night,26.77,81.2,Normal,0,5.14,1046.1,549.43,0.608,334.05
2025-09-25 02:15:00,Thursday,False,Night,26.0,80.8,Normal,0,5.21,1019.5,558.65,0.595,332.4
2025-09-25 02:30:00,Thursday,False,Night,26.62,92.1,Normal,0,5.72,1048.3,663.16,0.599,397.23
2025-09-25 02:45:00,Thursday,False,Night,26.77,84.0,Normal,0,5.65,1038.1,611.81,0.6,367.09
2025-09-25 03:00:00,Thursday,False,Night,26.48,81.7,Normal,0,5.33,1031.4,564.15,0.599,337.93
2025-09-25 03:15:00,Thursday,False,Night,27.26,88.6,Normal,0,5.63,1046.3,611.77,0.612,374.4
2025-09-25 03:30:00,Thursday,False,Night,28.93,89.8,Normal,0,5.56,1056.6,623.72,0.593,369.87
2025-09-25 03:45:00,Thursday,False,Night,27.12,100.0,Normal,0,5.93,1076.1,723.65,0.591,427.68
2025-09-25 04:00:00,Thursday,False,Night,27.84,93.6,Normal,0,5.93,1075.2,670.08,0.589,394.68
2025-09-25 04:15:00,Thursday,False,Night,28.67,84.6,Normal,0,5.43,1036.4,605.51,0.577,349.38
2025-09-25 04:30:00,Thursday,False,Night,28.71,89.9,Normal,0,5.44,1043.3,635.72,0.612,389.06
2025-09-25 04:45:00,Thursday,False,Night,27.92,80.1,Normal,0,5.2,1020.6,544.27,0.588,320.03
2025-09-25 05:00:00,Thursday,False,Night,26.1,77.5,Normal,0,5.14,1020.8,531.13,0.593,314.96
2025-09-25 05:15:00,Thursday,False,Night,28.49,76.0,Normal,0,4.64,1019.1,515.56,0.609,313.98
2025-09-25 05:30:00,Thursday,False,Night,26.36,81.2,Normal,0,5.04,1028.1,556.72,0.591,329.02
2025-09-25 05:45:00,Thursday,False,Night,29.34,83.3,Normal,0,5.33,1027.3,573.38,0.595,341.16
2025-09-25 06:00:00,Thursday,False,Day,28.31,98.2,Normal,0,5.63,1079.4,682.34,0.574,391.66
2025-09-25 06:15:00,Thursday,False,Day,28.96,93.9,Normal,0,5.47,1075.8,661.85,0.6,397.11
2025-09-25 06:30:00,Thursday,False,Day,27.41,99.7,Normal,0,5.95,1073.8,705.06,0.582,410.34
2025-09-25 06:45:00,Thursday,False,Day,26.84,100.0,Normal,0,6.07,1088.4,721.33,0.571,411.88
2025-09-25 07:00:00,Thursday,False,Day,28.21,100.0,Normal,0,6.08,1081.9,711.31,0.568,404.02
2025-09-25 07:15:00,Thursday,False,Day,27.88,100.0,Normal,0,6.24,1092.5,705.76,0.593,418.52
2025-09-25 07:30:00,Thursday,False,Day,27.4,100.0,Normal,0,6.01,1078.1,709.11,0.567,402.07
2025-09-25 07:45:00,Thursday,False,Day,27.73,98.5,Normal,0,5.88,1071.9,678.83,0.56,380.14
2025-09-25 08:00:00,Thursday,False,Day,29.72,2.097208916133847,Stopped,0,1.15,632.6,10.0,0.563,5.63
2025-09-25 08:15:00,Thursday,False,Day,28.0,90.4,Normal,0,5.53,1047.3,637.38,0.564,359.48
2025-09-25 08:30:00,Thursday,False,Day,27.98,89.3,Normal,0,5.64,1051.3,636.23,0.562,357.56
2025-09-25 08:45:00,Thursday,False,Day,27.61,99.1,Normal,0,6.07,1082.9,703.13,0.562,395.16
2025-09-25 09:00:00,Thursday,False,Day,27.89,100.0,Normal,0,6.04,1081.3,704.11,0.557,392.19
2025-09-25 09:15:00,Thursday,False,Day,26.32,100.0,Normal,0,6.08,1073.2,694.68,0.557,386.94
2025-09-25 09:30:00,Thursday,False,Day,24.58,91.4,Normal,0,5.82,1052.2,654.83,0.545,356.88
2025-09-25 09:45:00,Thursday,False,Day,25.8,98.3,Normal,0,5.94,1074.9,698.8,0.565,394.82
2025-09-25 10:00:00,Thursday,False,Day,26.32,96.0,Normal,0,6.03,1069.3,682.15,0.536,365.63
2025-09-25 10:15:00,Thursday,False,Day,24.61,84.0,Normal,0,5.19,1038.1,582.85,0.552,321.73
2025-09-25 10:30:00,Thursday,False,Day,24.95,88.0,Normal,0,5.47,1045.1,609.34,0.529,322.34
2025-09-25 10:45:00,Thursday,False,Day,24.23,93.4,Normal,0,5.64,1048.7,641.84,0.518,332.47
2025-09-25 11:00:00,Thursday,False,Day,25.67,77.5,Normal,0,5.13,1011.4,542.22,0.512,277.62
2025-09-25 11:15:00,Thursday,False,Day,24.75,73.1,Normal,0,4.67,1008.6,499.78,0.529,264.38
2025-09-25 11:30:00,Thursday,False,Day,24.35,73.5,Normal,0,4.79,1012.3,505.71,0.535,270.55
2025-09-25 11:45:00,Thursday,False,Day,24.0,78.9,Normal,0,4.8,1024.5,560.43,0.509,285.26
2025-09-25 12:00:00,Thursday,False,Day,23.15,91.5,Normal,0,5.72,1044.3,640.91,0.509,326.22
2025-09-25 12:15:00,Thursday,False,Day,23.01,71.9,Normal,0,4.95,999.3,477.99,0.519,248.08
2025-09-25 12:30:00,Thursday,False,Day,21.57,77.5,Normal,0,5.15,1004.0,534.1,0.513,273.99
2025-09-25 12:45:00,Thursday,False,Day,20.45,75.2,Normal,0,5.04,995.6,513.08,0.505,259.11
2025-09-25 13:00:00,Thursday,False,Day,22.0,79.3,Normal,0,5.22,1018.9,551.41,0.496,273.5
2025-09-25 13:15:00,Thursday,False,Day,21.83,72.9,Normal,0,4.92,1013.0,494.61,0.51,252.25
2025-09-25 13:30:00,Thursday,False,Day,22.23,65.9,Normal,0,4.59,985.7,465.49,0.512,238.33
2025-09-25 13:45:00,Thursday,False,Day,22.22,72.4,Normal,0,4.89,1016.4,502.73,0.509,255.89
2025-09-25 14:00:00,Thursday,False,Evening,21.93,69.0,Normal,0,4.54,,473.19,0.503,238.01
2025-09-25 14:15:00,Thursday,False,Evening,19.6,75.4,Normal,0,4.89,1006.8,523.97,0.491,257.27
2025-09-25 14:30:00,Thursday,False,Evening,19.85,72.3,Normal,0,4.8,991.1,500.7,0.504,252.35
2025-09-25 14:45:00,Thursday,False,Evening,20.26,68.0,Normal,0,4.54,985.8,470.56,0.503,236.69
2025-09-25 15:00:00,Thursday,False,Evening,21.67,77.1,Normal,0,4.76,1003.0,527.72,0.487,257.0
2025-09-25 15:15:00,Thursday,False,Evening,20.6,67.8,Normal,0,4.4,976.0,467.29,0.497,232.24
2025-09-25 15:30:00,Thursday,False,Evening,20.1,76.3,Normal,0,5.0,999.8,532.67,0.504,268.47
2025-09-25 15:45:00,Thursday,False,Evening,18.71,84.2,Normal,0,5.45,1028.6,590.26,0.5,295.13
2025-09-25 16:00:00,Thursday,False,Evening,18.14,88.4,Normal,0,5.5,1032.0,627.39,0.481,301.77
2025-09-25 16:15:00,Thursday,False,Evening,19.32,82.8,Normal,0,5.66,1020.9,576.99,0.495,285.61
2025-09-25 16:30:00,Thursday,False,Evening,17.68,77.1,Normal,0,4.86,1012.6,534.91,0.495,264.78
2025-09-25 16:45:00,Thursday,False,Evening,18.25,75.7,Normal,0,5.0,993.9,549.66,0.509,279.78
2025-09-25 17:00:00,Thursday,False,Evening,18.25,67.9,Normal,0,4.78,987.4,475.39,0.531,252.43
2025-09-25 17:15:00,Thursday,False,Evening,19.55,63.1,Normal,0,4.53,982.6,444.58,0.508,225.85
2025-09-25 17:30:00,Thursday,False,Evening,17.93,68.5,Normal,0,4.71,995.5,465.92,0.496,231.1
2025-09-25 17:45:00,Thursday,False,Evening,16.23,73.3,Normal,0,4.99,1002.8,504.5,0.508,256.29
2025-09-25 18:00:00,Thursday,False,Evening,18.58,67.4,Normal,0,4.57,985.3,468.0,0.512,239.62
2025-09-25 18:15:00,Thursday,False,Evening,17.63,72.5,Normal,0,5.04,992.8,512.42,0.522,267.48
2025-09-25 18:30:00,Thursday,False,Evening,18.25,75.6,Normal,0,5.12,1005.3,534.17,0.529,282.58
2025-09-25 18:45:00,Thursday,False,Evening,18.2,84.7,Normal,0,5.21,1041.9,591.24,0.533,315.13
2025-09-25 19:00:00,Thursday,False,Evening,18.13,87.1,Normal,0,5.49,1036.8,615.97,0.527,324.62
2025-09-25 19:15:00,Thursday,False,Evening,19.07,92.1,Normal,0,5.43,1047.1,630.39,0.524,330.32
2025-09-25 19:30:00,Thursday,False,Evening,17.33,93.0,Normal,0,5.92,1053.3,660.59,0.542,358.04
2025-09-25 19:45:00,Thursday,False,Evening,18.28,96.9,Normal,0,5.9,1059.7,682.42,0.526,358.95
2025-09-25 20:00:00,Thursday,False,Evening,19.39,86.6,Normal,0,5.62,1036.2,608.26,0.534,324.81
2025-09-25 20:15:00,Thursday,False,Evening,18.53,84.6,Normal,0,5.31,1026.8,584.32,0.534,312.03
2025-09-25 20:30:00,Thursday,False,Evening,17.92,83.4,Normal,0,5.0,1021.9,564.88,0.518,292.61
2025-09-25 20:45:00,Thursday,False,Evening,19.95,81.0,Normal,0,5.57,1028.8,558.15,0.555,309.77
2025-09-25 21:00:00,Thursday,False,Evening,20.54,83.1,Normal,0,5.28,1011.0,579.91,0.552,320.11
2025-09-25 21:15:00,Thursday,False,Evening,19.84,86.0,Normal,0,5.24,1037.1,601.38,0.525,315.72
2025-09-25 21:30:00,Thursday,False,Evening,18.56,87.2,Normal,0,5.62,1031.4,609.18,0.562,342.36
2025-09-25 21:45:00,Thursday,False,Evening,20.96,84.8,Normal,0,5.64,1015.9,594.13,0.553,328.55
2025-09-25 22:00:00,Thursday,False,Night,19.35,71.3,Normal,0,4.71,988.3,486.66,0.569,276.91
2025-09-25 22:15:00,Thursday,False,Night,21.21,77.5,Normal,0,5.0,1012.8,542.49,0.563,305.42
2025-09-25 22:30:00,Thursday,False,Night,20.55,78.5,Normal,0,5.1,1015.9,546.15,0.552,301.47
2025-09-25 22:45:00,Thursday,False,Night,20.64,71.1,Normal,0,4.56,1002.6,487.51,0.568,276.91
2025-09-25 23:00:00,Thursday,False,Night,21.53,69.6,Normal,0,4.56,1000.1,491.08,0.562,275.99
2025-09-25 23:15:00,Thursday,False,Night,22.05,58.9,Normal,0,4.45,954.9,425.2,0.562,238.96
2025-09-25 23:30:00,Thursday,False,Night,22.01,60.2,Normal,0,4.22,973.5,407.53,0.586,238.81
2025-09-25 23:45:00,Thursday,False,Night,23.32,60.0,Normal,0,4.11,976.9,420.62,0.584,245.64
2025-09-26 00:00:00,Friday,False,Night,22.64,57.5,Normal,0,4.05,966.0,395.64,0.597,236.2
2025-09-26 00:15:00,Friday,False,Night,24.11,68.2,Normal,0,4.76,996.2,479.22,0.581,278.43
2025-09-26 00:30:00,Friday,False,Night,23.88,61.3,Normal,0,3.99,959.3,391.89,0.577,226.12
2025-09-26 00:45:00,Friday,False,Night,23.42,66.3,Normal,0,4.55,979.0,464.08,0.595,276.13
2025-09-26 01:00:00,Friday,False,Night,23.6,79.6,Normal,0,5.48,1031.2,567.41,0.583,330.8
2025-09-26 01:15:00,Friday,False,Night,23.29,84.7,Normal,0,5.64,1030.5,593.7,0.59,350.28
2025-09-26 01:30:00,Friday,False,Night,25.15,82.5,Normal,0,5.32,1046.6,564.88,0.6,338.93
2025-09-26 01:45:00,Friday,False,Night,24.93,74.0,Normal,0,5.06,997.1,536.08,0.595,318.97
2025-09-26 02:00:00,Friday,False,Night,23.6,65.1,Normal,0,4.66,996.5,470.46,0.592,278.51
2025-09-26 02:15:00,Friday,False,Night,25.35,63.0,Normal,0,4.35,975.3,434.93,0.584,254.0
2025-09-26 02:30:00,Friday,False,Night,25.32,59.4,Normal,0,4.34,978.1,418.62,0.608,254.52
2025-09-26 02:45:00,Friday,False,Night,27.56,56.2,Normal,0,4.33,962.6,383.54,0.596,228.59
2025-09-26 03:00:00,Friday,False,Night,25.17,55.6,Normal,0,3.84,962.5,396.22,0.606,240.11
2025-09-26 03:15:00,Friday,False,Night,25.61,56.5,Normal,0,4.16,968.9,388.63,0.605,235.12
2025-09-26 03:30:00,Friday,False,Night,27.85,60.8,Normal,0,4.32,971.8,434.37,0.611,265.4
2025-09-26 03:45:00,Friday,False,Night,28.24,54.2,Normal,0,3.98,966.9,397.6,0.597,237.37
2025-09-26 04:00:00,Friday,False,Night,26.73,51.8,Normal,0,3.86,951.2,371.38,0.596,221.34
2025-09-26 04:15:00,Friday,False,Night,26.98,52.8,Normal,0,3.94,957.4,368.28,0.587,216.18
2025-09-26 04:30:00,Friday,False,Night,28.11,53.4,Normal,0,3.98,937.2,393.48,0.592,232.94
2025-09-26 04:45:00,Friday,False,Night,25.87,66.2,Normal,0,4.68,985.9,464.47,0.6,278.68
2025-09-26 05:00:00,Friday,False,Night,26.34,67.8,Normal,0,4.65,1003.1,475.09,0.587,278.88
2025-09-26 05:15:00,Friday,False,Night,27.68,58.1,Normal,0,4.12,975.4,401.0,0.597,239.4
2025-09-26 05:30:00,Friday,False,Night,29.2,61.8,Normal,0,4.19,987.4,433.85,0.607,263.35
2025-09-26 05:45:00,Friday,False,Night,27.64,65.9,Normal,0,4.43,989.7,456.57,0.586,267.55
2025-09-26 06:00:00,Friday,False,Day,28.08,79.4,Normal,0,5.14,1036.8,540.12,0.575,310.57
2025-09-26 06:15:00,Friday,False,Day,28.9,72.4,Normal,0,4.68,1008.8,514.7,0.582,299.56
2025-09-26 06:30:00,Friday,False,Day,29.64,84.1,Normal,0,5.45,1031.1,605.24,0.569,344.38
2025-09-26 06:45:00,Friday,False,Day,27.44,77.4,Normal,0,5.08,1024.7,549.43,0.595,326.91
2025-09-26 07:00:00,Friday,False,Day,27.82,81.9,Normal,0,5.38,1036.8,581.78,0.579,336.85
2025-09-26 07:15:00,Friday,False,Day,29.19,83.1,Normal,0,5.17,1038.5,594.57,0.569,338.31
2025-09-26 07:30:00,Friday,False,Day,26.4,86.6,Normal,0,5.29,1036.8,590.64,0.567,334.89
2025-09-26 07:45:00,Friday,False,Day,28.31,96.3,Normal,0,6.01,1068.0,670.23,0.558,373.99
2025-09-26 08:00:00,Friday,False,Day,,98.0,Normal,0,5.93,1079.8,687.87,0.577,396.9
2025-09-26 08:15:00,Friday,False,Day,27.24,92.7,Normal,0,5.65,1059.8,652.33,0.582,379.66
2025-09-26 08:30:00,Friday,False,Day,26.77,98.0,Normal,0,6.02,1057.0,688.88,0.546,376.13
2025-09-26 08:45:00,Friday,False,Day,25.99,92.3,Normal,0,5.77,1048.9,637.78,0.568,362.26
2025-09-26 09:00:00,Friday,False,Day,25.75,92.1,Normal,0,5.47,1047.8,641.21,0.552,353.95
2025-09-26 09:15:00,Friday,False,Day,26.52,83.1,Normal,0,5.47,1025.3,580.32,0.564,327.3
2025-09-26 09:30:00,Friday,False,Day,26.84,76.8,Normal,0,4.92,999.0,539.13,0.529,285.2
2025-09-26 09:45:00,Friday,False,Day,25.67,77.7,Normal,0,5.28,1032.3,545.71,0.547,298.5
2025-09-26 10:00:00,Friday,False,Day,25.56,80.4,Normal,0,4.94,1016.8,535.27,0.537,287.44
2025-09-26 10:15:00,Friday,False,Day,25.67,70.4,Normal,0,4.75,992.5,493.63,0.545,269.03
2025-09-26 10:30:00,Friday,False,Day,24.14,74.8,Normal,0,4.87,993.2,533.3,0.535,285.32
2025-09-26 10:45:00,Friday,False,Day,25.2,70.7,Normal,0,4.42,1006.2,486.93,0.532,259.05
2025-09-26 11:00:00,Friday,False,Day,24.95,79.8,Normal,0,5.22,1021.1,565.89,0.528,298.79
2025-09-26 11:15:00,Friday,False,Day,26.06,77.9,Normal,0,4.75,1015.2,530.51,0.541,287.01
2025-09-26 11:30:00,Friday,False,Day,23.35,71.7,Normal,0,4.71,997.9,502.59,0.521,261.85
2025-09-26 11:45:00,Friday,False,Day,22.96,73.4,Normal,0,5.0,1009.0,505.44,0.529,267.38
2025-09-26 12:00:00,Friday,False,Day,23.62,68.9,Normal,0,4.55,989.7,474.99,0.524,248.89
2025-09-26 12:15:00,Friday,False,Day,23.33,78.1,Normal,0,4.91,1000.4,536.08,0.524,280.91
2025-09-26 12:30:00,Friday,False,Day,21.92,78.6,Normal,0,5.18,1006.1,551.57,0.503,277.44
2025-09-26 12:45:00,Friday,False,Day,21.7,78.1,Normal,0,5.01,1004.3,532.33,0.518,275.75
2025-09-26 13:00:00,Friday,False,Day,22.14,82.1,Normal,0,5.16,1027.6,554.99,0.512,284.15
2025-09-26 13:15:00,Friday,False,Day,20.73,76.0,Normal,0,5.14,1016.4,536.01,0.495,265.32
2025-09-26 13:30:00,Friday,False,Day,20.76,69.0,Normal,0,4.46,1003.2,481.8,0.503,242.35
2025-09-26 13:45:00,Friday,False,Day,20.86,73.0,Normal,0,4.75,988.5,505.54,0.527,266.42
2025-09-26 14:00:00,Friday,False,Evening,21.3,61.5,Normal,0,4.43,978.2,443.23,0.499,221.17
2025-09-26 14:15:00,Friday,False,Evening,19.74,56.6,Normal,0,3.89,954.8,394.82,0.498,196.62
2025-09-26 14:30:00,Friday,False,Evening,18.48,64.0,Normal,0,4.68,1000.6,456.41,0.506,230.94
2025-09-26 14:45:00,Friday,False,Evening,18.17,68.6,Normal,0,,999.5,473.77,0.495,234.52
2025-09-26 15:00:00,Friday,False,Evening,18.46,61.9,Normal,0,4.45,985.5,434.39,0.502,218.06
2025-09-26 15:15:00,Friday,False,Evening,18.19,59.9,Normal,0,4.36,973.1,427.21,0.496,211.9
2025-09-26 15:30:00,Friday,False,Evening,18.91,56.4,Normal,0,4.04,961.6,421.74,0.504,212.56
2025-09-26 15:45:00,Friday,False,Evening,17.89,69.4,Normal,0,4.58,987.0,488.02,0.5,244.01
2025-09-26 16:00:00,Friday,False,Evening,18.11,75.7,Normal,0,4.93,1001.3,530.02,0.52,275.61
2025-09-26 16:15:00,Friday,False,Evening,17.9,73.2,Normal,0,4.93,993.3,516.94,0.502,259.5
2025-09-26 16:30:00,Friday,False,Evening,18.03,77.0,Normal,0,4.85,1014.3,508.4,0.5,254.2
2025-09-26 16:45:00,Friday,False,Evening,19.32,68.7,Normal,0,4.44,1002.1,478.53,0.514,245.96
2025-09-26 17:00:00,Friday,False,Evening,18.7,65.6,Normal,0,4.71,978.5,470.2,0.491,230.87
2025-09-26 17:15:00,Friday,False,Evening,18.11,67.4,Normal,0,4.46,979.6,467.47,0.523,244.49
2025-09-26 17:30:00,Friday,False,Evening,17.67,71.2,Normal,0,4.79,982.7,493.85,0.498,245.94
2025-09-26 17:45:00,Friday,False,Evening,17.66,71.2,Normal,0,4.71,996.5,484.55,0.522,252.94
2025-09-26 18:00:00,Friday,False,Evening,18.26,73.2,Normal,0,4.8,1009.8,503.85,0.526,265.03
2025-09-26 18:15:00,Friday,False,Evening,18.48,74.0,Normal,0,5.08,1012.4,509.77,0.509,259.47
2025-09-26 18:30:00,Friday,False,Evening,17.32,73.3,Normal,0,4.82,1010.5,519.18,0.512,265.82
2025-09-26 18:45:00,Friday,False,Evening,18.13,71.8,Normal,0,4.71,999.7,512.67,0.518,265.56
2025-09-26 19:00:00,Friday,False,Evening,16.55,69.8,Normal,0,4.63,990.9,503.43,0.528,265.81
2025-09-26 19:15:00,Friday,False,Evening,18.43,71.9,Normal,0,4.69,1007.2,489.97,0.514,251.84
2025-09-26 19:30:00,Friday,False,Evening,18.99,74.9,Normal,0,4.8,996.0,510.36,0.526,268.45
2025-09-26 19:45:00,Friday,False,Evening,18.29,76.2,Normal,0,4.88,1004.0,519.32,0.527,273.68
2025-09-26 20:00:00,Friday,False,Evening,20.12,69.1,Normal,0,4.89,1004.9,475.73,0.521,247.86
2025-09-26 20:15:00,Friday,False,Evening,18.14,63.9,Normal,0,4.51,968.1,437.37,0.526,230.06
2025-09-26 20:30:00,Friday,False,Evening,19.21,67.8,Normal,0,4.53,987.0,465.56,0.541,251.87
2025-09-26 20:45:00,Friday,False,Evening,19.21,77.6,Normal,0,5.17,1016.8,550.19,0.544,299.3
2025-09-26 21:00:00,Friday,False,Evening,19.38,78.3,Normal,0,4.81,1014.3,531.81,0.538,286.11
2025-09-26 21:15:00,Friday,False,Evening,19.61,75.6,Normal,0,5.14,1016.3,539.45,0.55,296.7
2025-09-26 21:30:00,Friday,False,Evening,20.04,77.0,Normal,0,5.19,1023.1,552.38,0.546,301.6
2025-09-26 21:45:00,Friday,False,Evening,20.9,70.0,Normal,0,5.02,998.0,495.65,0.569,282.02
2025-09-26 22:00:00,Friday,False,Night,21.6,70.6,Normal,0,4.86,1007.3,506.37,0.558,282.55
2025-09-26 22:15:00,Friday,False,Night,20.79,71.4,Normal,0,4.81,990.1,482.77,0.573,276.63
2025-09-26 22:30:00,Friday,False,Night,21.74,67.0,Normal,0,4.74,986.0,464.38,0.548,254.48
2025-09-26 22:45:00,Friday,False,Night,20.83,1.9603555604153415,Stopped,0,1.25,600.7,29.38,0.571,16.78
2025-09-26 23:00:00,Friday,False,Night,22.32,63.2,Normal,0,4.32,993.8,444.49,0.577,256.47
2025-09-26 23:15:00,Friday,False,Night,21.41,71.6,Normal,0,4.74,988.3,510.42,0.573,292.47
2025-09-26 23:30:00,Friday,False,Night,23.22,70.0,Normal,0,4.89,995.9,480.3,0.572,274.73
2025-09-26 23:45:00,Friday,False,Night,24.44,70.7,Normal,0,4.58,999.8,483.64,0.578,279.54
2025-09-27 00:00:00,Saturday,True,Night,22.72,48.8,Normal,0,3.57,945.9,333.15,0.59,196.56
2025-09-27 00:15:00,Saturday,True,Night,21.39,43.6,Normal,0,3.51,938.7,303.07,0.573,173.66
2025-09-27 00:30:00,Saturday,True,Night,23.03,44.7,Normal,0,3.63,947.3,305.68,0.594,181.57
2025-09-27 00:45:00,Saturday,True,Night,24.77,46.2,Normal,0,3.49,938.0,314.97,0.592,186.46
2025-09-27 01:00:00,Saturday,True,Night,24.55,36.5,Normal,0,3.24,922.3,268.66,0.588,157.97
2025-09-27 01:15:00,Saturday,True,Night,24.62,38.8,Normal,0,3.45,924.3,299.32,0.591,176.9
2025-09-27 01:30:00,Saturday,True,Night,25.53,39.0,Normal,0,3.44,920.2,275.0,0.595,163.62
2025-09-27 01:45:00,Saturday,True,Night,25.41,40.3,Normal,0,3.37,909.9,296.91,0.612,181.71
2025-09-27 02:00:00,Saturday,True,Night,26.29,40.8,Normal,0,3.33,933.6,304.85,0.6,182.91
2025-09-27 02:15:00,Saturday,True,Night,26.33,42.6,Normal,0,3.69,934.8,301.56,0.589,177.62
2025-09-27 02:30:00,Saturday,True,Night,27.07,50.7,Normal,0,3.81,953.9,350.66,0.594,208.29
2025-09-27 02:45:00,Saturday,True,Night,26.4,42.7,Normal,0,3.57,922.4,309.74,0.588,182.13
2025-09-27 03:00:00,Saturday,True,Night,27.07,40.7,Normal,0,3.63,941.5,301.83,0.581,175.36
2025-09-27 03:15:00,Saturday,True,Night,26.33,45.0,Normal,0,3.66,937.2,318.03,0.588,187.0
2025-09-27 03:30:00,Saturday,True,Night,26.3,47.6,Normal,0,3.51,933.3,319.46,0.601,192.0
2025-09-27 03:45:00,Saturday,True,Night,28.34,49.8,Normal,0,3.58,939.2,345.04,0.612,211.16
2025-09-27 04:00:00,Saturday,True,Night,27.32,65.5,Normal,0,4.44,993.4,435.13,0.609,264.99
2025-09-27 04:15:00,Saturday,True,Night,27.94,66.5,Normal,0,4.63,996.7,448.35,0.587,263.18
2025-09-27 04:30:00,Saturday,True,Night,27.53,70.5,Normal,0,4.77,997.0,474.82,0.59,280.14
2025-09-27 04:45:00,Saturday,True,Night,27.08,65.3,Normal,0,4.8,991.0,452.63,0.587,265.69
2025-09-27 05:00:00,Saturday,True,Night,27.65,56.7,Normal,0,4.15,971.6,404.65,0.569,230.25
2025-09-27 05:15:00,Saturday,True,Night,28.87,53.2,Normal,0,3.87,959.6,354.44,0.592,209.83
2025-09-27 05:30:00,Saturday,True,Night,28.21,56.2,Normal,0,3.89,959.9,377.74,0.6,226.64
2025-09-27 05:45:00,Saturday,True,Night,26.43,57.1,Normal,0,4.28,974.0,375.1,0.588,220.56
2025-09-27 06:00:00,Saturday,True,Day,27.64,71.8,Normal,0,4.76,1010.7,496.25,0.576,285.84
2025-09-27 06:15:00,Saturday,True,Day,29.23,68.7,Normal,0,4.4,1002.1,457.06,0.578,264.18
2025-09-27 06:30:00,Saturday,True,Day,27.6,65.1,Normal,0,4.47,980.6,433.21,0.58,251.26
2025-09-27 06:45:00,Saturday,True,Day,26.28,63.0,Normal,0,4.22,970.3,420.02,0.589,247.39
2025-09-27 07:00:00,Saturday,True,Day,29.16,66.7,Normal,0,4.47,993.1,447.03,0.577,257.94
2025-09-27 07:15:00,Saturday,True,Day,28.09,70.5,Normal,0,4.71,1008.6,465.6,0.582,270.98
2025-09-27 07:30:00,Saturday,True,Day,27.38,62.9,Normal,0,4.23,989.9,432.59,0.572,247.44
2025-09-27 07:45:00,Saturday,True,Day,27.0,66.7,Normal,0,4.46,995.4,452.45,0.572,258.8
2025-09-27 08:00:00,Saturday,True,Day,28.01,61.7,Normal,0,4.2,975.5,420.45,0.558,234.61
2025-09-27 08:15:00,Saturday,True,Day,26.54,63.9,Normal,0,4.3,976.9,419.52,0.557,233.67
2025-09-27 08:30:00,Saturday,True,Day,27.7,61.9,Normal,0,4.17,979.2,406.09,0.548,222.54
2025-09-27 08:45:00,Saturday,True,Day,27.01,70.7,Normal,0,4.64,1000.7,471.03,0.564,265.66
2025-09-27 09:00:00,Saturday,True,Day,26.54,66.6,Normal,0,4.4,999.0,452.66,0.551,249.42
2025-09-27 09:15:00,Saturday,True,Day,26.23,66.5,Normal,0,4.61,985.8,451.85,0.515,232.7
2025-09-27 09:30:00,Saturday,True,Day,25.72,69.0,Normal,0,4.67,992.3,454.61,0.553,251.4
2025-09-27 09:45:00,Saturday,True,Day,26.43,40.1,Normal,0,3.49,940.2,299.15,0.554,165.73
2025-09-27 10:00:00,Saturday,True,Day,24.62,61.2,Normal,0,4.57,987.5,407.86,0.533,217.39
2025-09-27 10:15:00,Saturday,True,Day,23.73,59.1,Normal,0,4.29,962.1,392.87,0.543,213.33
2025-09-27 10:30:00,Saturday,True,Day,25.22,55.8,Normal,0,4.11,973.8,381.84,0.533,203.52
2025-09-27 10:45:00,Saturday,True,Day,24.93,53.3,Normal,0,4.04,946.6,352.61,0.511,180.18
2025-09-27 11:00:00,Saturday,True,Day,24.49,60.4,Normal,0,4.32,969.5,397.78,0.548,217.98
2025-09-27 11:15:00,Saturday,True,Day,24.12,56.4,Normal,0,4.07,960.1,397.01,0.524,208.03
2025-09-27 11:30:00,Saturday,True,Day,23.21,59.9,Normal,0,4.22,970.1,416.71,0.525,218.77
2025-09-27 11:45:00,Saturday,True,Day,23.77,61.4,Normal,0,4.14,979.9,433.19,0.514,222.66
2025-09-27 12:00:00,Saturday,True,Day,22.78,52.5,Normal,0,4.01,952.7,364.84,0.515,187.89
2025-09-27 12:15:00,Saturday,True,Day,22.1,56.2,Normal,0,4.05,965.5,386.99,0.517,200.07
2025-09-27 12:30:00,Saturday,True,Day,21.91,47.8,Normal,0,3.89,936.2,332.71,0.503,167.35
2025-09-27 12:45:00,Saturday,True,Day,23.45,52.7,Normal,0,4.03,955.9,358.43,0.528,189.25
2025-09-27 13:00:00,Saturday,True,Day,20.13,50.1,Normal,0,3.68,944.4,350.79,0.517,181.36
2025-09-27 13:15:00,Saturday,True,Day,21.61,51.0,Normal,0,4.01,936.1,365.31,0.512,187.04
2025-09-27 13:30:00,Saturday,True,Day,19.56,44.0,Normal,0,3.11,931.9,310.19,0.504,156.34
2025-09-27 13:45:00,Saturday,True,Day,20.52,46.3,Normal,0,3.89,935.3,318.79,0.497,158.44
2025-09-27 14:00:00,Saturday,True,Evening,19.97,47.1,Normal,0,3.44,930.4,326.33,0.513,167.41
2025-09-27 14:15:00,Saturday,True,Evening,18.37,42.7,Normal,0,3.51,920.4,295.04,0.508,149.88
2025-09-27 14:30:00,Saturday,True,Evening,20.08,40.1,Normal,0,3.37,915.5,285.09,0.497,141.69
2025-09-27 14:45:00,Saturday,True,Evening,19.21,44.1,Normal,0,3.67,926.1,328.76,0.49,161.09
2025-09-27 15:00:00,Saturday,True,Evening,17.6,47.8,Normal,0,3.62,950.1,318.52,0.484,154.16
2025-09-27 15:15:00,Saturday,True,Evening,19.73,33.6,Normal,0,2.68,918.9,270.44,0.5,135.22
2025-09-27 15:30:00,Saturday,True,Evening,19.99,47.8,Normal,0,3.62,916.1,333.29,0.498,165.98
2025-09-27 15:45:00,Saturday,True,Evening,19.85,51.3,Normal,0,3.8,950.4,345.85,0.512,177.08
2025-09-27 16:00:00,Saturday,True,Evening,18.77,55.5,Normal,0,3.72,963.8,371.61,0.511,189.89
2025-09-27 16:15:00,Saturday,True,Evening,18.37,54.1,Normal,0,3.97,950.6,360.51,0.502,180.98
2025-09-27 16:30:00,Saturday,True,Evening,19.26,42.6,Normal,0,3.27,931.7,293.41,0.502,147.29
2025-09-27 16:45:00,Saturday,True,Evening,19.42,47.6,Normal,0,3.76,950.2,332.84,0.492,163.76
2025-09-27 17:00:00,Saturday,True,Evening,18.89,44.7,Normal,0,3.49,918.3,307.97,0.515,158.6
2025-09-27 17:15:00,Saturday,True,Evening,17.16,48.7,Normal,0,4.01,938.9,331.56,0.506,167.77
2025-09-27 17:30:00,Saturday,True,Evening,18.02,47.6,Normal,0,3.62,951.5,327.47,0.514,168.32
2025-09-27 17:45:00,Saturday,True,Evening,18.18,49.5,Normal,0,3.81,930.8,327.3,0.522,170.85
2025-09-27 18:00:00,Saturday,True,Evening,16.37,45.0,Normal,0,3.51,927.1,300.98,0.506,152.3
2025-09-27 18:15:00,Saturday,True,Evening,18.2,50.9,Normal,0,3.57,940.6,330.83,0.506,167.4
2025-09-27 18:30:00,Saturday,True,Evening,19.67,43.8,Normal,0,3.45,936.1,324.59,0.541,175.6
2025-09-27 18:45:00,Saturday,True,Evening,18.42,58.1,Normal,0,4.26,971.9,398.61,0.525,209.27
2025-09-27 19:00:00,Saturday,True,Evening,19.16,70.7,Normal,0,4.8,995.8,480.61,0.519,249.44
2025-09-27 19:15:00,Saturday,True,Evening,18.23,78.1,Normal,0,5.0,1012.5,523.16,0.537,280.94
2025-09-27 19:30:00,Saturday,True,Evening,18.14,82.5,Normal,0,5.02,1009.4,555.21,0.524,290.93
2025-09-27 19:45:00,Saturday,True,Evening,18.63,78.2,Normal,0,5.14,1024.2,538.87,0.533,287.22
2025-09-27 20:00:00,Saturday,True,Evening,17.83,82.0,Normal,0,5.28,1018.8,556.55,0.527,293.3
2025-09-27 20:15:00,Saturday,True,Evening,17.89,77.7,Normal,0,5.15,1009.8,539.53,0.536,289.19
2025-09-27 20:30:00,Saturday,True,Evening,19.86,65.2,Normal,0,4.43,989.1,436.34,0.537,234.31
2025-09-27 20:45:00,Saturday,True,Evening,20.15,72.5,Normal,0,4.54,1001.4,486.76,0.535,260.42
2025-09-27 21:00:00,Saturday,True,Evening,18.49,76.7,Normal,0,5.06,1017.0,523.12,0.548,286.67
2025-09-27 21:15:00,Saturday,True,Evening,20.29,73.4,Normal,0,4.83,1007.0,482.35,0.543,261.92
2025-09-27 21:30:00,Saturday,True,Evening,19.7,63.4,Normal,0,4.59,978.3,429.38,0.558,239.59
2025-09-27 21:45:00,Saturday,True,Evening,20.31,58.4,Normal,0,4.16,967.1,375.51,0.552,207.28
2025-09-27 22:00:00,Saturday,True,Night,20.68,38.6,Normal,0,3.23,906.5,277.3,0.542,150.3
2025-09-27 22:15:00,Saturday,True,Night,21.4,44.8,Normal,0,3.59,930.3,311.69,0.568,177.04
2025-09-27 22:30:00,Saturday,True,Night,20.97,34.9,Normal,0,2.97,915.1,255.61,0.572,146.21
2025-09-27 22:45:00,Saturday,True,Night,22.33,37.6,Normal,0,3.09,907.1,267.78,0.591,158.26
2025-09-27 23:00:00,Saturday,True,Night,21.77,33.2,Normal,0,2.96,897.1,255.54,0.571,145.91
2025-09-27 23:15:00,Saturday,True,Night,22.34,25.8,Normal,0,2.48,877.7,202.52,0.576,116.65
2025-09-27 23:30:00,Saturday,True,Night,21.49,29.3,Normal,0,2.76,894.1,249.67,0.582,145.31
2025-09-27 23:45:00,Saturday,True,Night,24.21,28.9,Normal,0,3.06,905.2,241.49,0.59,142.48
2025-09-28 00:00:00,Sunday,True,Night,22.99,35.7,Normal,0,3.26,914.4,259.46,0.592,153.6
2025-09-28 00:15:00,Sunday,True,Night,23.52,28.9,Normal,0,2.82,876.1,235.63,0.588,138.55
2025-09-28 00:30:00,Sunday,True,Night,21.98,26.1,Normal,0,2.87,890.4,230.49,0.587,135.3
2025-09-28 00:45:00,Sunday,True,Night,22.94,13.8,Normal,0,1.88,851.7,160.54,0.597,95.84
2025-09-28 01:00:00,Sunday,True,Night,24.9,5.0,Normal,0,1.9,838.9,119.6,0.59,70.56
2025-09-28 01:15:00,Sunday,True,Night,24.45,19.6,Normal,0,2.24,869.8,206.49,0.58,119.76
2025-09-28 01:30:00,Sunday,True,Night,23.0,34.9,Normal,0,3.36,901.2,271.31,0.579,157.09
2025-09-28 01:45:00,Sunday,True,Night,25.66,36.5,Normal,0,3.44,913.6,261.54,0.593,155.09
2025-09-28 02:00:00,Sunday,True,Night,24.68,32.3,Normal,0,2.67,899.4,243.84,0.598,145.82
2025-09-28 02:15:00,Sunday,True,Night,26.52,31.8,Normal,0,3.13,905.6,246.31,0.623,153.45
2025-09-28 02:30:00,Sunday,True,Night,25.59,38.4,Normal,0,3.19,911.8,277.51,0.598,165.95
2025-09-28 02:45:00,Sunday,True,Night,26.08,35.9,Normal,0,3.02,904.0,251.24,0.6,150.74
2025-09-28 03:00:00,Sunday,True,Night,27.1,38.1,Normal,0,3.29,925.2,279.57,0.596,166.62
2025-09-28 03:15:00,Sunday,True,Night,25.66,38.6,Normal,0,3.09,928.3,269.51,0.606,163.32
2025-09-28 03:30:00,Sunday,True,Night,25.79,35.8,Normal,0,3.18,917.2,263.2,0.603,158.71
2025-09-28 03:45:00,Sunday,True,Night,26.62,33.5,Normal,0,2.85,902.3,253.95,0.593,150.59
2025-09-28 04:00:00,Sunday,True,Night,27.61,36.4,Normal,0,3.16,909.6,263.47,0.589,155.18
2025-09-28 04:15:00,Sunday,True,Night,26.04,31.3,Normal,0,3.09,896.0,242.13,0.595,144.07
2025-09-28 04:30:00,Sunday,True,Night,25.9,35.4,Normal,0,3.14,918.7,272.63,0.589,160.58
2025-09-28 04:45:00,Sunday,True,Night,28.01,33.5,Normal,0,2.94,902.0,242.78,0.594,144.21
2025-09-28 05:00:00,Sunday,True,Night,26.97,35.4,Normal,0,3.17,919.5,258.55,0.597,154.35
2025-09-28 05:15:00,Sunday,True,Night,27.21,44.6,Normal,0,3.31,940.8,296.82,0.589,174.83
2025-09-28 05:30:00,Sunday,True,Night,26.09,43.4,Normal,0,3.34,941.7,296.31,0.607,179.86
2025-09-28 05:45:00,Sunday,True,Night,27.06,48.9,Normal,0,3.66,954.8,338.1,0.602,203.54
2025-09-28 06:00:00,Sunday,True,Day,27.61,51.4,Normal,0,3.96,957.3,360.82,0.586,211.44
2025-09-28 06:15:00,Sunday,True,Day,28.35,49.3,Normal,0,3.8,936.6,331.72,0.576,191.07
2025-09-28 06:30:00,Sunday,True,Day,26.96,50.4,Normal,0,3.87,954.8,353.87,0.583,206.31
2025-09-28 06:45:00,Sunday,True,Day,28.85,62.7,Normal,0,4.35,983.2,422.32,0.58,244.95
2025-09-28 07:00:00,Sunday,True,Day,26.9,50.3,Normal,0,3.67,946.7,329.21,0.578,190.28
2025-09-28 07:15:00,Sunday,True,Day,26.81,50.5,Normal,0,4.02,961.0,353.19,0.572,202.02
2025-09-28 07:30:00,Sunday,True,Day,28.47,60.0,Normal,0,4.13,974.0,414.2,0.563,233.19
2025-09-28 07:45:00,Sunday,True,Day,27.27,54.9,Normal,0,4.06,957.2,354.58,0.57,202.11
2025-09-28 08:00:00,Sunday,True,Day,26.51,53.9,Normal,0,3.94,967.4,387.22,0.564,218.39
2025-09-28 08:15:00,Sunday,True,Day,26.65,56.3,Normal,0,4.15,961.2,376.4,0.561,211.16
2025-09-28 08:30:00,Sunday,True,Day,27.67,57.5,Normal,0,4.03,963.7,370.18,0.562,208.04
2025-09-28 08:45:00,Sunday,True,Day,27.55,66.8,Normal,0,4.7,982.4,451.23,0.557,251.34
2025-09-28 09:00:00,Sunday,True,Day,25.5,68.3,Normal,0,4.81,987.0,468.86,0.555,260.22
2025-09-28 09:15:00,Sunday,True,Day,25.88,74.9,Normal,0,5.05,1004.5,501.42,0.547,274.28
2025-09-28 09:30:00,Sunday,True,Day,25.73,70.6,Normal,0,4.73,1004.5,476.63,0.551,262.62
2025-09-28 09:45:00,Sunday,True,Day,24.61,64.5,Normal,0,4.37,975.2,451.9,0.537,242.67
2025-09-28 10:00:00,Sunday,True,Day,25.07,62.3,Normal,0,4.76,963.3,426.97,0.53,226.29
2025-09-28 10:15:00,Sunday,True,Day,24.83,54.7,Normal,0,3.84,961.4,398.7,0.529,210.91
2025-09-28 10:30:00,Sunday,True,Day,25.44,57.9,Normal,0,4.27,962.4,405.59,0.528,214.15
2025-09-28 10:45:00,Sunday,True,Day,25.19,55.4,Normal,0,4.07,960.9,377.01,0.519,195.67
2025-09-28 11:00:00,Sunday,True,Day,23.65,51.6,Normal,0,3.84,960.6,356.42,0.512,182.49
2025-09-28 11:15:00,Sunday,True,Day,23.42,55.2,Normal,0,4.04,959.7,371.66,0.531,197.35
2025-09-28 11:30:00,Sunday,True,Day,23.8,48.6,Normal,0,3.63,955.0,337.36,0.536,180.82
2025-09-28 11:45:00,Sunday,True,Day,,54.2,Normal,0,4.03,955.3,374.93,0.526,197.21
2025-09-28 12:00:00,Sunday,True,Day,23.09,51.7,Normal,0,3.9,958.2,350.84,0.513,179.98
2025-09-28 12:15:00,Sunday,True,Day,22.22,59.3,Normal,0,4.6,964.0,392.46,0.498,195.45
2025-09-28 12:30:00,Sunday,True,Day,21.19,56.6,Normal,0,4.24,961.7,398.91,0.515,205.44
2025-09-28 12:45:00,Sunday,True,Day,20.88,60.5,Normal,0,4.33,962.9,417.33,0.495,206.58
2025-09-28 13:00:00,Sunday,True,Day,22.48,61.1,Normal,0,4.37,966.6,397.61,0.508,201.99
2025-09-28 13:15:00,Sunday,True,Day,20.89,65.1,Normal,0,4.74,980.1,442.73,0.499,220.92
2025-09-28 13:30:00,Sunday,True,Day,22.02,64.8,Normal,0,4.3,971.4,441.04,0.483,213.02
2025-09-28 13:45:00,Sunday,True,Day,20.0,53.9,Normal,0,3.92,954.4,375.0,0.519,194.62
2025-09-28 14:00:00,Sunday,True,Evening,20.35,54.3,Normal,0,3.68,952.0,356.31,0.49,174.59
2025-09-28 14:15:00,Sunday,True,Evening,21.75,53.4,Normal,0,4.01,955.2,374.79,0.498,186.65
2025-09-28 14:30:00,Sunday,True,Evening,18.73,57.8,Normal,0,4.26,951.4,391.52,0.5,195.76
2025-09-28 14:45:00,Sunday,True,Evening,17.8,61.2,Normal,0,4.14,975.3,412.75,0.496,204.72
2025-09-28 15:00:00,Sunday,True,Evening,20.11,55.3,Normal,0,4.23,970.3,370.43,0.505,187.07
2025-09-28 15:15:00,Sunday,True,Evening,18.2,49.3,Normal,0,3.63,952.1,295.39,0.493,145.63
2025-09-28 15:30:00,Sunday,True,Evening,18.63,53.4,Normal,0,3.88,966.0,355.72,0.504,179.28
2025-09-28 15:45:00,Sunday,True,Evening,17.99,51.3,Normal,0,3.85,945.4,356.37,0.503,179.25
2025-09-28 16:00:00,Sunday,True,Evening,18.5,56.9,Normal,0,4.33,956.6,386.38,0.487,188.17
2025-09-28 16:15:00,Sunday,True,Evening,17.37,55.1,Normal,0,3.88,957.9,377.83,0.504,190.43
2025-09-28 16:30:00,Sunday,True,Evening,17.85,60.8,Normal,0,4.31,966.8,420.19,0.492,206.73
2025-09-28 16:45:00,Sunday,True,Evening,18.24,62.1,Normal,0,4.44,958.3,414.38,0.492,203.87
2025-09-28 17:00:00,Sunday,True,Evening,16.98,62.5,Normal,0,4.43,978.8,416.99,0.508,211.83
2025-09-28 17:15:00,Sunday,True,Evening,17.15,58.9,Normal,0,4.27,961.5,376.17,0.502,188.84
2025-09-28 17:30:00,Sunday,True,Evening,17.38,59.3,Normal,0,4.31,952.8,384.67,0.512,196.95
2025-09-28 17:45:00,Sunday,True,Evening,16.49,65.5,Normal,0,4.4,975.3,423.31,0.514,217.58
2025-09-28 18:00:00,Sunday,True,Evening,17.28,63.4,Normal,0,4.64,973.0,435.0,0.497,216.2
2025-09-28 18:15:00,Sunday,True,Evening,17.72,65.1,Normal,0,4.45,979.4,432.54,0.521,225.35
2025-09-28 18:30:00,Sunday,True,Evening,17.34,63.7,Normal,0,4.36,975.7,420.88,0.519,218.44
2025-09-28 18:45:00,Sunday,True,Evening,17.5,62.9,Normal,0,4.56,984.6,419.74,0.513,215.33
2025-09-28 19:00:00,Sunday,True,Evening,17.77,71.8,Normal,0,4.67,985.8,470.03,0.52,244.42
2025-09-28 19:15:00,Sunday,True,Evening,17.36,76.6,Normal,0,5.02,1006.6,523.17,0.532,278.33
2025-09-28 19:30:00,Sunday,True,Evening,18.55,74.0,Normal,0,4.75,995.2,493.72,0.524,258.71
2025-09-28 19:45:00,Sunday,True,Evening,19.28,72.5,Normal,0,5.17,1009.1,502.64,0.551,276.95
2025-09-28 20:00:00,Sunday,True,Evening,17.92,65.7,Normal,0,4.84,976.5,423.89,0.548,232.29
2025-09-28 20:15:00,Sunday,True,Evening,18.85,62.9,Normal,0,4.35,972.0,426.77,0.537,229.18
2025-09-28 20:30:00,Sunday,True,Evening,18.46,63.3,Normal,0,4.46,983.8,421.68,0.537,226.44
2025-09-28 20:45:00,Sunday,True,Evening,19.15,67.0,Normal,0,4.55,995.8,446.51,0.541,241.56
2025-09-28 21:00:00,Sunday,True,Evening,20.34,69.5,Normal,0,4.61,1004.2,478.61,0.54,258.45
2025-09-28 21:15:00,Sunday,True,Evening,19.73,60.7,Normal,0,4.28,956.8,403.36,0.55,221.85
2025-09-28 21:30:00,Sunday,True,Evening,18.16,65.4,Normal,0,4.47,984.3,443.06,0.559,247.67
2025-09-28 21:45:00,Sunday,True,Evening,20.2,63.1,Normal,0,4.14,978.5,409.08,0.542,221.72
2025-09-28 22:00:00,Sunday,True,Night,21.1,47.7,Normal,0,3.7,938.1,330.89,0.565,186.95
2025-09-28 22:15:00,Sunday,True,Night,20.23,55.2,Normal,0,4.01,957.1,358.19,0.571,204.53
2025-09-28 22:30:00,Sunday,True,Night,21.5,62.5,Normal,0,4.39,986.1,420.57,0.571,240.15
2025-09-28 22:45:00,Sunday,True,Night,20.46,61.7,Normal,0,4.3,981.3,418.73,0.567,237.42
2025-09-28 23:00:00,Sunday,True,Night,20.14,63.7,Normal,0,4.34,984.9,437.66,0.577,252.53
2025-09-28 23:15:00,Sunday,True,Night,21.76,65.9,Normal,0,4.63,986.2,435.74,0.587,255.78
2025-09-28 23:30:00,Sunday,True,Night,20.56,71.5,Normal,0,4.83,1015.8,476.08,0.576,274.22
2025-09-28 23:45:00,Sunday,True,Night,22.1,72.4,Normal,0,5.0,997.9,481.75,0.58,279.41
2025-09-29 00:00:00,Monday,False,Night,23.45,85.9,Normal,0,5.46,1023.0,596.05,0.604,360.01
2025-09-29 00:15:00,Monday,False,Night,21.22,95.8,Normal,0,5.79,1056.8,662.91,0.588,389.79
2025-09-29 00:30:00,Monday,False,Night,22.04,98.9,Normal,0,6.04,1067.7,677.69,0.577,391.03
2025-09-29 00:45:00,Monday,False,Night,22.57,92.1,Normal,0,5.36,1061.1,629.81,0.598,376.63
2025-09-29 01:00:00,Monday,False,Night,23.66,83.1,Normal,0,5.58,1025.0,582.73,0.595,346.72
2025-09-29 01:15:00,Monday,False,Night,23.73,84.3,Normal,0,5.36,1036.1,586.21,0.586,343.52
2025-09-29 01:30:00,Monday,False,Night,25.45,66.5,Normal,0,4.85,977.2,473.99,0.583,276.34
2025-09-29 01:45:00,Monday,False,Night,25.39,81.1,Normal,0,5.04,1034.1,570.23,0.598,341.0
2025-09-29 02:00:00,Monday,False,Night,25.31,84.0,Normal,0,5.14,1033.2,577.11,0.596,343.96
2025-09-29 02:15:00,Monday,False,Night,25.31,78.7,Normal,0,5.12,1017.2,531.36,0.586,311.38
2025-09-29 02:30:00,Monday,False,Night,25.77,70.7,Normal,0,4.77,1016.8,497.82,0.598,297.7
2025-09-29 02:45:00,Monday,False,Night,25.02,72.7,Normal,0,4.85,1012.7,506.31,0.598,302.77
2025-09-29 03:00:00,Monday,False,Night,26.64,68.9,Normal,0,4.66,987.6,476.68,0.599,285.53
2025-09-29 03:15:00,Monday,False,Night,25.29,69.7,Normal,0,4.57,996.0,495.04,0.605,299.5
2025-09-29 03:30:00,Monday,False,Night,27.05,61.4,Normal,0,4.07,999.4,433.1,0.582,252.06
2025-09-29 03:45:00,Monday,False,Night,27.52,60.7,Normal,0,4.31,992.0,429.85,0.589,253.18
2025-09-29 04:00:00,Monday,False,Night,26.91,65.9,Normal,0,4.31,996.1,458.59,0.594,272.4
2025-09-29 04:15:00,Monday,False,Night,26.76,69.8,Normal,0,4.47,983.5,489.1,0.612,299.33
2025-09-29 04:30:00,Monday,False,Night,27.36,64.8,Normal,0,4.39,996.9,445.54,0.621,276.68
2025-09-29 04:45:00,Monday,False,Night,24.86,58.2,Normal,0,4.21,962.7,402.63,0.597,240.37
2025-09-29 05:00:00,Monday,False,Night,27.49,59.5,Normal,0,4.51,983.7,422.92,0.596,252.06
2025-09-29 05:15:00,Monday,False,Night,27.23,63.9,Normal,0,4.55,978.2,437.15,0.569,248.74
2025-09-29 05:30:00,Monday,False,Night,27.33,66.8,Normal,0,4.75,995.2,469.31,0.601,282.06
2025-09-29 05:45:00,Monday,False,Night,27.97,63.9,Normal,0,4.51,979.4,449.27,0.595,267.32
2025-09-29 06:00:00,Monday,False,Day,27.36,80.1,Normal,0,,1021.6,556.67,0.591,328.99
2025-09-29 06:15:00,Monday,False,Day,26.49,89.4,Normal,0,5.92,1052.1,628.19,0.574,360.58
2025-09-29 06:30:00,Monday,False,Day,27.26,89.7,Normal,0,5.35,1037.9,638.9,0.604,385.9
2025-09-29 06:45:00,Monday,False,Day,27.37,79.0,Normal,0,5.02,1040.8,558.53,0.596,332.88
2025-09-29 07:00:00,Monday,False,Day,27.34,80.6,Normal,0,5.1,1017.6,557.52,0.582,324.48
2025-09-29 07:15:00,Monday,False,Day,27.28,93.0,Normal,0,5.83,1048.1,654.6,0.586,383.6
2025-09-29 07:30:00,Monday,False,Day,27.87,84.0,Normal,0,5.16,1039.7,596.25,0.574,342.25
2025-09-29 07:45:00,Monday,False,Day,26.03,83.9,Normal,0,5.41,1043.3,580.8,0.578,335.7
2025-09-29 08:00:00,Monday,False,Day,26.89,82.3,Normal,0,5.32,1027.1,564.06,0.554,312.49
2025-09-29 08:15:00,Monday,False,Day,27.61,82.9,Normal,0,5.38,1023.2,580.5,0.541,314.05
2025-09-29 08:30:00,Monday,False,Day,24.99,83.9,Normal,0,5.42,1024.8,589.49,0.548,323.04
2025-09-29 08:45:00,Monday,False,Day,26.32,90.5,Normal,0,5.82,1041.5,641.25,0.549,352.05
2025-09-29 09:00:00,Monday,False,Day,25.48,90.0,Normal,0,5.56,1050.2,637.37,0.548,349.28
2025-09-29 09:15:00,Monday,False,Day,25.42,96.7,Normal,0,5.94,1063.9,674.65,0.555,374.43
2025-09-29 09:30:00,Monday,False,Day,24.74,94.2,Normal,0,5.64,1061.1,645.26,0.545,351.67
2025-09-29 09:45:00,Monday,False,Day,25.06,90.7,Normal,0,5.45,1052.1,626.03,0.544,340.56
2025-09-29 10:00:00,Monday,False,Day,26.39,85.6,Normal,0,5.64,1044.1,607.43,0.529,321.33
2025-09-29 10:15:00,Monday,False,Day,23.62,74.3,Normal,0,4.75,1003.8,504.02,0.525,264.61
2025-09-29 10:30:00,Monday,False,Day,23.39,76.9,Normal,0,5.09,1007.5,515.72,0.535,275.91
2025-09-29 10:45:00,Monday,False,Day,22.98,89.8,Normal,0,5.64,1046.5,630.37,0.526,331.57
2025-09-29 11:00:00,Monday,False,Day,25.09,91.6,Normal,0,5.81,1051.0,638.54,0.529,337.79
2025-09-29 11:15:00,Monday,False,Day,23.02,94.6,Normal,0,5.52,1059.3,642.47,0.531,341.15
2025-09-29 11:30:00,Monday,False,Day,23.05,90.6,Normal,0,5.73,1041.6,636.16,0.539,342.89
2025-09-29 11:45:00,Monday,False,Day,22.42,88.1,Normal,0,5.47,1045.7,610.87,0.52,317.65
2025-09-29 12:00:00,Monday,False,Day,21.66,93.3,Normal,0,5.62,1043.6,668.3,0.536,358.21
2025-09-29 12:15:00,Monday,False,Day,21.9,100.0,Normal,0,5.96,1066.4,706.28,0.519,366.56
2025-09-29 12:30:00,Monday,False,Day,23.73,100.0,Normal,0,6.16,1080.4,715.97,0.52,372.3
2025-09-29 12:45:00,Monday,False,Day,22.55,100.0,Normal,0,6.11,1061.4,707.52,0.521,368.62
2025-09-29 13:00:00,Monday,False,Day,20.44,100.0,Normal,0,5.98,1077.2,700.64,0.516,361.53
2025-09-29 13:15:00,Monday,False,Day,21.33,100.0,Normal,0,5.83,1058.2,697.52,0.499,348.06
2025-09-29 13:30:00,Monday,False,Day,19.84,99.0,Normal,0,5.8,1053.1,705.28,0.516,363.92
2025-09-29 13:45:00,Monday,False,Day,18.78,88.3,Normal,0,5.6,1026.2,624.29,0.5,312.14
2025-09-29 14:00:00,Monday,False,Evening,20.73,74.8,Normal,0,4.7,1006.9,500.64,0.506,253.32
2025-09-29 14:15:00,Monday,False,Evening,20.57,75.2,Normal,0,4.9,1012.7,509.46,0.503,256.26
2025-09-29 14:30:00,Monday,False,Evening,20.21,73.5,Normal,0,5.24,1012.7,506.15,0.513,259.65
2025-09-29 14:45:00,Monday,False,Evening,18.74,65.0,Normal,0,4.53,989.6,466.06,0.504,234.89
2025-09-29 15:00:00,Monday,False,Evening,18.75,66.1,Normal,0,4.62,989.6,445.8,0.486,216.66
2025-09-29 15:15:00,Monday,False,Evening,19.26,65.4,Normal,0,4.32,974.7,460.54,0.521,239.94
2025-09-29 15:30:00,Monday,False,Evening,18.76,59.6,Normal,0,4.03,959.7,419.21,0.508,212.96
2025-09-29 15:45:00,Monday,False,Evening,17.94,59.4,Normal,0,4.32,971.6,421.82,0.495,208.8
2025-09-29 16:00:00,Monday,False,Evening,16.79,59.4,Normal,0,4.16,975.7,413.07,0.489,201.99
2025-09-29 16:15:00,Monday,False,Evening,18.02,57.7,Normal,0,4.3,952.8,421.57,0.511,215.42
2025-09-29 16:30:00,Monday,False,Evening,18.66,49.7,Normal,0,3.78,951.9,361.69,0.492,177.95
2025-09-29 16:45:00,Monday,False,Evening,16.72,55.3,Normal,0,4.55,938.7,386.41,0.511,197.46
2025-09-29 17:00:00,Monday,False,Evening,18.1,45.9,Normal,0,3.51,934.7,324.33,0.515,167.03
2025-09-29 17:15:00,Monday,False,Evening,17.78,49.5,Normal,0,3.81,939.5,342.7,0.5,171.35
2025-09-29 17:30:00,Monday,False,Evening,18.06,53.3,Normal,0,3.81,948.5,390.34,0.5,195.17
2025-09-29 17:45:00,Monday,False,Evening,18.12,58.4,Normal,0,4.33,963.1,428.9,0.505,216.59
2025-09-29 18:00:00,Monday,False,Evening,16.86,57.3,Normal,0,4.19,952.3,416.48,0.502,209.07
2025-09-29 18:15:00,Monday,False,Evening,16.13,54.0,Normal,0,3.83,953.9,381.17,0.516,196.68
2025-09-29 18:30:00,Monday,False,Evening,17.03,56.6,Normal,0,4.04,958.0,385.53,0.52,200.48
2025-09-29 18:45:00,Monday,False,Evening,18.22,56.3,Normal,0,4.28,965.2,392.63,0.526,206.52
2025-09-29 19:00:00,Monday,False,Evening,17.15,68.0,Normal,0,4.8,998.8,467.74,0.513,239.95
2025-09-29 19:15:00,Monday,False,Evening,17.13,81.8,Normal,0,5.01,1021.6,564.14,0.533,300.69
2025-09-29 19:30:00,Monday,False,Evening,16.34,67.8,Normal,0,4.53,978.4,483.9,0.517,250.18
2025-09-29 19:45:00,Monday,False,Evening,19.33,83.6,Normal,0,5.57,1017.8,599.44,0.538,322.5
2025-09-29 20:00:00,Monday,False,Evening,18.75,81.5,Normal,0,5.18,1034.7,561.96,0.518,291.1
2025-09-29 20:15:00,Monday,False,Evening,18.87,84.2,Normal,0,5.35,1040.6,564.87,0.552,311.81
2025-09-29 20:30:00,Monday,False,Evening,19.22,87.1,Normal,0,5.61,1042.6,598.88,0.534,319.8
2025-09-29 20:45:00,Monday,False,Evening,19.12,90.1,Normal,0,5.39,1043.4,638.03,0.548,349.64
2025-09-29 21:00:00,Monday,False,Evening,18.68,90.2,Normal,0,5.45,1049.4,630.68,0.553,348.77
2025-09-29 21:15:00,Monday,False,Evening,18.99,89.6,Normal,0,5.51,1052.0,622.16,0.536,333.48
2025-09-29 21:30:00,Monday,False,Evening,19.03,88.6,Normal,0,,,616.94,0.561,346.1
2025-09-29 21:45:00,Monday,False,Evening,21.75,83.6,Normal,0,5.45,1029.0,576.83,0.55,317.26
2025-09-29 22:00:00,Monday,False,Night,20.36,76.7,Normal,0,5.1,1001.6,521.53,0.556,289.97
2025-09-29 22:15:00,Monday,False,Night,19.83,87.8,Normal,0,5.46,1036.7,632.61,0.555,351.1
2025-09-29 22:30:00,Monday,False,Night,20.87,92.7,Normal,0,5.87,1063.2,670.77,0.581,389.72
2025-09-29 22:45:00,Monday,False,Night,20.0,91.6,Normal,0,5.63,1056.0,633.15,0.557,352.66
2025-09-29 23:00:00,Monday,False,Night,22.33,93.9,Normal,0,5.84,1056.1,642.99,0.576,370.36
2025-09-29 23:15:00,Monday,False,Night,20.91,85.5,Normal,0,5.52,1011.3,597.88,0.568,339.6
2025-09-29 23:30:00,Monday,False,Night,22.16,81.9,Normal,0,5.48,1019.6,572.04,0.588,336.36
2025-09-29 23:45:00,Monday,False,Night,22.94,85.9,Normal,0,5.39,1036.3,604.68,0.603,364.62
2025-09-30 00:00:00,Tuesday,False,Night,22.52,92.7,Normal,0,5.64,1050.4,656.97,0.576,378.41
2025-09-30 00:15:00,Tuesday,False,Night,22.61,85.1,Normal,0,5.56,1033.5,584.44,0.586,342.48
2025-09-30 00:30:00,Tuesday,False,Night,,80.1,Normal,0,5.35,1022.9,573.15,0.583,334.15
2025-09-30 00:45:00,Tuesday,False,Night,23.14,91.8,Normal,0,5.58,1046.1,637.48,0.599,381.85
2025-09-30 01:00:00,Tuesday,False,Night,23.04,89.5,Normal,0,5.39,1044.5,628.38,0.589,370.12
2025-09-30 01:15:00,Tuesday,False,Night,23.46,97.9,Normal,0,6.11,1064.7,690.74,0.602,415.83
2025-09-30 01:30:00,Tuesday,False,Night,25.31,95.5,Normal,0,5.57,1055.8,675.69,0.59,398.66
2025-09-30 01:45:00,Tuesday,False,Night,24.33,93.7,Normal,0,5.49,1070.9,630.44,0.618,389.61
2025-09-30 02:00:00,Tuesday,False,Night,24.08,88.8,Normal,0,5.49,1039.9,626.56,0.575,360.27
2025-09-30 02:15:00,Tuesday,False,Night,24.57,91.9,Normal,0,5.66,1033.8,633.81,0.602,381.55
2025-09-30 02:30:00,Tuesday,False,Night,26.13,97.2,Normal,0,5.72,1080.6,683.52,0.599,409.43
2025-09-30 02:45:00,Tuesday,False,Night,26.05,87.5,Normal,0,5.49,1035.2,622.82,0.599,373.07
2025-09-30 03:00:00,Tuesday,False,Night,26.19,83.0,Normal,0,5.3,1038.1,570.57,0.603,344.05
2025-09-30 03:15:00,Tuesday,False,Night,25.76,86.7,Normal,0,5.35,1034.3,593.04,0.601,356.42
2025-09-30 03:30:00,Tuesday,False,Night,26.63,83.7,Normal,0,5.59,1037.5,584.45,0.602,351.84
2025-09-30 03:45:00,Tuesday,False,Night,25.85,78.9,Normal,0,5.14,1019.9,544.66,0.604,328.97
2025-09-30 04:00:00,Tuesday,False,Night,26.33,83.6,Normal,0,5.45,1040.5,574.76,0.617,354.63
2025-09-30 04:15:00,Tuesday,False,Night,27.47,88.4,Normal,0,5.28,1043.7,614.16,0.571,350.69
2025-09-30 04:30:00,Tuesday,False,Night,27.53,83.2,Normal,0,5.05,1027.2,576.07,0.616,354.86
2025-09-30 04:45:00,Tuesday,False,Night,26.16,82.7,Normal,0,5.31,1032.1,581.06,0.622,361.42
2025-09-30 05:00:00,Tuesday,False,Night,26.35,73.7,Normal,0,5.13,1004.7,508.44,0.578,293.88
2025-09-30 05:15:00,Tuesday,False,Night,27.2,67.6,Normal,0,4.42,977.7,457.43,0.594,271.71
2025-09-30 05:30:00,Tuesday,False,Night,28.55,68.4,Normal,0,4.63,991.4,475.03,0.606,287.87
2025-09-30 05:45:00,Tuesday,False,Night,25.67,79.1,Normal,0,4.9,1043.6,545.35,0.599,326.66
2025-09-30 06:00:00,Tuesday,False,Day,27.43,76.7,Normal,0,4.87,1001.5,527.17,0.605,318.94
2025-09-30 06:15:00,Tuesday,False,Day,26.1,73.0,Normal,0,4.84,1007.7,500.5,0.59,295.29
2025-09-30 06:30:00,Tuesday,False,Day,26.66,67.7,Normal,0,4.5,991.0,473.23,0.563,266.43
2025-09-30 06:45:00,Tuesday,False,Day,26.82,72.1,Normal,0,4.58,1018.8,489.14,0.594,290.55
2025-09-30 07:00:00,Tuesday,False,Day,26.7,61.5,Normal,0,4.1,968.6,425.98,0.585,249.2
2025-09-30 07:15:00,Tuesday,False,Day,26.52,57.9,Normal,0,3.85,969.2,400.87,0.591,236.91
2025-09-30 07:30:00,Tuesday,False,Day,26.83,49.6,Normal,0,3.83,953.4,360.76,0.558,201.3
2025-09-30 07:45:00,Tuesday,False,Day,26.27,56.0,Normal,0,4.14,962.0,410.72,0.558,229.18
2025-09-30 08:00:00,Tuesday,False,Day,25.37,48.3,Normal,0,3.78,937.3,339.58,0.567,192.54
2025-09-30 08:15:00,Tuesday,False,Day,26.99,52.6,Normal,0,3.76,955.3,350.62,0.577,202.31
2025-09-30 08:30:00,Tuesday,False,Day,26.78,65.9,Normal,0,4.65,986.1,456.33,0.577,263.3
2025-09-30 08:45:00,Tuesday,False,Day,26.64,100.0,Normal,0,6.11,1071.2,696.96,0.55,383.33
2025-09-30 09:00:00,Tuesday,False,Day,24.51,67.6,Normal,0,4.58,998.5,441.29,0.55,242.71
2025-09-30 09:15:00,Tuesday,False,Day,25.74,71.1,Normal,0,4.71,1004.0,511.44,0.58,296.64
2025-09-30 09:30:00,Tuesday,False,Day,25.79,66.5,Normal,0,4.43,993.7,467.82,0.542,253.56
2025-09-30 09:45:00,Tuesday,False,Day,24.16,61.2,Normal,0,4.31,977.4,436.76,0.551,240.65
2025-09-30 10:00:00,Tuesday,False,Day,24.72,63.0,Normal,0,4.61,987.4,443.04,0.537,237.91
2025-09-30 10:15:00,Tuesday,False,Day,24.33,72.6,Normal,0,4.97,1013.8,512.29,0.543,278.17
2025-09-30 10:30:00,Tuesday,False,Day,25.6,77.4,Normal,0,4.97,1014.1,532.2,0.526,279.94
2025-09-30 10:45:00,Tuesday,False,Day,25.36,73.6,Normal,0,4.92,1013.2,521.09,0.523,272.53
2025-09-30 11:00:00,Tuesday,False,Day,22.17,78.9,Normal,0,4.91,1007.0,545.73,0.525,286.51
2025-09-30 11:15:00,Tuesday,False,Day,25.18,65.8,Normal,0,4.6,969.0,459.09,0.52,238.73
2025-09-30 11:30:00,Tuesday,False,Day,22.13,63.2,Normal,0,4.25,992.7,441.3,0.52,229.48
2025-09-30 11:45:00,Tuesday,False,Day,23.32,60.5,Normal,0,4.36,969.6,441.33,0.526,232.14
2025-09-30 12:00:00,Tuesday,False,Day,22.99,63.6,Normal,0,4.84,981.8,454.49,0.537,244.06
2025-09-30 12:15:00,Tuesday,False,Day,21.09,64.6,Normal,0,4.35,971.0,438.25,0.509,223.07
2025-09-30 12:30:00,Tuesday,False,Day,21.95,65.8,Normal,0,4.93,974.3,469.18,0.503,236.0
2025-09-30 12:45:00,Tuesday,False,Day,21.15,66.7,Normal,0,4.61,980.4,470.4,0.511,240.37
2025-09-30 13:00:00,Tuesday,False,Day,21.36,68.7,Normal,0,4.51,996.4,474.7,0.5,237.35
2025-09-30 13:15:00,Tuesday,False,Day,20.79,73.5,Normal,0,4.72,998.6,507.08,0.491,248.98
2025-09-30 13:30:00,Tuesday,False,Day,21.25,75.4,Normal,0,5.28,1005.2,518.71,0.516,267.65
2025-09-30 13:45:00,Tuesday,False,Day,20.06,74.5,Normal,0,4.96,998.7,518.75,0.505,261.97
2025-09-30 14:00:00,Tuesday,False,Evening,19.57,71.8,Normal,0,4.68,1006.9,485.54,0.505,245.2
2025-09-30 14:15:00,Tuesday,False,Evening,20.31,77.3,Normal,0,4.98,1018.8,533.87,0.483,257.86
2025-09-30 14:30:00,Tuesday,False,Evening,19.63,73.8,Normal,0,4.92,998.7,506.26,0.495,250.6
2025-09-30 14:45:00,Tuesday,False,Evening,19.5,73.7,Normal,0,4.85,1007.7,521.66,0.486,253.53
2025-09-30 15:00:00,Tuesday,False,Evening,18.14,80.9,Normal,0,5.22,1017.2,577.96,0.5,288.98
2025-09-30 15:15:00,Tuesday,False,Evening,17.61,73.7,Normal,0,5.11,998.0,504.29,0.501,252.65
2025-09-30 15:30:00,Tuesday,False,Evening,17.79,84.8,Normal,0,5.17,1028.2,586.75,0.501,293.96
2025-09-30 15:45:00,Tuesday,False,Evening,17.56,75.7,Normal,0,5.03,1010.8,523.99,0.494,258.85
2025-09-30 16:00:00,Tuesday,False,Evening,18.51,73.7,Normal,0,4.84,994.3,515.23,0.492,253.49
2025-09-30 16:15:00,Tuesday,False,Evening,18.51,68.3,Normal,0,4.53,992.0,474.87,0.5,237.44
2025-09-30 16:30:00,Tuesday,False,Evening,17.47,82.3,Normal,0,5.39,1042.1,572.31,0.506,289.59
2025-09-30 16:45:00,Tuesday,False,Evening,18.62,78.5,Normal,0,4.84,1015.0,541.73,0.498,269.78
2025-09-30 17:00:00,Tuesday,False,Evening,18.47,75.2,Normal,0,4.56,1005.5,513.1,0.495,253.98
2025-09-30 17:15:00,Tuesday,False,Evening,17.5,73.1,Normal,0,4.85,998.5,523.49,0.497,260.17
2025-09-30 17:30:00,Tuesday,False,Evening,16.59,74.0,Normal,0,4.84,1004.5,505.22,0.501,253.12
2025-09-30 17:45:00,Tuesday,False,Evening,18.48,72.3,Normal,0,4.58,985.1,499.6,0.505,252.3
2025-09-30 18:00:00,Tuesday,False,Evening,17.16,71.9,Normal,0,4.51,1009.5,500.51,0.501,250.76
2025-09-30 18:15:00,Tuesday,False,Evening,17.32,51.3,Normal,0,4.12,952.4,378.81,0.509,192.81
2025-09-30 18:30:00,Tuesday,False,Evening,16.98,54.6,Normal,0,4.05,947.3,386.05,0.529,204.22
2025-09-30 18:45:00,Tuesday,False,Evening,16.59,57.2,Normal,0,4.11,958.9,417.88,0.516,215.63
2025-09-30 19:00:00,Tuesday,False,Evening,16.2,65.7,Normal,0,4.82,975.2,442.47,0.509,225.22
2025-09-30 19:15:00,Tuesday,False,Evening,17.98,74.8,Normal,0,5.05,1006.2,510.83,0.502,256.44
2025-09-30 19:30:00,Tuesday,False,Evening,16.96,73.8,Normal,0,5.12,1001.0,523.38,0.545,285.24
2025-09-30 19:45:00,Tuesday,False,Evening,20.17,79.0,Normal,0,4.91,1017.9,536.51,0.541,290.25
2025-09-30 20:00:00,Tuesday,False,Evening,17.01,72.0,Normal,0,4.59,987.8,486.31,0.536,260.66
2025-09-30 20:15:00,Tuesday,False,Evening,17.05,77.1,Normal,0,5.09,1004.9,531.38,0.548,291.2
2025-09-30 20:30:00,Tuesday,False,Evening,18.65,73.5,Normal,0,4.9,1010.2,503.91,0.545,274.63
2025-09-30 20:45:00,Tuesday,False,Evening,19.67,66.7,Normal,0,4.72,980.6,473.87,0.542,256.84
2025-09-30 21:00:00,Tuesday,False,Evening,18.73,66.7,Normal,0,4.29,963.0,467.4,0.533,249.12
2025-09-30 21:15:00,Tuesday,False,Evening,19.37,76.2,Normal,0,5.06,1007.2,531.2,0.568,301.72
2025-09-30 21:30:00,Tuesday,False,Evening,17.69,77.3,Normal,0,5.16,1029.1,550.99,0.548,301.94
2025-09-30 21:45:00,Tuesday,False,Evening,18.89,86.1,Normal,0,5.54,1039.6,588.77,0.552,325.0
2025-09-30 22:00:00,Tuesday,False,Night,18.85,72.4,Normal,0,4.73,993.8,501.76,0.559,280.48
2025-09-30 22:15:00,Tuesday,False,Night,18.48,78.2,Normal,0,5.12,1012.3,557.28,0.563,313.75
2025-09-30 22:30:00,Tuesday,False,Night,20.39,73.0,Normal,0,4.7,1006.7,514.74,0.571,293.92
2025-09-30 22:45:00,Tuesday,False,Night,18.81,73.8,Normal,0,4.81,987.9,524.48,0.573,300.53
2025-09-30 23:00:00,Tuesday,False,Night,19.86,74.4,Normal,0,4.72,997.4,506.87,0.565,286.38
2025-09-30 23:15:00,Tuesday,False,Night,20.8,77.6,Normal,0,4.91,1016.2,545.89,0.574,313.34
2025-09-30 23:30:00,Tuesday,False,Night,20.89,77.9,Normal,0,5.0,1026.6,536.71,0.582,312.37
2025-09-30 23:45:00,Tuesday,False,Night,22.2,72.3,Normal,0,4.71,997.4,506.3,0.573,290.11
2025-10-01 00:00:00,Wednesday,False,Night,22.24,77.1,Normal,0,4.88,1025.5,547.03,0.597,326.58
2025-10-01 00:15:00,Wednesday,False,Night,23.04,86.4,Normal,0,5.21,1030.8,589.97,0.584,344.54
2025-10-01 00:30:00,Wednesday,False,Night,23.25,80.7,Normal,0,5.45,995.7,545.09,0.603,328.69
2025-10-01 00:45:00,Wednesday,False,Night,23.89,68.1,Normal,0,4.52,997.7,491.54,0.575,282.64
2025-10-01 01:00:00,Wednesday,False,Night,23.29,71.1,Normal,0,4.78,1003.1,500.04,0.598,299.02
2025-10-01 01:15:00,Wednesday,False,Night,23.85,68.8,Normal,0,4.36,999.4,473.18,0.584,276.34
2025-10-01 01:30:00,Wednesday,False,Night,24.32,67.9,Normal,0,4.79,997.2,475.14,0.588,279.38
2025-10-01 01:45:00,Wednesday,False,Night,24.32,71.2,Normal,0,4.76,1001.4,474.28,0.605,286.94
2025-10-01 02:00:00,Wednesday,False,Night,24.18,68.1,Maintenance,1,4.53,882.0,288.28,0.595,171.53
2025-10-01 02:15:00,Wednesday,False,Night,24.51,66.5,Maintenance,1,4.46,851.5,303.26,0.624,189.23
2025-10-01 02:30:00,Wednesday,False,Night,24.39,66.1,Maintenance,1,4.64,877.9,276.06,0.604,166.74
2025-10-01 02:45:00,Wednesday,False,Night,25.63,75.1,Maintenance,1,4.47,921.7,278.85,0.592,165.08
2025-10-01 03:00:00,Wednesday,False,Night,25.46,74.4,Maintenance,1,4.75,878.5,320.62,0.605,193.98
2025-10-01 03:15:00,Wednesday,False,Night,25.23,66.3,Maintenance,1,4.5,,269.4,0.598,161.1
2025-10-01 03:30:00,Wednesday,False,Night,25.44,59.3,Maintenance,1,4.18,850.4,246.66,0.608,149.97
2025-10-01 03:45:00,Wednesday,False,Night,25.19,61.2,Maintenance,1,4.66,817.8,256.17,0.597,152.93
2025-10-01 04:00:00,Wednesday,False,Night,27.11,55.2,Maintenance,1,3.96,825.5,233.59,0.603,140.85
2025-10-01 04:15:00,Wednesday,False,Night,26.55,47.4,Maintenance,1,3.8,846.8,221.54,0.601,133.15
2025-10-01 04:30:00,Wednesday,False,Night,25.93,53.7,Maintenance,1,4.21,868.1,273.25,0.598,163.4
2025-10-01 04:45:00,Wednesday,False,Night,27.38,59.5,Maintenance,1,4.31,869.2,283.26,0.607,171.94
2025-10-01 05:00:00,Wednesday,False,Night,26.38,58.3,Maintenance,1,4.05,861.5,237.0,0.577,136.75
2025-10-01 05:15:00,Wednesday,False,Night,25.78,61.2,Maintenance,1,4.09,874.3,248.01,0.595,147.57
2025-10-01 05:30:00,Wednesday,False,Night,27.77,63.2,Maintenance,1,4.49,844.1,330.25,0.585,193.2
2025-10-01 05:45:00,Wednesday,False,Night,26.56,67.4,Maintenance,1,4.81,866.1,334.97,0.577,193.28
2025-10-01 06:00:00,Wednesday,False,Day,26.67,85.1,Normal,0,5.43,1026.4,589.49,0.58,341.9
2025-10-01 06:15:00,Wednesday,False,Day,27.02,69.1,Normal,0,4.83,1007.2,501.95,0.58,291.13
2025-10-01 06:30:00,Wednesday,False,Day,27.87,69.2,Normal,0,5.03,1001.1,487.15,0.581,283.03
2025-10-01 06:45:00,Wednesday,False,Day,26.92,73.8,Normal,0,4.98,1004.7,523.83,0.585,306.44
2025-10-01 07:00:00,Wednesday,False,Day,25.87,72.3,Normal,0,4.62,999.5,500.26,0.584,292.15
2025-10-01 07:15:00,Wednesday,False,Day,27.17,73.7,Normal,0,4.85,1009.8,509.72,0.572,291.56
2025-10-01 07:30:00,Wednesday,False,Day,26.23,79.2,Normal,0,5.3,1011.4,562.89,0.589,331.54
2025-10-01 07:45:00,Wednesday,False,Day,27.99,80.0,Normal,0,5.09,1027.8,560.63,0.566,317.32
2025-10-01 08:00:00,Wednesday,False,Day,26.33,89.3,Normal,0,5.76,1042.3,612.14,0.548,335.45
2025-10-01 08:15:00,Wednesday,False,Day,24.37,95.2,Normal,0,5.78,1064.1,670.61,0.56,375.54
2025-10-01 08:30:00,Wednesday,False,Day,26.25,92.9,Normal,0,5.74,1059.5,642.34,0.561,360.35
2025-10-01 08:45:00,Wednesday,False,Day,27.31,90.4,Normal,0,5.53,1045.5,643.52,0.525,337.85
2025-10-01 09:00:00,Wednesday,False,Day,26.8,72.3,Normal,0,4.81,988.2,518.95,0.566,293.73
2025-10-01 09:15:00,Wednesday,False,Day,26.76,71.5,Normal,0,4.78,1000.6,516.0,0.55,283.8
2025-10-01 09:30:00,Wednesday,False,Day,24.23,64.6,Normal,0,4.2,971.7,449.48,0.536,240.92
2025-10-01 09:45:00,Wednesday,False,Day,25.51,68.1,Normal,0,4.53,993.7,468.31,0.535,250.55
2025-10-01 10:00:00,Wednesday,False,Day,23.92,70.6,Normal,0,4.52,996.0,490.27,0.549,269.16
2025-10-01 10:15:00,Wednesday,False,Day,24.39,76.2,Normal,0,4.9,1007.7,518.08,0.547,283.39
2025-10-01 10:30:00,Wednesday,False,Day,22.9,85.3,Normal,0,5.24,1023.6,614.32,0.528,324.36
2025-10-01 10:45:00,Wednesday,False,Day,23.09,84.7,Normal,0,5.49,1042.1,604.98,0.518,313.38
2025-10-01 11:00:00,Wednesday,False,Day,22.75,98.1,Normal,0,6.07,1062.2,696.86,0.53,369.34
2025-10-01 11:15:00,Wednesday,False,Day,23.69,97.5,Normal,0,5.98,1083.9,699.76,0.529,370.17
2025-10-01 11:30:00,Wednesday,False,Day,23.29,87.8,Normal,0,5.28,1040.8,604.06,0.529,319.55
2025-10-01 11:45:00,Wednesday,False,Day,22.55,83.7,Normal,0,5.28,1032.5,571.11,0.515,294.12
2025-10-01 12:00:00,Wednesday,False,Day,20.92,81.3,Normal,0,4.98,1022.7,538.92,0.517,278.62
2025-10-01 12:15:00,Wednesday,False,Day,21.42,84.9,Normal,0,5.32,1034.5,591.47,0.516,305.2
2025-10-01 12:30:00,Wednesday,False,Day,20.75,78.9,Normal,0,5.18,1025.0,548.05,0.523,286.63
2025-10-01 12:45:00,Wednesday,False,Day,21.72,77.5,Normal,0,5.16,1022.4,546.3,0.524,286.26
2025-10-01 13:00:00,Wednesday,False,Day,21.65,77.1,Normal,0,5.07,998.3,535.29,0.525,281.03
2025-10-01 13:15:00,Wednesday,False,Day,21.24,75.0,Normal,0,5.09,1013.7,529.0,0.52,275.08
2025-10-01 13:30:00,Wednesday,False,Day,19.48,80.7,Normal,0,5.2,1023.7,569.5,0.524,298.42
2025-10-01 13:45:00,Wednesday,False,Day,17.6,84.7,Normal,0,5.3,1028.5,573.93,0.514,295.0
2025-10-01 14:00:00,Wednesday,False,Evening,18.09,85.4,Normal,0,5.5,1044.1,606.51,0.497,301.44
2025-10-01 14:15:00,Wednesday,False,Evening,20.36,82.3,Normal,0,5.36,1038.5,571.29,0.517,295.36
2025-10-01 14:30:00,Wednesday,False,Evening,18.64,88.7,Normal,0,5.43,1046.3,623.13,0.487,303.46
2025-10-01 14:45:00,Wednesday,False,Evening,18.1,79.0,Normal,0,5.14,1010.0,559.04,0.524,292.94
2025-10-01 15:00:00,Wednesday,False,Evening,19.78,70.3,Normal,0,4.65,984.4,497.05,0.49,243.55
2025-10-01 15:15:00,Wednesday,False,Evening,19.25,63.7,Normal,0,4.1,983.1,441.43,0.509,224.69
2025-10-01 15:30:00,Wednesday,False,Evening,18.05,65.2,Normal,0,4.53,990.7,458.42,0.514,235.63
2025-10-01 15:45:00,Wednesday,False,Evening,17.61,73.7,Normal,0,4.65,984.5,515.3,0.505,260.23
2025-10-01 16:00:00,Wednesday,False,Evening,17.56,70.4,Normal,0,4.75,1001.1,475.45,0.48,228.22
2025-10-01 16:15:00,Wednesday,False,Evening,17.7,68.2,Normal,0,4.37,985.0,460.39,0.492,226.51
2025-10-01 16:30:00,Wednesday,False,Evening,18.66,67.9,Normal,0,4.48,972.6,466.42,0.506,236.01
2025-10-01 16:45:00,Wednesday,False,Evening,17.6,72.3,Normal,0,4.72,1001.0,487.49,0.51,248.62
2025-10-01 17:00:00,Wednesday,False,Evening,17.75,69.9,Normal,0,4.86,998.6,486.68,0.503,244.8
2025-10-01 17:15:00,Wednesday,False,Evening,18.03,67.4,Normal,0,4.49,982.5,464.14,0.507,235.32
2025-10-01 17:30:00,Wednesday,False,Evening,16.11,60.3,Normal,0,4.08,957.6,420.49,0.493,207.3
2025-10-01 17:45:00,Wednesday,False,Evening,17.61,58.8,Normal,0,4.23,977.2,415.49,0.527,218.96
2025-10-01 18:00:00,Wednesday,False,Evening,16.76,67.9,Normal,0,4.56,980.2,481.96,0.508,244.84
2025-10-01 18:15:00,Wednesday,False,Evening,15.0,69.4,Normal,0,4.77,997.2,490.57,0.522,256.08
2025-10-01 18:30:00,Wednesday,False,Evening,15.34,65.8,Normal,0,4.34,967.1,453.91,0.53,240.57
2025-10-01 18:45:00,Wednesday,False,Evening,16.28,74.4,Normal,0,4.91,1004.8,513.45,0.507,260.32
2025-10-01 19:00:00,Wednesday,False,Evening,17.6,71.1,Normal,0,5.1,997.3,499.98,0.523,261.49
2025-10-01 19:15:00,Wednesday,False,Evening,17.36,80.2,Normal,0,5.1,1023.8,556.23,0.527,293.13
2025-10-01 19:30:00,Wednesday,False,Evening,17.53,88.1,Normal,0,5.51,1048.6,640.87,0.524,335.82
2025-10-01 19:45:00,Wednesday,False,Evening,19.08,87.0,Normal,0,5.19,1028.7,586.66,0.539,316.21
2025-10-01 20:00:00,Wednesday,False,Evening,16.65,76.7,Normal,0,4.85,1011.6,520.61,0.526,273.84
2025-10-01 20:15:00,Wednesday,False,Evening,17.82,90.4,Normal,0,5.65,1031.7,621.13,0.537,333.55
2025-10-01 20:30:00,Wednesday,False,Evening,18.28,91.0,Normal,0,5.56,1033.5,637.03,0.536,341.45
2025-10-01 20:45:00,Wednesday,False,Evening,17.65,87.2,Normal,0,5.54,1029.9,611.21,0.566,345.94
2025-10-01 21:00:00,Wednesday,False,Evening,18.49,91.6,Normal,0,5.7,1049.5,636.38,0.539,343.01
2025-10-01 21:15:00,Wednesday,False,Evening,17.42,93.9,Normal,0,5.54,1064.5,664.76,0.556,369.61
2025-10-01 21:30:00,Wednesday,False,Evening,20.08,99.7,Normal,0,6.14,1082.6,711.53,0.57,405.57
2025-10-01 21:45:00,Wednesday,False,Evening,18.68,92.8,Normal,0,5.5,1046.5,655.64,0.546,357.98
2025-10-01 22:00:00,Wednesday,False,Night,21.13,84.7,Normal,0,5.22,1033.5,599.52,0.56,335.73
2025-10-01 22:15:00,Wednesday,False,Night,19.76,75.6,Normal,0,4.97,1014.8,504.43,0.552,278.45
2025-10-01 22:30:00,Wednesday,False,Night,20.91,78.7,Normal,0,5.3,1022.0,557.7,0.545,303.95
2025-10-01 22:45:00,Wednesday,False,Night,20.35,77.3,Normal,0,4.86,1010.6,520.66,0.56,291.57
2025-10-01 23:00:00,Wednesday,False,Night,20.68,77.8,Normal,0,5.05,1014.1,542.76,0.566,307.2
2025-10-01 23:15:00,Wednesday,False,Night,20.56,75.8,Normal,0,4.96,1007.5,525.44,0.569,298.98
2025-10-01 23:30:00,Wednesday,False,Night,21.44,73.3,Normal,0,4.93,1001.1,510.11,0.574,292.8
2025-10-01 23:45:00,Wednesday,False,Night,21.93,67.5,Normal,0,4.75,986.0,460.87,0.58,267.3
2025-10-02 00:00:00,Thursday,False,Night,21.16,72.3,Normal,0,4.72,999.1,510.97,0.57,291.25
2025-10-02 00:15:00,Thursday,False,Night,22.02,80.7,Normal,0,5.31,1018.5,550.05,0.588,323.43
2025-10-02 00:30:00,Thursday,False,Night,21.96,75.9,Normal,0,5.14,1000.6,536.95,0.599,321.63
2025-10-02 00:45:00,Thursday,False,Night,24.61,78.2,Normal,0,5.31,1024.5,533.88,0.602,321.4
2025-10-02 01:00:00,Thursday,False,Night,23.01,79.6,Normal,0,5.18,1023.9,554.13,0.588,325.83
2025-10-02 01:15:00,Thursday,False,Night,24.63,78.3,Normal,0,5.08,1032.9,563.38,0.602,339.15
2025-10-02 01:30:00,Thursday,False,Night,23.55,67.9,Normal,0,4.52,993.9,495.26,0.588,291.21
2025-10-02 01:45:00,Thursday,False,Night,24.21,60.1,Normal,0,4.02,968.7,402.19,0.592,238.1
2025-10-02 02:00:00,Thursday,False,Night,23.23,56.3,Normal,0,4.02,956.7,390.76,0.601,234.85
2025-10-02 02:15:00,Thursday,False,Night,24.21,67.0,Normal,0,4.56,989.6,461.78,0.595,274.76
2025-10-02 02:30:00,Thursday,False,Night,25.0,56.1,Normal,0,4.04,967.1,420.54,0.586,246.44
2025-10-02 02:45:00,Thursday,False,Night,26.36,59.8,Normal,0,4.31,971.0,421.53,0.608,256.29
2025-10-02 03:00:00,Thursday,False,Night,25.5,60.6,Normal,0,4.04,962.5,431.62,0.592,255.52
2025-10-02 03:15:00,Thursday,False,Night,26.66,48.3,Normal,0,3.67,938.6,353.85,0.595,210.54
2025-10-02 03:30:00,Thursday,False,Night,26.27,39.7,Normal,0,3.59,922.8,297.15,0.611,181.56
2025-10-02 03:45:00,Thursday,False,Night,27.25,43.1,Normal,0,3.6,937.9,306.96,0.605,185.71
2025-10-02 04:00:00,Thursday,False,Night,26.07,57.9,Normal,0,4.23,956.1,403.59,0.601,242.56
2025-10-02 04:15:00,Thursday,False,Night,28.19,54.9,Normal,0,4.06,964.3,415.24,0.584,242.5
2025-10-02 04:30:00,Thursday,False,Night,26.02,61.7,Normal,0,4.25,979.2,434.38,0.586,254.55
2025-10-02 04:45:00,Thursday,False,Night,25.91,59.6,Normal,0,3.95,968.5,425.03,0.601,255.44
2025-10-02 05:00:00,Thursday,False,Night,25.65,60.9,Normal,0,4.34,970.5,414.31,0.602,249.41
2025-10-02 05:15:00,Thursday,False,Night,28.56,69.0,Normal,0,4.27,991.9,469.9,0.596,280.06
2025-10-02 05:30:00,Thursday,False,Night,27.4,66.8,Normal,0,4.49,992.4,472.65,0.587,277.45
2025-10-02 05:45:00,Thursday,False,Night,26.51,62.8,Normal,0,4.36,989.6,429.58,0.585,251.3
2025-10-02 06:00:00,Thursday,False,Day,27.79,86.0,Normal,0,5.32,1049.2,598.17,0.59,352.92
2025-10-02 06:15:00,Thursday,False,Day,27.33,85.8,Normal,0,5.71,1029.8,594.2,0.574,341.07
2025-10-02 06:30:00,Thursday,False,Day,28.32,91.9,Normal,0,5.92,1053.3,656.63,0.585,384.13
2025-10-02 06:45:00,Thursday,False,Day,25.46,86.6,Normal,0,5.57,1021.7,608.93,0.567,345.26
2025-10-02 07:00:00,Thursday,False,Day,26.41,94.5,Normal,0,5.62,1060.7,667.82,0.568,379.32
2025-10-02 07:15:00,Thursday,False,Day,26.16,94.6,Normal,0,6.05,1064.6,678.42,0.578,392.13
2025-10-02 07:30:00,Thursday,False,Day,24.83,95.7,Normal,0,5.91,1074.1,673.14,0.579,389.75
2025-10-02 07:45:00,Thursday,False,Day,27.12,94.8,Normal,0,5.63,1046.8,672.11,0.573,385.12
2025-10-02 08:00:00,Thursday,False,Day,25.9,90.3,Normal,0,5.58,1040.2,624.73,0.556,347.35
2025-10-02 08:15:00,Thursday,False,Day,26.54,89.3,Normal,0,5.68,1048.0,632.76,0.545,344.85
2025-10-02 08:30:00,Thursday,False,Day,27.65,85.7,Normal,0,5.29,1025.8,574.77,0.561,322.45
2025-10-02 08:45:00,Thursday,False,Day,25.27,91.1,Normal,0,5.63,1051.7,630.26,0.539,339.71
2025-10-02 09:00:00,Thursday,False,Day,24.99,88.7,Normal,0,5.56,1049.1,643.68,0.564,363.04
2025-10-02 09:15:00,Thursday,False,Day,25.18,79.0,Normal,0,4.92,1009.8,550.96,0.54,297.52
2025-10-02 09:30:00,Thursday,False,Day,25.62,69.2,Normal,0,4.61,997.0,486.92,0.57,277.54
2025-10-02 09:45:00,Thursday,False,Day,24.12,60.4,Normal,0,4.1,963.0,412.7,0.535,220.79
2025-10-02 10:00:00,Thursday,False,Day,23.79,66.7,Normal,0,4.66,999.2,456.97,0.546,249.51
2025-10-02 10:15:00,Thursday,False,Day,24.85,61.6,Normal,0,4.17,977.9,427.09,0.531,226.78
2025-10-02 10:30:00,Thursday,False,Day,24.01,65.9,Normal,0,4.54,981.2,459.23,0.533,244.77
2025-10-02 10:45:00,Thursday,False,Day,21.76,68.6,Normal,0,4.41,981.4,491.73,0.534,262.58
2025-10-02 11:00:00,Thursday,False,Day,22.1,69.9,Normal,0,4.51,997.9,493.23,0.537,264.86
2025-10-02 11:15:00,Thursday,False,Day,23.97,51.2,Normal,0,3.65,960.4,367.21,0.536,196.82
2025-10-02 11:30:00,Thursday,False,Day,22.77,75.9,Normal,0,4.9,1004.2,526.07,0.53,278.82
2025-10-02 11:45:00,Thursday,False,Day,21.51,60.3,Normal,0,4.27,966.8,431.36,0.531,229.05
2025-10-02 12:00:00,Thursday,False,Day,21.65,61.0,Normal,0,4.33,966.2,415.31,0.512,212.64
2025-10-02 12:15:00,Thursday,False,Day,21.47,66.1,Normal,0,4.24,997.3,437.67,0.522,228.46
2025-10-02 12:30:00,Thursday,False,Day,21.73,77.8,Normal,0,5.0,999.0,545.6,0.51,278.26
2025-10-02 12:45:00,Thursday,False,Day,19.73,88.4,Normal,0,5.38,1049.5,616.08,0.521,320.98
2025-10-02 13:00:00,Thursday,False,Day,19.82,79.5,Normal,0,5.18,1014.0,539.78,0.51,275.29
2025-10-02 13:15:00,Thursday,False,Day,20.4,77.7,Normal,0,4.98,1012.4,517.32,0.513,265.39
2025-10-02 13:30:00,Thursday,False,Day,19.8,68.8,Normal,0,4.62,987.5,486.91,0.509,247.84
2025-10-02 13:45:00,Thursday,False,Day,20.04,79.5,Normal,0,4.99,1019.1,544.68,0.512,278.88
2025-10-02 14:00:00,Thursday,False,Evening,18.31,79.9,Normal,0,5.38,1011.0,562.71,0.495,278.54
2025-10-02 14:15:00,Thursday,False,Evening,19.3,81.5,Normal,0,5.0,1030.1,560.6,0.486,272.45
2025-10-02 14:30:00,Thursday,False,Evening,19.62,81.9,Normal,0,5.15,1031.6,568.19,0.511,290.35
2025-10-02 14:45:00,Thursday,False,Evening,18.88,89.4,Normal,0,5.56,1033.1,617.88,0.514,317.59
2025-10-02 15:00:00,Thursday,False,Evening,18.37,95.1,Normal,0,5.75,1060.2,666.58,0.499,332.62
2025-10-02 15:15:00,Thursday,False,Evening,17.96,99.8,Normal,0,5.88,1063.4,708.08,0.508,359.7
2025-10-02 15:30:00,Thursday,False,Evening,17.16,99.6,Normal,0,5.71,1065.5,695.27,0.484,336.51
2025-10-02 15:45:00,Thursday,False,Evening,17.58,94.7,Normal,0,5.67,1065.4,660.28,0.494,326.18
2025-10-02 16:00:00,Thursday,False,Evening,18.47,97.1,Normal,0,5.73,1054.5,686.26,0.502,344.5
2025-10-02 16:15:00,Thursday,False,Evening,17.21,99.4,Normal,0,6.23,1072.1,713.26,0.484,345.22
2025-10-02 16:30:00,Thursday,False,Evening,16.46,95.5,Normal,0,6.14,1058.0,665.53,0.487,324.11
2025-10-02 16:45:00,Thursday,False,Evening,16.66,91.0,Normal,0,5.6,1041.7,635.43,0.505,320.89
2025-10-02 17:00:00,Thursday,False,Evening,17.12,96.0,Normal,0,5.62,1059.0,665.79,0.499,332.23
2025-10-02 17:15:00,Thursday,False,Evening,16.59,100.0,Normal,0,6.11,1067.7,708.33,0.503,356.29
2025-10-02 17:30:00,Thursday,False,Evening,17.22,95.8,Normal,0,5.67,1046.4,683.9,0.504,344.69
2025-10-02 17:45:00,Thursday,False,Evening,17.22,91.8,Normal,0,5.56,1040.8,643.81,0.497,319.97
2025-10-02 18:00:00,Thursday,False,Evening,17.5,92.0,Normal,0,5.56,1038.0,662.97,0.51,338.11
2025-10-02 18:15:00,Thursday,False,Evening,17.94,93.0,Normal,0,5.62,1047.0,651.99,0.514,335.12
2025-10-02 18:30:00,Thursday,False,Evening,17.63,87.9,Normal,0,5.42,1047.0,610.98,0.51,311.6
2025-10-02 18:45:00,Thursday,False,Evening,16.14,97.7,Normal,0,5.7,1064.2,684.36,0.514,351.76
2025-10-02 19:00:00,Thursday,False,Evening,16.24,97.7,Normal,0,5.8,1048.2,686.5,0.519,356.29
2025-10-02 19:15:00,Thursday,False,Evening,17.0,98.3,Normal,0,6.08,1059.6,698.4,0.532,371.55
2025-10-02 19:30:00,Thursday,False,Evening,16.81,100.0,Normal,0,5.99,1067.7,696.12,0.526,366.16
2025-10-02 19:45:00,Thursday,False,Evening,16.4,99.8,Normal,0,6.01,1071.0,702.93,0.511,359.2
2025-10-02 20:00:00,Thursday,False,Evening,17.11,96.4,Normal,0,5.51,1051.9,663.97,0.521,345.93
2025-10-02 20:15:00,Thursday,False,Evening,17.25,86.5,Normal,0,5.55,1022.6,614.31,0.545,334.8
2025-10-02 20:30:00,Thursday,False,Evening,17.29,84.2,Normal,0,5.21,1026.3,564.32,0.532,300.22
2025-10-02 20:45:00,Thursday,False,Evening,17.78,74.3,Normal,0,5.04,1006.9,520.27,0.542,281.99
2025-10-02 21:00:00,Thursday,False,Evening,19.2,79.0,Normal,0,5.11,1017.1,533.67,0.565,301.52
2025-10-02 21:15:00,Thursday,False,Evening,18.65,81.1,Normal,0,5.09,1013.0,565.34,0.555,313.76
2025-10-02 21:30:00,Thursday,False,Evening,20.72,78.8,Normal,0,4.82,1030.0,539.46,0.531,286.45
2025-10-02 21:45:00,Thursday,False,Evening,19.15,77.9,Normal,0,5.36,1011.7,528.09,0.57,301.01
2025-10-02 22:00:00,Thursday,False,Night,19.06,74.2,Normal,0,4.99,1004.7,526.46,0.56,294.82
2025-10-02 22:15:00,Thursday,False,Night,19.58,66.7,Normal,0,4.66,979.5,441.17,0.566,249.7
2025-10-02 22:30:00,Thursday,False,Night,20.08,68.1,Normal,0,4.87,997.6,479.04,0.568,272.09
2025-10-02 22:45:00,Thursday,False,Night,20.53,72.3,Normal,0,4.82,1004.1,509.78,0.577,294.14
2025-10-02 23:00:00,Thursday,False,Night,22.16,61.0,Normal,0,4.48,975.1,445.68,0.57,254.04
2025-10-02 23:15:00,Thursday,False,Night,20.14,66.0,Normal,0,4.43,974.3,441.81,0.559,246.97
2025-10-02 23:30:00,Thursday,False,Night,21.83,56.2,Normal,0,4.17,969.1,395.83,0.58,229.58
2025-10-02 23:45:00,Thursday,False,Night,21.63,56.9,Normal,0,4.0,968.0,412.24,0.566,233.33
2025-10-03 00:00:00,Friday,False,Night,20.33,51.3,Normal,0,3.76,955.0,379.67,0.6,227.8
2025-10-03 00:15:00,Friday,False,Night,22.53,61.8,Normal,0,4.33,975.2,446.27,0.581,259.28
2025-10-03 00:30:00,Friday,False,Night,23.25,55.6,Normal,0,3.84,959.4,416.86,0.586,244.28
2025-10-03 00:45:00,Friday,False,Night,21.87,47.2,Normal,0,3.69,936.4,340.78,0.582,198.33
2025-10-03 01:00:00,Friday,False,Night,22.87,50.5,Normal,0,3.75,965.2,368.65,0.594,218.98
2025-10-03 01:15:00,Friday,False,Night,21.81,50.1,Normal,0,3.48,940.8,352.73,0.597,210.58
2025-10-03 01:30:00,Friday,False,Night,22.49,43.3,Normal,0,3.39,919.2,301.43,0.588,177.24
2025-10-03 01:45:00,Friday,False,Night,24.63,49.4,Normal,0,3.69,942.6,355.86,0.6,213.52
2025-10-03 02:00:00,Friday,False,Night,23.71,39.7,Normal,0,3.42,916.4,285.62,0.598,170.8
2025-10-03 02:15:00,Friday,False,Night,23.47,36.8,Normal,0,3.19,923.3,284.35,0.597,169.76
2025-10-03 02:30:00,Friday,False,Night,24.81,37.1,Normal,0,3.38,904.2,278.04,0.591,164.32
2025-10-03 02:45:00,Friday,False,Night,24.46,45.6,Normal,0,3.65,931.5,341.71,0.623,212.89
2025-10-03 03:00:00,Friday,False,Night,24.74,56.1,Normal,0,3.97,964.0,388.69,0.612,237.88
2025-10-03 03:15:00,Friday,False,Night,25.93,64.1,Normal,0,4.41,993.5,430.86,0.607,261.53
2025-10-03 03:30:00,Friday,False,Night,24.62,63.7,Normal,0,4.35,987.1,453.61,0.611,277.16
2025-10-03 03:45:00,Friday,False,Night,25.02,49.6,Normal,0,3.83,959.4,355.54,0.603,214.39
2025-10-03 04:00:00,Friday,False,Night,26.04,54.2,Normal,0,3.97,961.5,382.41,0.596,227.92
2025-10-03 04:15:00,Friday,False,Night,26.84,64.7,Normal,0,4.35,984.0,440.36,0.572,251.89
2025-10-03 04:30:00,Friday,False,Night,27.19,72.5,Normal,0,4.8,1012.2,515.8,0.585,301.74
2025-10-03 04:45:00,Friday,False,Night,25.79,74.7,Normal,0,4.96,998.8,521.67,0.618,322.39
2025-10-03 05:00:00,Friday,False,Night,27.16,66.8,Normal,0,4.39,977.4,455.73,0.607,276.63
2025-10-03 05:15:00,Friday,False,Night,25.86,63.8,Normal,0,4.45,990.4,428.42,0.596,255.34
2025-10-03 05:30:00,Friday,False,Night,28.0,75.9,Normal,0,4.71,1016.2,548.06,0.576,315.68
2025-10-03 05:45:00,Friday,False,Night,25.67,66.4,Normal,0,4.69,996.6,486.38,0.597,290.37
2025-10-03 06:00:00,Friday,False,Day,27.65,73.7,Normal,0,4.93,1002.0,527.25,0.585,308.44
2025-10-03 06:15:00,Friday,False,Day,26.05,80.4,Normal,0,5.39,1034.5,556.8,0.593,330.18
2025-10-03 06:30:00,Friday,False,Day,28.15,78.0,Normal,0,4.87,1025.3,534.12,0.573,306.05
2025-10-03 06:45:00,Friday,False,Day,26.96,71.4,Normal,0,4.91,1002.2,503.16,0.576,289.82
2025-10-03 07:00:00,Friday,False,Day,25.6,81.8,Normal,0,5.35,1029.0,562.37,0.587,330.11
2025-10-03 07:15:00,Friday,False,Day,25.9,84.6,Normal,0,5.3,1037.4,578.72,0.595,344.34
2025-10-03 07:30:00,Friday,False,Day,26.83,82.0,Normal,0,5.16,1022.0,583.15,0.566,330.06
2025-10-03 07:45:00,Friday,False,Day,26.91,75.1,Normal,0,4.75,1008.6,517.78,0.56,289.96
2025-10-03 08:00:00,Friday,False,Day,25.86,88.2,Normal,0,5.29,1046.2,600.98,0.577,346.77
2025-10-03 08:15:00,Friday,False,Day,25.78,87.3,Normal,0,5.34,1037.9,616.13,0.551,339.49
2025-10-03 08:30:00,Friday,False,Day,26.16,95.1,Normal,0,5.6,1049.3,658.03,0.549,361.26
2025-10-03 08:45:00,Friday,False,Day,25.45,98.9,Normal,0,6.19,1072.4,682.55,0.56,382.23
2025-10-03 09:00:00,Friday,False,Day,24.08,93.7,Normal,0,5.5,1062.6,642.23,0.575,369.28
2025-10-03 09:15:00,Friday,False,Day,24.23,89.2,Normal,0,5.55,1053.3,618.77,0.543,335.99
2025-10-03 09:30:00,Friday,False,Day,24.82,97.1,Normal,0,5.94,1069.3,687.35,0.544,373.92
2025-10-03 09:45:00,Friday,False,Day,25.33,100.0,Normal,0,6.05,1079.2,709.75,0.546,387.52
2025-10-03 10:00:00,Friday,False,Day,25.38,90.1,Normal,0,5.64,1055.9,643.93,0.536,345.15
2025-10-03 10:15:00,Friday,False,Day,24.42,92.4,Normal,0,5.81,1053.6,647.37,0.52,336.63
2025-10-03 10:30:00,Friday,False,Day,23.73,90.5,Normal,0,5.52,1030.7,625.44,0.543,339.61
2025-10-03 10:45:00,Friday,False,Day,23.79,83.2,Normal,0,5.28,1038.7,592.0,0.534,316.13
2025-10-03 11:00:00,Friday,False,Day,22.34,84.7,Normal,0,5.29,1024.9,597.85,0.532,318.06
2025-10-03 11:15:00,Friday,False,Day,22.44,76.2,Normal,0,5.15,1001.8,529.37,0.524,277.39
2025-10-03 11:30:00,Friday,False,Day,21.58,74.1,Normal,0,5.18,996.1,522.11,0.538,280.9
2025-10-03 11:45:00,Friday,False,Day,20.91,70.3,Normal,0,4.52,1014.8,482.1,0.515,248.28
2025-10-03 12:00:00,Friday,False,Day,21.85,68.7,Normal,0,4.32,995.2,461.01,0.507,233.73
2025-10-03 12:15:00,Friday,False,Day,21.41,69.9,Normal,0,4.76,985.9,508.56,0.532,270.55
2025-10-03 12:30:00,Friday,False,Day,21.48,65.2,Normal,0,4.63,977.1,451.93,0.491,221.9
2025-10-03 12:45:00,Friday,False,Day,21.05,76.7,Normal,0,5.27,1011.0,540.33,0.509,275.03
2025-10-03 13:00:00,Friday,False,Day,20.48,80.3,Normal,0,5.25,1023.9,544.7,0.508,276.71
2025-10-03 13:15:00,Friday,False,Day,20.42,91.3,Normal,0,5.83,1049.2,649.81,0.506,328.8
2025-10-03 13:30:00,Friday,False,Day,19.64,89.2,Normal,0,5.78,1033.7,614.44,0.49,301.08
2025-10-03 13:45:00,Friday,False,Day,19.7,85.0,Normal,0,5.57,1033.2,612.45,0.492,301.33
2025-10-03 14:00:00,Friday,False,Evening,18.5,89.2,Normal,0,5.66,1035.3,642.44,0.513,329.57
2025-10-03 14:15:00,Friday,False,Evening,19.1,84.2,Normal,0,5.12,1036.6,588.44,0.516,303.64
2025-10-03 14:30:00,Friday,False,Evening,19.08,82.1,Normal,0,5.22,1023.4,571.53,0.497,284.05
2025-10-03 14:45:00,Friday,False,Evening,17.75,85.7,Normal,0,5.42,1024.8,594.87,0.491,292.08
2025-10-03 15:00:00,Friday,False,Evening,18.09,77.1,Normal,0,4.98,1015.1,534.41,0.482,257.59
2025-10-03 15:15:00,Friday,False,Evening,17.33,81.2,Normal,0,5.17,1022.3,567.91,0.509,289.07
2025-10-03 15:30:00,Friday,False,Evening,17.2,84.1,Normal,0,5.54,1022.6,589.49,0.51,300.64
2025-10-03 15:45:00,Friday,False,Evening,16.53,90.8,Normal,0,5.49,1048.5,642.78,0.472,303.39
2025-10-03 16:00:00,Friday,False,Evening,18.27,94.3,Normal,0,5.87,1057.8,654.72,0.477,312.3
2025-10-03 16:15:00,Friday,False,Evening,17.95,99.9,Normal,0,6.04,1076.1,722.19,0.503,363.26
2025-10-03 16:30:00,Friday,False,Evening,17.39,96.4,Normal,0,5.72,1063.0,671.66,0.505,339.19
2025-10-03 16:45:00,Friday,False,Evening,18.43,88.8,Normal,0,5.35,1037.4,608.99,0.499,303.89
2025-10-03 17:00:00,Friday,False,Evening,16.6,99.9,Normal,0,5.74,1051.9,703.2,0.504,354.41
2025-10-03 17:15:00,Friday,False,Evening,19.11,87.9,Normal,0,5.55,1038.9,618.6,0.504,311.77
2025-10-03 17:30:00,Friday,False,Evening,16.44,77.9,Normal,0,5.02,1013.0,522.88,0.508,265.62
2025-10-03 17:45:00,Friday,False,Evening,16.8,81.1,Normal,0,5.05,1019.0,555.97,0.501,278.54
2025-10-03 18:00:00,Friday,False,Evening,16.27,90.2,Normal,0,5.29,1016.8,601.16,0.512,307.79
2025-10-03 18:15:00,Friday,False,Evening,16.89,89.6,Normal,0,5.61,1045.3,620.23,0.507,314.46
2025-10-03 18:30:00,Friday,False,Evening,17.3,94.0,Normal,0,5.71,1043.9,651.56,0.509,331.64
2025-10-03 18:45:00,Friday,False,Evening,16.59,79.9,Normal,0,5.02,1020.9,555.99,0.5,278.0
2025-10-03 19:00:00,Friday,False,Evening,18.18,76.4,Normal,0,4.82,1021.5,520.46,0.52,270.64
2025-10-03 19:15:00,Friday,False,Evening,17.04,65.1,Normal,0,4.43,976.8,447.67,0.532,238.16
2025-10-03 19:30:00,Friday,False,Evening,17.18,71.1,Normal,0,4.8,997.4,508.11,0.524,266.25
2025-10-03 19:45:00,Friday,False,Evening,16.37,62.4,Normal,0,4.29,971.8,456.31,0.526,240.02
2025-10-03 20:00:00,Friday,False,Evening,17.59,56.4,Normal,0,3.89,961.7,387.17,0.546,211.39
2025-10-03 20:15:00,Friday,False,Evening,17.32,61.8,Normal,0,4.3,971.6,442.82,0.546,241.78
2025-10-03 20:30:00,Friday,False,Evening,17.13,69.9,Normal,0,4.83,986.7,491.79,0.557,273.93
2025-10-03 20:45:00,Friday,False,Evening,17.2,69.7,Normal,0,4.67,983.2,466.23,0.565,263.42
2025-10-03 21:00:00,Friday,False,Evening,20.19,73.8,Normal,0,4.86,1015.8,505.33,0.546,275.91
2025-10-03 21:15:00,Friday,False,Evening,18.08,77.3,Normal,0,4.96,1013.6,505.33,0.537,271.36
2025-10-03 21:30:00,Friday,False,Evening,17.37,75.9,Normal,0,4.81,1012.7,527.71,0.547,288.66
2025-10-03 21:45:00,Friday,False,Evening,18.25,69.3,Normal,0,4.51,993.4,468.52,0.561,262.84
2025-10-03 22:00:00,Friday,False,Night,19.04,65.5,Normal,0,4.23,989.2,454.1,0.573,260.2
2025-10-03 22:15:00,Friday,False,Night,19.81,69.5,Normal,0,4.84,984.8,614.43,0.551,338.55
2025-10-03 22:30:00,Friday,False,Night,20.11,74.7,Normal,0,4.96,1005.9,535.47,0.568,304.15
2025-10-03 22:45:00,Friday,False,Night,20.52,75.7,Normal,0,4.95,1012.1,518.09,0.56,290.13
2025-10-03 23:00:00,Friday,False,Night,19.77,67.8,Normal,0,4.63,998.1,463.31,0.57,264.09
2025-10-03 23:15:00,Friday,False,Night,20.88,72.0,Normal,0,4.82,1020.5,515.38,0.573,295.31
2025-10-03 23:30:00,Friday,False,Night,20.23,71.5,Normal,0,4.64,1000.6,484.69,0.581,281.6
2025-10-03 23:45:00,Friday,False,Night,20.76,68.2,Normal,0,4.55,984.2,482.99,0.6,289.79
2025-10-04 00:00:00,Saturday,True,Night,20.65,63.3,Normal,0,4.31,967.6,449.88,0.587,264.08
2025-10-04 00:15:00,Saturday,True,Night,20.76,37.4,Normal,0,3.56,905.3,286.07,0.58,165.92
2025-10-04 00:30:00,Saturday,True,Night,22.89,43.4,Normal,0,3.62,923.0,319.92,0.581,185.87
2025-10-04 00:45:00,Saturday,True,Night,22.91,34.9,Normal,0,3.09,884.8,269.42,0.587,158.15
2025-10-04 01:00:00,Saturday,True,Night,23.46,29.9,Normal,0,3.02,890.5,232.24,0.582,135.16
2025-10-04 01:15:00,Saturday,True,Night,23.02,29.5,Normal,0,2.99,900.3,239.39,0.594,142.2
2025-10-04 01:30:00,Saturday,True,Night,23.92,40.8,Normal,0,3.13,924.1,278.21,0.57,158.58
2025-10-04 01:45:00,Saturday,True,Night,22.18,47.4,Normal,0,3.62,936.6,340.46,0.594,202.23
2025-10-04 02:00:00,Saturday,True,Night,24.57,37.0,Normal,0,3.16,901.6,259.27,0.596,154.52
2025-10-04 02:15:00,Saturday,True,Night,24.3,45.8,Normal,0,3.67,944.7,328.67,0.586,192.6
2025-10-04 02:30:00,Saturday,True,Night,24.93,53.6,Normal,0,3.9,960.4,375.71,0.595,223.55
2025-10-04 02:45:00,Saturday,True,Night,24.98,45.3,Normal,0,3.54,935.5,311.37,0.611,190.25
2025-10-04 03:00:00,Saturday,True,Night,24.13,29.9,Normal,0,2.75,878.8,224.8,0.612,137.58
2025-10-04 03:15:00,Saturday,True,Night,23.94,31.0,Normal,0,3.03,895.1,240.99,0.595,143.39
2025-10-04 03:30:00,Saturday,True,Night,24.78,39.2,Normal,0,3.05,923.7,270.4,0.605,163.59
2025-10-04 03:45:00,Saturday,True,Night,25.99,49.2,Normal,0,3.67,946.0,339.28,0.585,198.48
2025-10-04 04:00:00,Saturday,True,Night,26.26,43.2,Normal,0,3.18,932.9,290.88,0.596,173.36
2025-10-04 04:15:00,Saturday,True,Night,24.77,53.7,Normal,0,3.79,961.9,354.59,0.601,213.11
2025-10-04 04:30:00,Saturday,True,Night,25.22,39.1,Normal,0,3.31,921.6,288.87,0.613,177.08
2025-10-04 04:45:00,Saturday,True,Night,25.54,37.3,Normal,0,3.23,921.3,280.41,0.608,170.49
2025-10-04 05:00:00,Saturday,True,Night,25.93,35.5,Normal,0,3.04,905.1,259.02,0.597,154.63
2025-10-04 05:15:00,Saturday,True,Night,25.2,43.3,Normal,0,3.63,921.0,291.18,0.585,170.34
2025-10-04 05:30:00,Saturday,True,Night,25.2,51.1,Normal,0,4.03,954.1,365.68,0.606,221.6
2025-10-04 05:45:00,Saturday,True,Night,25.71,55.8,Normal,0,4.03,967.9,373.87,0.587,219.46
2025-10-04 06:00:00,Saturday,True,Day,26.45,60.2,Normal,0,4.28,978.2,426.97,0.593,253.19
2025-10-04 06:15:00,Saturday,True,Day,25.43,65.0,Normal,0,4.39,986.3,433.35,0.585,253.51
2025-10-04 06:30:00,Saturday,True,Day,26.25,67.1,Normal,0,4.65,988.6,452.46,0.604,273.29
2025-10-04 06:45:00,Saturday,True,Day,27.13,55.8,Normal,0,3.86,965.3,370.77,0.575,213.19
2025-10-04 07:00:00,Saturday,True,Day,25.17,43.6,Normal,0,3.74,934.6,314.5,0.588,184.93
2025-10-04 07:15:00,Saturday,True,Day,25.95,51.4,Normal,0,4.01,955.2,389.92,0.575,224.2
2025-10-04 07:30:00,Saturday,True,Day,26.82,51.0,Normal,0,3.64,972.2,344.43,0.579,199.42
2025-10-04 07:45:00,Saturday,True,Day,25.53,44.0,Normal,0,3.37,925.5,319.26,0.586,187.09
2025-10-04 08:00:00,Saturday,True,Day,25.25,44.3,Normal,0,3.57,959.2,315.06,0.547,172.34
2025-10-04 08:15:00,Saturday,True,Day,26.47,48.0,Normal,0,3.63,933.5,342.05,0.563,192.57
2025-10-04 08:30:00,Saturday,True,Day,25.1,48.6,Normal,0,3.79,947.1,317.79,0.552,175.42
2025-10-04 08:45:00,Saturday,True,Day,26.02,40.3,Normal,0,3.26,914.4,306.59,0.562,172.3
2025-10-04 09:00:00,Saturday,True,Day,25.26,53.6,Normal,0,4.17,959.1,372.56,0.561,209.01
2025-10-04 09:15:00,Saturday,True,Day,24.4,60.1,Normal,0,4.24,980.0,402.57,0.546,219.8
2025-10-04 09:30:00,Saturday,True,Day,24.81,57.7,Normal,0,4.49,966.8,405.26,0.543,220.06
2025-10-04 09:45:00,Saturday,True,Day,24.42,55.8,Normal,0,4.13,969.2,381.7,0.547,208.79
2025-10-04 10:00:00,Saturday,True,Day,24.7,58.1,Normal,0,3.94,964.0,376.68,0.528,198.89
2025-10-04 10:15:00,Saturday,True,Day,23.15,51.2,Normal,0,4.14,932.5,330.48,0.541,178.79
2025-10-04 10:30:00,Saturday,True,Day,23.33,53.8,Normal,0,4.11,960.6,387.45,0.527,204.19
2025-10-04 10:45:00,Saturday,True,Day,22.94,46.2,Normal,0,3.65,936.5,320.27,0.539,172.63
2025-10-04 11:00:00,Saturday,True,Day,23.24,47.1,Normal,0,3.73,934.9,321.87,0.516,166.08
2025-10-04 11:15:00,Saturday,True,Day,21.54,41.3,Normal,0,3.19,919.6,285.34,0.52,148.38
2025-10-04 11:30:00,Saturday,True,Day,22.85,36.5,Normal,0,2.87,915.2,278.53,0.516,143.72
2025-10-04 11:45:00,Saturday,True,Day,22.08,48.8,Normal,0,3.71,935.5,330.79,0.517,171.02
2025-10-04 12:00:00,Saturday,True,Day,20.33,50.1,Normal,0,3.98,946.9,354.12,0.532,188.39
2025-10-04 12:15:00,Saturday,True,Day,22.02,52.2,Normal,0,3.93,960.0,354.66,0.524,185.84
2025-10-04 12:30:00,Saturday,True,Day,22.52,40.7,Normal,0,3.59,938.6,284.22,0.508,144.38
2025-10-04 12:45:00,Saturday,True,Day,21.21,39.1,Normal,0,3.46,928.4,295.66,0.506,149.6
2025-10-04 13:00:00,Saturday,True,Day,21.23,44.0,Normal,0,3.5,930.7,320.28,0.518,165.91
2025-10-04 13:15:00,Saturday,True,Day,19.84,46.7,Normal,0,3.8,937.1,320.77,0.496,159.1
2025-10-04 13:30:00,Saturday,True,Day,18.14,35.0,Normal,0,3.29,901.2,263.69,0.506,133.43
2025-10-04 13:45:00,Saturday,True,Day,17.7,38.9,Normal,0,3.24,910.1,281.33,0.498,140.1
2025-10-04 14:00:00,Saturday,True,Evening,19.09,37.3,Normal,0,3.14,917.9,276.79,0.501,138.67
2025-10-04 14:15:00,Saturday,True,Evening,18.13,46.6,Normal,0,3.64,930.9,343.44,0.51,175.15
2025-10-04 14:30:00,Saturday,True,Evening,17.61,43.2,Normal,0,3.09,927.4,294.75,0.494,145.61
2025-10-04 14:45:00,Saturday,True,Evening,18.04,30.7,Normal,0,2.9,885.9,235.13,0.51,119.92
2025-10-04 15:00:00,Saturday,True,Evening,18.34,27.2,Normal,0,2.8,896.0,222.12,0.522,115.95
2025-10-04 15:15:00,Saturday,True,Evening,16.46,23.4,Normal,0,2.52,871.5,193.34,0.506,97.83
2025-10-04 15:30:00,Saturday,True,Evening,17.06,31.2,Normal,0,2.93,902.8,225.08,0.499,112.31
2025-10-04 15:45:00,Saturday,True,Evening,18.43,17.2,Normal,0,2.18,854.5,174.97,0.512,89.58
2025-10-04 16:00:00,Saturday,True,Evening,16.19,18.6,Normal,0,1.96,855.8,179.79,0.49,88.1
2025-10-04 16:15:00,Saturday,True,Evening,17.59,31.0,Normal,0,3.12,904.6,245.09,0.517,126.71
2025-10-04 16:30:00,Saturday,True,Evening,16.37,33.5,Normal,0,2.94,894.2,250.42,0.495,123.96
2025-10-04 16:45:00,Saturday,True,Evening,17.08,41.0,Normal,0,3.26,906.0,280.55,0.525,147.29
2025-10-04 17:00:00,Saturday,True,Evening,17.43,32.3,Normal,0,3.14,888.8,251.88,0.498,125.44
2025-10-04 17:15:00,Saturday,True,Evening,17.07,24.9,Normal,0,2.72,885.2,214.65,0.513,110.12
2025-10-04 17:30:00,Saturday,True,Evening,17.15,36.7,Normal,0,3.19,914.0,275.14,0.492,135.37
2025-10-04 17:45:00,Saturday,True,Evening,15.47,39.0,Normal,0,3.37,906.2,286.05,0.508,145.31
2025-10-04 18:00:00,Saturday,True,Evening,17.27,41.1,Normal,0,3.18,913.9,293.11,0.501,146.85
2025-10-04 18:15:00,Saturday,True,Evening,15.71,35.6,Normal,0,3.08,909.4,276.62,0.5,138.31
2025-10-04 18:30:00,Saturday,True,Evening,16.63,38.0,Normal,0,3.4,921.2,285.99,0.528,151.0
2025-10-04 18:45:00,Saturday,True,Evening,16.68,32.7,Normal,0,2.85,896.9,251.2,0.507,127.36
2025-10-04 19:00:00,Saturday,True,Evening,16.94,42.0,Normal,0,3.25,925.4,277.91,0.514,142.85
2025-10-04 19:15:00,Saturday,True,Evening,16.92,59.5,Normal,0,4.22,971.7,411.62,0.516,212.4
2025-10-04 19:30:00,Saturday,True,Evening,16.09,61.4,Normal,0,4.31,986.0,410.86,0.538,221.04
2025-10-04 19:45:00,Saturday,True,Evening,15.82,56.3,Normal,0,4.16,946.6,382.31,0.54,206.45
2025-10-04 20:00:00,Saturday,True,Evening,17.75,40.5,Normal,0,3.12,912.5,272.62,0.546,148.85
2025-10-04 20:15:00,Saturday,True,Evening,17.37,31.6,Normal,0,2.52,891.2,256.48,0.528,135.42
2025-10-04 20:30:00,Saturday,True,Evening,18.33,43.3,Normal,0,3.6,931.9,283.24,0.553,156.63
2025-10-04 20:45:00,Saturday,True,Evening,17.59,38.0,Normal,0,3.05,909.5,287.91,0.535,154.03
2025-10-04 21:00:00,Saturday,True,Evening,16.72,37.4,Normal,0,3.09,911.8,275.63,0.538,148.29
2025-10-04 21:15:00,Saturday,True,Evening,18.86,42.9,Normal,0,3.11,925.7,277.81,0.542,150.57
2025-10-04 21:30:00,Saturday,True,Evening,18.04,52.8,Normal,0,4.05,948.8,382.58,0.546,208.89
2025-10-04 21:45:00,Saturday,True,Evening,18.88,51.4,Normal,0,3.89,946.9,357.47,0.555,198.4
2025-10-04 22:00:00,Saturday,True,Night,18.36,40.9,Normal,0,3.39,927.6,269.59,0.55,148.27
2025-10-04 22:15:00,Saturday,True,Night,20.49,41.6,Normal,0,3.43,915.0,291.75,0.564,164.55
2025-10-04 22:30:00,Saturday,True,Night,18.77,38.0,Normal,0,2.9,911.2,275.81,0.539,148.66
2025-10-04 22:45:00,Saturday,True,Night,19.5,35.1,Normal,0,2.92,896.0,274.54,0.57,156.49
2025-10-04 23:00:00,Saturday,True,Night,20.17,38.6,Normal,0,3.17,916.8,274.25,0.56,153.58
2025-10-04 23:15:00,Saturday,True,Night,19.53,40.2,Normal,0,3.2,917.0,259.36,0.567,147.06
2025-10-04 23:30:00,Saturday,True,Night,20.99,53.3,Normal,0,3.88,961.0,377.19,0.57,215.0
2025-10-04 23:45:00,Saturday,True,Night,22.34,54.7,Normal,0,4.03,957.0,376.93,0.589,222.01
2025-10-05 00:00:00,Sunday,True,Night,20.79,60.2,Normal,0,4.39,966.0,385.02,0.587,226.01
2025-10-05 00:15:00,Sunday,True,Night,21.83,51.7,Normal,0,3.63,947.1,352.56,0.583,205.54
2025-10-05 00:30:00,Sunday,True,Night,19.64,53.8,Normal,0,3.95,966.4,371.26,0.58,215.33
2025-10-05 00:45:00,Sunday,True,Night,22.13,48.2,Normal,0,3.8,928.0,330.62,0.597,197.38
2025-10-05 01:00:00,Sunday,True,Night,22.23,49.9,Normal,0,,939.9,331.58,0.609,201.93
2025-10-05 01:15:00,Sunday,True,Night,22.14,53.2,Normal,0,3.89,953.4,355.58,0.593,210.86
2025-10-05 01:30:00,Sunday,True,Night,23.97,52.3,Normal,0,3.95,947.2,354.58,0.578,204.95
2025-10-05 01:45:00,Sunday,True,Night,23.14,65.6,Normal,0,4.49,988.8,443.51,0.589,261.23
2025-10-05 02:00:00,Sunday,True,Night,23.54,71.5,Normal,0,4.85,999.5,488.31,0.603,294.45
2025-10-05 02:15:00,Sunday,True,Night,23.66,75.1,Normal,0,4.92,1011.1,482.11,0.594,286.37
2025-10-05 02:30:00,Sunday,True,Night,22.7,75.9,Normal,0,4.9,1011.3,510.54,0.59,301.22
2025-10-05 02:45:00,Sunday,True,Night,23.58,82.5,Normal,0,5.06,1026.7,557.13,0.59,328.71
2025-10-05 03:00:00,Sunday,True,Night,25.49,69.1,Normal,0,4.68,985.2,464.25,0.601,279.01
2025-10-05 03:15:00,Sunday,True,Night,23.26,74.2,Normal,0,4.88,1007.9,493.27,0.585,288.56
2025-10-05 03:30:00,Sunday,True,Night,24.54,64.5,Normal,0,4.29,969.2,442.98,0.6,265.79
2025-10-05 03:45:00,Sunday,True,Night,25.02,58.6,Normal,0,4.25,963.5,409.73,0.601,246.25
2025-10-05 04:00:00,Sunday,True,Night,26.91,60.1,Normal,0,4.43,978.1,404.85,0.595,240.89
2025-10-05 04:15:00,Sunday,True,Night,26.29,65.4,Normal,0,4.38,996.4,436.66,0.588,256.76
2025-10-05 04:30:00,Sunday,True,Night,25.36,55.8,Normal,0,3.93,981.0,385.32,0.608,234.27
2025-10-05 04:45:00,Sunday,True,Night,26.96,51.2,Normal,0,3.71,948.5,361.08,0.583,210.51
2025-10-05 05:00:00,Sunday,True,Night,25.42,50.8,Normal,0,3.56,942.8,335.0,0.597,200.0
2025-10-05 05:15:00,Sunday,True,Night,26.9,48.7,Normal,0,4.01,949.8,331.3,0.601,199.11
2025-10-05 05:30:00,Sunday,True,Night,25.06,53.2,Normal,0,3.85,970.4,365.06,0.594,216.85
2025-10-05 05:45:00,Sunday,True,Night,27.03,72.6,Normal,0,4.67,1017.8,473.76,0.603,285.68
2025-10-05 06:00:00,Sunday,True,Day,25.86,85.5,Normal,0,5.2,1028.6,554.36,0.577,319.87
2025-10-05 06:15:00,Sunday,True,Day,25.35,77.7,Normal,0,4.97,1015.8,512.16,0.578,296.03
2025-10-05 06:30:00,Sunday,True,Day,25.97,67.4,Normal,0,4.46,998.5,454.31,0.579,263.05
2025-10-05 06:45:00,Sunday,True,Day,26.31,64.2,Normal,0,4.64,991.3,450.76,0.614,276.77
2025-10-05 07:00:00,Sunday,True,Day,25.62,57.7,Normal,0,3.94,971.9,379.65,0.584,221.72
2025-10-05 07:15:00,Sunday,True,Day,26.36,60.4,Normal,0,4.02,970.9,400.89,0.583,233.72
2025-10-05 07:30:00,Sunday,True,Day,25.34,62.7,Normal,0,4.44,984.1,424.51,0.58,246.22
2025-10-05 07:45:00,Sunday,True,Day,26.17,59.3,Normal,0,4.18,979.0,393.42,0.571,224.64
2025-10-05 08:00:00,Sunday,True,Day,25.87,70.9,Normal,0,4.69,992.9,466.31,0.578,269.53
2025-10-05 08:15:00,Sunday,True,Day,25.3,64.8,Normal,0,4.53,995.3,440.17,0.545,239.89
2025-10-05 08:30:00,Sunday,True,Day,24.8,6.411474510041888,Stopped,0,1.63,646.1,24.31,0.564,13.71
2025-10-05 08:45:00,Sunday,True,Day,25.07,66.3,Normal,0,4.51,982.3,435.98,0.562,245.02
2025-10-05 09:00:00,Sunday,True,Day,25.16,70.5,Normal,0,4.49,1006.2,466.74,0.564,263.24
2025-10-05 09:15:00,Sunday,True,Day,26.13,76.6,Normal,0,4.73,1021.3,513.11,0.539,276.57
2025-10-05 09:30:00,Sunday,True,Day,24.98,76.8,Normal,0,4.88,1021.2,498.62,0.537,267.76
2025-10-05 09:45:00,Sunday,True,Day,24.75,80.7,Normal,0,4.99,1036.6,539.33,0.534,288.0
2025-10-05 10:00:00,Sunday,True,Day,26.16,73.9,Normal,0,4.9,1008.0,483.02,0.546,263.73
2025-10-05 10:15:00,Sunday,True,Day,23.81,77.4,Normal,0,4.74,1017.6,507.72,0.543,275.69
2025-10-05 10:30:00,Sunday,True,Day,23.49,80.3,Normal,0,5.07,1000.8,544.65,0.525,285.94
2025-10-05 10:45:00,Sunday,True,Day,23.36,86.6,Normal,0,5.39,1046.5,584.95,0.551,322.31
2025-10-05 11:00:00,Sunday,True,Day,21.67,73.1,Normal,0,4.81,1010.6,506.54,0.532,269.48
2025-10-05 11:15:00,Sunday,True,Day,21.81,65.7,Normal,0,4.55,994.9,441.35,0.527,232.59
2025-10-05 11:30:00,Sunday,True,Day,21.43,69.6,Normal,0,4.62,986.1,474.06,0.521,246.99
2025-10-05 11:45:00,Sunday,True,Day,22.03,52.2,Normal,0,3.77,958.2,362.93,0.53,192.35
2025-10-05 12:00:00,Sunday,True,Day,21.05,55.7,Normal,0,4.22,966.6,381.03,0.522,198.9
2025-10-05 12:15:00,Sunday,True,Day,20.97,62.2,Normal,0,4.28,969.5,403.08,0.534,215.24
2025-10-05 12:30:00,Sunday,True,Day,21.4,58.1,Normal,0,4.36,973.2,395.41,0.501,198.1
2025-10-05 12:45:00,Sunday,True,Day,20.9,55.4,Normal,0,3.97,961.3,369.4,0.495,182.85
2025-10-05 13:00:00,Sunday,True,Day,19.76,49.2,Normal,0,,927.6,331.61,0.502,166.47
2025-10-05 13:15:00,Sunday,True,Day,19.04,47.0,Normal,0,3.61,939.8,327.32,0.513,167.92
2025-10-05 13:30:00,Sunday,True,Day,20.18,45.2,Normal,0,3.58,925.4,301.24,0.501,150.92
2025-10-05 13:45:00,Sunday,True,Day,19.59,42.5,Normal,0,3.36,910.9,289.65,0.517,149.75
2025-10-05 14:00:00,Sunday,True,Evening,17.4,33.8,Normal,0,3.02,903.8,244.36,0.499,121.94
2025-10-05 14:15:00,Sunday,True,Evening,18.16,34.3,Normal,0,3.26,902.2,258.18,0.513,132.45
2025-10-05 14:30:00,Sunday,True,Evening,18.28,34.6,Normal,0,3.2,914.8,254.2,0.493,125.32
2025-10-05 14:45:00,Sunday,True,Evening,18.51,47.8,Normal,0,3.83,938.2,326.32,0.512,167.08
2025-10-05 15:00:00,Sunday,True,Evening,18.38,45.8,Normal,0,3.38,937.8,317.25,0.514,163.07
2025-10-05 15:15:00,Sunday,True,Evening,17.65,48.5,Normal,0,3.53,941.8,327.08,0.494,161.58
2025-10-05 15:30:00,Sunday,True,Evening,17.69,45.3,Normal,0,3.59,938.0,317.43,0.505,160.3
2025-10-05 15:45:00,Sunday,True,Evening,17.08,42.5,Normal,0,3.54,915.2,290.82,0.503,146.28
2025-10-05 16:00:00,Sunday,True,Evening,16.32,33.3,Normal,0,2.91,900.3,241.9,0.506,122.4
2025-10-05 16:15:00,Sunday,True,Evening,16.49,26.0,Normal,0,2.52,879.5,233.4,0.514,119.97
2025-10-05 16:30:00,Sunday,True,Evening,16.58,21.7,Normal,0,2.62,875.1,191.77,0.512,98.19
2025-10-05 16:45:00,Sunday,True,Evening,16.42,26.4,Normal,0,2.75,883.6,197.9,0.509,100.73
2025-10-05 17:00:00,Sunday,True,Evening,14.85,35.8,Normal,0,3.26,898.9,270.09,0.511,138.02
2025-10-05 17:15:00,Sunday,True,Evening,15.96,16.4,Normal,0,2.08,853.5,162.0,0.494,80.03
2025-10-05 17:30:00,Sunday,True,Evening,16.27,26.5,Normal,0,2.57,894.9,219.44,0.507,111.26
2025-10-05 17:45:00,Sunday,True,Evening,15.97,21.2,Normal,0,2.53,854.6,192.82,0.499,96.22
2025-10-05 18:00:00,Sunday,True,Evening,15.99,23.2,Normal,0,2.45,878.9,206.87,0.512,105.92
2025-10-05 18:15:00,Sunday,True,Evening,16.59,33.0,Normal,0,2.88,908.1,248.05,0.525,130.23
2025-10-05 18:30:00,Sunday,True,Evening,15.37,32.5,Normal,0,2.81,900.6,242.9,0.516,125.34
2025-10-05 18:45:00,Sunday,True,Evening,14.98,34.4,Normal,0,2.96,916.2,268.33,0.494,132.56
2025-10-05 19:00:00,Sunday,True,Evening,16.08,45.1,Normal,0,3.68,935.5,295.71,0.511,151.11
2025-10-05 19:15:00,Sunday,True,Evening,17.06,48.6,Normal,0,3.48,940.6,317.76,0.53,168.41
2025-10-05 19:30:00,Sunday,True,Evening,17.92,44.3,Normal,0,3.6,923.8,303.61,0.522,158.48
2025-10-05 19:45:00,Sunday,True,Evening,17.33,46.1,Normal,0,3.48,934.7,301.9,0.538,162.42
2025-10-05 20:00:00,Sunday,True,Evening,15.68,41.7,Normal,0,3.35,924.6,290.95,0.521,151.58
2025-10-05 20:15:00,Sunday,True,Evening,16.84,45.3,Normal,0,3.53,929.2,309.82,0.54,167.3
2025-10-05 20:30:00,Sunday,True,Evening,17.43,49.1,Normal,0,3.7,933.2,346.5,0.544,188.5
2025-10-05 20:45:00,Sunday,True,Evening,17.57,41.1,Normal,0,3.31,909.6,290.29,0.55,159.66
2025-10-05 21:00:00,Sunday,True,Evening,18.08,43.4,Normal,0,3.4,926.8,302.29,0.539,162.93
2025-10-05 21:15:00,Sunday,True,Evening,17.16,43.6,Normal,0,3.39,913.3,300.27,0.557,167.25
2025-10-05 21:30:00,Sunday,True,Evening,18.19,47.7,Normal,0,3.86,932.4,322.43,0.567,182.82
2025-10-05 21:45:00,Sunday,True,Evening,18.74,53.1,Normal,0,3.92,930.7,368.82,0.533,196.58
2025-10-05 22:00:00,Sunday,True,Night,19.35,47.7,Normal,0,3.65,943.8,342.18,0.559,191.28
2025-10-05 22:15:00,Sunday,True,Night,18.33,45.3,Normal,0,3.46,939.5,303.04,0.544,164.85
2025-10-05 22:30:00,Sunday,True,Night,19.0,50.7,Normal,0,3.74,945.0,362.29,0.557,201.8
2025-10-05 22:45:00,Sunday,True,Night,17.42,44.5,Normal,0,3.42,942.2,304.29,0.56,170.4
2025-10-05 23:00:00,Sunday,True,Night,19.4,36.4,Normal,0,3.25,919.7,263.14,0.571,150.25
2025-10-05 23:15:00,Sunday,True,Night,19.79,18.0,Normal,0,2.11,867.1,180.8,0.578,104.5
2025-10-05 23:30:00,Sunday,True,Night,19.72,20.6,Normal,0,2.02,868.8,189.18,0.586,110.86
2025-10-05 23:45:00,Sunday,True,Night,20.99,18.4,Normal,0,2.25,862.4,178.87,0.582,104.1
2025-10-06 00:00:00,Monday,False,Night,20.96,48.7,Normal,0,3.67,945.4,349.83,0.589,206.05
2025-10-06 00:15:00,Monday,False,Night,19.52,39.2,Normal,0,3.18,914.9,310.68,0.574,178.33
2025-10-06 00:30:00,Monday,False,Night,21.83,38.8,Normal,0,3.38,921.2,295.1,0.597,176.17
2025-10-06 00:45:00,Monday,False,Night,21.23,45.1,Normal,0,3.13,937.1,325.43,0.556,180.94
2025-10-06 01:00:00,Monday,False,Night,22.68,41.7,Normal,0,3.62,923.0,335.41,0.606,203.26
2025-10-06 01:15:00,Monday,False,Night,21.58,47.3,Normal,0,3.81,946.7,335.95,0.606,203.59
2025-10-06 01:30:00,Monday,False,Night,22.94,46.4,Normal,0,3.51,934.9,334.19,0.602,201.18
2025-10-06 01:45:00,Monday,False,Night,22.98,48.8,Normal,0,3.65,943.0,363.46,0.618,224.62
2025-10-06 02:00:00,Monday,False,Night,23.74,54.7,Normal,0,4.06,950.3,395.23,0.579,228.84
2025-10-06 02:15:00,Monday,False,Night,23.88,62.0,Normal,0,4.4,974.3,444.65,0.606,269.46
2025-10-06 02:30:00,Monday,False,Night,23.84,63.3,Normal,0,4.29,997.0,429.28,0.6,257.57
2025-10-06 02:45:00,Monday,False,Night,23.07,59.0,Normal,0,3.94,961.2,413.81,0.602,249.11
2025-10-06 03:00:00,Monday,False,Night,23.35,57.3,Normal,0,4.42,967.8,408.14,0.588,239.99
2025-10-06 03:15:00,Monday,False,Night,24.29,62.4,Normal,0,4.48,974.2,462.0,0.604,279.05
2025-10-06 03:30:00,Monday,False,Night,24.96,56.9,Normal,0,4.11,946.9,409.79,0.603,247.1
2025-10-06 03:45:00,Monday,False,Night,24.67,57.2,Normal,0,4.13,969.6,405.19,0.593,240.28
2025-10-06 04:00:00,Monday,False,Night,25.83,56.2,Normal,0,4.15,959.1,402.69,0.599,241.21
2025-10-06 04:15:00,Monday,False,Night,25.26,57.0,Normal,0,4.21,967.7,406.22,0.585,237.64
2025-10-06 04:30:00,Monday,False,Night,24.85,52.2,Normal,0,3.56,960.7,376.39,0.594,223.58
2025-10-06 04:45:00,Monday,False,Night,25.51,43.0,Normal,0,3.39,932.2,312.31,0.606,189.26
2025-10-06 05:00:00,Monday,False,Night,26.01,49.1,Normal,0,3.66,948.6,368.92,0.605,223.2
2025-10-06 05:15:00,Monday,False,Night,26.16,57.2,Normal,0,4.08,959.4,390.45,0.601,234.66
2025-10-06 05:30:00,Monday,False,Night,27.46,47.7,Normal,0,3.78,949.3,352.91,0.602,212.45
2025-10-06 05:45:00,Monday,False,Night,25.45,52.4,Normal,0,3.61,952.2,362.36,0.6,217.42
2025-10-06 06:00:00,Monday,False,Day,25.94,74.8,Normal,0,4.69,994.2,514.76,0.582,299.59
2025-10-06 06:15:00,Monday,False,Day,26.33,79.2,Normal,0,4.99,1028.1,558.67,0.589,329.06
2025-10-06 06:30:00,Monday,False,Day,25.94,77.0,Normal,0,5.02,1024.7,518.65,0.595,308.6
2025-10-06 06:45:00,Monday,False,Day,25.5,72.0,Normal,0,4.9,1014.6,501.72,0.567,284.48
2025-10-06 07:00:00,Monday,False,Day,24.59,73.7,Normal,0,5.09,1023.7,503.04,0.565,284.22
2025-10-06 07:15:00,Monday,False,Day,25.33,76.1,Normal,0,4.91,1019.1,525.18,0.561,294.63
2025-10-06 07:30:00,Monday,False,Day,24.76,77.4,Normal,0,5.14,,525.52,0.555,291.66
2025-10-06 07:45:00,Monday,False,Day,24.1,76.9,Normal,0,5.1,1022.7,538.07,0.56,301.32
2025-10-06 08:00:00,Monday,False,Day,24.69,71.0,Normal,0,4.81,992.6,490.03,0.562,275.4
2025-10-06 08:15:00,Monday,False,Day,24.32,74.9,Normal,0,4.9,995.7,526.29,0.579,304.72
2025-10-06 08:30:00,Monday,False,Day,25.43,78.5,Normal,0,,1015.2,555.97,0.556,309.12
2025-10-06 08:45:00,Monday,False,Day,25.24,80.2,Normal,0,4.98,1033.3,555.24,0.542,300.94
2025-10-06 09:00:00,Monday,False,Day,23.81,81.1,Normal,0,5.01,1018.9,568.99,0.556,316.36
2025-10-06 09:15:00,Monday,False,Day,24.09,91.2,Normal,0,5.67,1053.4,653.06,0.549,358.53
2025-10-06 09:30:00,Monday,False,Day,22.56,86.4,Normal,0,5.4,1041.0,592.93,0.54,320.18
2025-10-06 09:45:00,Monday,False,Day,23.38,93.5,Normal,0,5.66,1056.8,669.0,0.539,360.59
2025-10-06 10:00:00,Monday,False,Day,23.82,87.8,Normal,0,5.57,1030.7,613.02,0.552,338.39
2025-10-06 10:15:00,Monday,False,Day,23.87,93.7,Normal,0,5.7,1058.5,647.07,0.524,339.06
2025-10-06 10:30:00,Monday,False,Day,22.34,99.7,Normal,0,5.85,1066.1,704.27,0.518,364.81
2025-10-06 10:45:00,Monday,False,Day,23.45,95.8,Normal,0,5.78,1074.3,673.05,0.536,360.75
2025-10-06 11:00:00,Monday,False,Day,21.08,100.0,Normal,0,6.12,1078.4,695.16,0.523,363.57
2025-10-06 11:15:00,Monday,False,Day,20.98,100.0,Normal,0,5.85,1066.1,692.38,0.541,374.58
2025-10-06 11:30:00,Monday,False,Day,22.22,96.4,Normal,0,5.88,1075.3,696.12,0.522,363.37
2025-10-06 11:45:00,Monday,False,Day,22.66,92.4,Normal,0,5.66,1054.3,649.88,0.519,337.29
2025-10-06 12:00:00,Monday,False,Day,21.39,97.9,Normal,0,5.8,1050.9,701.49,0.526,368.98
2025-10-06 12:15:00,Monday,False,Day,20.64,100.0,Normal,0,5.96,1068.3,701.38,0.499,349.99
2025-10-06 12:30:00,Monday,False,Day,18.59,92.9,Normal,0,5.46,1062.6,639.48,0.516,329.97
2025-10-06 12:45:00,Monday,False,Day,18.41,90.7,Normal,0,5.61,1037.3,616.73,0.507,312.68
2025-10-06 13:00:00,Monday,False,Day,19.81,90.9,Normal,0,5.4,1045.0,641.4,0.519,332.89
2025-10-06 13:15:00,Monday,False,Day,19.11,86.8,Normal,0,5.59,1023.8,610.86,0.501,306.04
2025-10-06 13:30:00,Monday,False,Day,18.2,100.0,Normal,0,5.99,1057.4,701.14,0.507,355.48
2025-10-06 13:45:00,Monday,False,Day,18.84,99.6,Normal,0,5.9,1059.8,693.06,0.501,347.22
2025-10-06 14:00:00,Monday,False,Evening,18.59,91.1,Normal,0,5.79,1035.2,650.55,0.507,329.83
2025-10-06 14:15:00,Monday,False,Evening,18.98,96.4,Normal,0,5.69,1053.6,672.82,0.499,335.74
2025-10-06 14:30:00,Monday,False,Evening,18.07,91.8,Normal,0,5.53,1060.3,639.58,0.504,322.35
2025-10-06 14:45:00,Monday,False,Evening,18.69,95.9,Normal,0,5.55,1056.8,662.91,0.518,343.39
2025-10-06 15:00:00,Monday,False,Evening,17.47,83.5,Normal,0,5.48,1031.4,580.37,0.497,288.44
2025-10-06 15:15:00,Monday,False,Evening,17.15,79.9,Normal,0,5.4,1024.6,565.66,0.504,285.09
2025-10-06 15:30:00,Monday,False,Evening,17.88,85.7,Normal,0,5.13,1022.1,577.14,0.523,301.84
2025-10-06 15:45:00,Monday,False,Evening,16.06,94.0,Normal,0,5.62,1043.6,657.05,0.504,331.15
2025-10-06 16:00:00,Monday,False,Evening,18.92,87.2,Normal,0,5.45,1041.7,617.8,0.476,294.07
2025-10-06 16:15:00,Monday,False,Evening,16.82,80.5,Normal,0,5.07,1012.0,556.04,0.495,275.24
2025-10-06 16:30:00,Monday,False,Evening,16.69,83.4,Normal,0,5.27,1029.8,590.45,0.49,289.32
2025-10-06 16:45:00,Monday,False,Evening,16.69,78.7,Normal,0,5.05,1025.9,560.06,0.513,287.31
2025-10-06 17:00:00,Monday,False,Evening,17.67,76.8,Normal,0,5.05,996.9,541.93,0.504,273.13
2025-10-06 17:15:00,Monday,False,Evening,16.73,82.0,Normal,0,5.07,1017.9,561.25,0.517,290.17
2025-10-06 17:30:00,Monday,False,Evening,14.76,78.0,Normal,0,5.07,1007.6,540.96,0.514,278.05
2025-10-06 17:45:00,Monday,False,Evening,17.13,66.0,Normal,0,4.33,976.9,459.78,0.516,237.25
2025-10-06 18:00:00,Monday,False,Evening,15.73,59.4,Normal,0,4.14,958.6,411.37,0.5,205.68
2025-10-06 18:15:00,Monday,False,Evening,16.1,61.4,Normal,0,4.03,964.8,420.07,0.519,218.02
2025-10-06 18:30:00,Monday,False,Evening,15.02,52.0,Normal,0,3.8,944.3,365.8,0.53,193.87
2025-10-06 18:45:00,Monday,False,Evening,16.52,53.1,Normal,0,3.83,949.7,403.24,0.504,203.23
2025-10-06 19:00:00,Monday,False,Evening,15.65,47.5,Normal,0,3.8,941.3,346.93,0.518,179.71
2025-10-06 19:15:00,Monday,False,Evening,16.35,60.7,Normal,0,4.25,967.0,436.23,0.528,230.33
2025-10-06 19:30:00,Monday,False,Evening,16.15,75.6,Normal,0,4.95,1013.3,516.57,0.528,272.75
2025-10-06 19:45:00,Monday,False,Evening,18.06,69.3,Normal,0,4.65,985.4,498.18,0.544,271.01
2025-10-06 20:00:00,Monday,False,Evening,18.26,71.6,Normal,0,4.43,986.4,486.61,0.54,262.77
2025-10-06 20:15:00,Monday,False,Evening,16.88,66.4,Normal,0,4.22,979.5,457.29,0.54,246.94
2025-10-06 20:30:00,Monday,False,Evening,17.08,65.7,Normal,0,4.44,984.0,545.1,0.547,298.17
2025-10-06 20:45:00,Monday,False,Evening,16.94,77.7,Normal,0,5.07,1017.1,551.43,0.55,303.29
2025-10-06 21:00:00,Monday,False,Evening,18.35,74.7,Normal,0,4.86,1015.5,531.83,0.546,290.38
2025-10-06 21:15:00,Monday,False,Evening,17.44,73.2,Normal,0,4.7,1001.7,493.86,0.545,269.15
2025-10-06 21:30:00,Monday,False,Evening,17.62,67.8,Normal,0,4.55,992.0,483.22,0.562,271.57
2025-10-06 21:45:00,Monday,False,Evening,19.01,75.7,Normal,0,4.89,1017.8,511.76,0.548,280.44
2025-10-06 22:00:00,Monday,False,Night,18.07,48.2,Normal,0,3.81,931.1,358.62,0.558,200.11
2025-10-06 22:15:00,Monday,False,Night,18.76,47.9,Normal,0,3.78,935.5,347.82,0.55,191.3
2025-10-06 22:30:00,Monday,False,Night,17.82,50.0,Normal,0,3.69,963.8,374.69,0.572,214.32
2025-10-06 22:45:00,Monday,False,Night,19.96,48.2,Normal,0,3.68,945.7,353.62,0.581,205.45
2025-10-06 23:00:00,Monday,False,Night,21.26,55.8,Normal,0,4.08,963.0,406.17,0.562,228.27
2025-10-06 23:15:00,Monday,False,Night,20.6,64.4,Normal,0,4.49,987.0,463.64,0.573,265.67
2025-10-06 23:30:00,Monday,False,Night,21.52,56.4,Normal,0,4.31,949.9,400.08,0.572,228.85
2025-10-06 23:45:00,Monday,False,Night,20.0,70.4,Normal,0,4.7,989.2,488.32,0.59,288.11
2025-10-07 00:00:00,Tuesday,False,Night,21.01,61.5,Normal,0,4.47,964.9,422.45,0.596,251.78
2025-10-07 00:15:00,Tuesday,False,Night,20.4,70.0,Normal,0,4.51,997.1,480.55,0.58,278.72
2025-10-07 00:30:00,Tuesday,False,Night,21.29,70.7,Normal,0,4.62,993.2,508.47,0.556,282.71
2025-10-07 00:45:00,Tuesday,False,Night,22.42,67.3,Normal,0,4.24,989.3,470.45,0.601,282.74
2025-10-07 01:00:00,Tuesday,False,Night,22.2,65.0,Normal,0,4.48,980.2,443.36,0.591,262.03
2025-10-07 01:15:00,Tuesday,False,Night,21.3,65.1,Normal,0,4.56,969.2,471.23,0.593,279.44
2025-10-07 01:30:00,Tuesday,False,Night,21.69,66.7,Normal,0,4.15,993.6,462.17,0.604,279.15
2025-10-07 01:45:00,Tuesday,False,Night,21.93,61.4,Normal,0,4.32,959.3,438.19,0.592,259.41
2025-10-07 02:00:00,Tuesday,False,Night,23.72,60.8,Normal,0,4.36,967.6,433.0,0.591,255.9
2025-10-07 02:15:00,Tuesday,False,Night,25.25,57.0,Normal,0,4.18,954.6,408.28,0.594,242.52
2025-10-07 02:30:00,Tuesday,False,Night,24.96,51.0,Normal,0,3.64,942.8,343.59,0.604,207.53
2025-10-07 02:45:00,Tuesday,False,Night,22.6,48.2,Normal,0,3.8,942.6,364.11,0.608,221.38
2025-10-07 03:00:00,Tuesday,False,Night,25.5,43.6,Normal,0,3.48,941.7,303.41,0.616,186.9
2025-10-07 03:15:00,Tuesday,False,Night,25.33,44.0,Normal,0,3.58,920.2,338.01,0.604,204.16
2025-10-07 03:30:00,Tuesday,False,Night,23.55,49.5,Normal,0,3.73,940.5,358.78,0.599,214.91
2025-10-07 03:45:00,Tuesday,False,Night,24.74,52.5,Normal,0,3.94,939.4,384.36,0.609,234.08
2025-10-07 04:00:00,Tuesday,False,Night,26.03,66.2,Normal,0,4.68,983.9,465.87,0.59,274.86
2025-10-07 04:15:00,Tuesday,False,Night,25.75,41.6,Normal,0,3.35,927.6,323.98,0.613,198.6
2025-10-07 04:30:00,Tuesday,False,Night,24.4,57.7,Normal,0,4.17,972.3,409.07,0.6,245.44
2025-10-07 04:45:00,Tuesday,False,Night,26.05,42.9,Normal,0,3.63,913.5,326.06,0.594,193.68
2025-10-07 05:00:00,Tuesday,False,Night,23.94,65.0,Normal,0,4.44,988.5,560.1,0.586,328.22
2025-10-07 05:15:00,Tuesday,False,Night,25.55,69.6,Normal,0,4.5,989.1,499.25,0.6,299.55
2025-10-07 05:30:00,Tuesday,False,Night,26.69,68.4,Normal,0,4.71,985.0,483.15,0.589,284.58
2025-10-07 05:45:00,Tuesday,False,Night,25.83,69.4,Normal,0,4.87,997.1,473.46,0.589,278.87
2025-10-07 06:00:00,Tuesday,False,Day,25.43,78.8,Normal,0,5.27,1024.8,545.49,0.572,312.02
2025-10-07 06:15:00,Tuesday,False,Day,26.53,82.9,Normal,0,5.36,1030.1,584.4,0.582,340.12
2025-10-07 06:30:00,Tuesday,False,Day,26.56,71.5,Normal,0,4.4,993.7,502.46,0.578,290.42
2025-10-07 06:45:00,Tuesday,False,Day,26.78,77.4,Normal,0,4.92,1016.5,528.49,0.585,309.17
2025-10-07 07:00:00,Tuesday,False,Day,26.35,77.8,Normal,0,4.94,1012.2,560.54,0.576,322.87
2025-10-07 07:15:00,Tuesday,False,Day,26.42,75.4,Normal,0,4.93,1016.9,525.76,0.549,288.64
2025-10-07 07:30:00,Tuesday,False,Day,26.03,74.8,Normal,0,5.15,1018.8,528.78,0.569,300.88
2025-10-07 07:45:00,Tuesday,False,Day,25.52,74.7,Normal,0,4.73,1017.7,503.8,0.556,280.11
2025-10-07 08:00:00,Tuesday,False,Day,25.23,83.4,Normal,0,5.61,1030.9,597.27,0.557,332.68
2025-10-07 08:15:00,Tuesday,False,Day,24.79,100.0,Normal,0,5.94,1081.2,701.76,0.574,402.81
2025-10-07 08:30:00,Tuesday,False,Day,23.82,100.0,Normal,0,5.88,1063.3,696.25,0.544,378.76
2025-10-07 08:45:00,Tuesday,False,Day,23.82,100.0,Normal,0,6.13,1085.7,706.82,0.56,395.82
2025-10-07 09:00:00,Tuesday,False,Day,24.13,100.0,Normal,0,6.14,1063.5,722.23,0.549,396.5
2025-10-07 09:15:00,Tuesday,False,Day,24.31,100.0,Normal,0,6.1,,711.71,0.544,387.17
2025-10-07 09:30:00,Tuesday,False,Day,25.02,95.9,Normal,0,5.71,1073.1,664.21,0.538,357.34
2025-10-07 09:45:00,Tuesday,False,Day,23.57,86.6,Normal,0,5.49,1032.1,599.03,0.548,328.27
2025-10-07 10:00:00,Tuesday,False,Day,24.13,85.7,Normal,0,5.22,1036.9,608.21,0.546,332.08
2025-10-07 10:15:00,Tuesday,False,Day,23.9,90.1,Normal,0,5.45,1038.5,624.47,0.521,325.35
2025-10-07 10:30:00,Tuesday,False,Day,22.55,79.5,Normal,0,5.09,1038.1,558.82,0.546,305.12
2025-10-07 10:45:00,Tuesday,False,Day,22.91,75.4,Normal,0,4.8,1023.8,530.27,0.52,275.74
2025-10-07 11:00:00,Tuesday,False,Day,21.92,79.7,Normal,0,5.27,1031.6,522.97,0.533,278.74
2025-10-07 11:15:00,Tuesday,False,Day,22.86,80.2,Normal,0,5.05,1021.9,568.12,0.514,292.01
2025-10-07 11:30:00,Tuesday,False,Day,21.99,88.9,Normal,0,5.48,1050.1,611.94,0.518,316.98
2025-10-07 11:45:00,Tuesday,False,Day,20.2,79.6,Normal,0,4.98,1017.1,546.56,0.508,277.65
2025-10-07 12:00:00,Tuesday,False,Day,20.95,94.0,Normal,0,5.9,1063.1,678.23,0.513,347.93
2025-10-07 12:15:00,Tuesday,False,Day,21.82,83.3,Normal,0,5.17,1024.8,591.55,0.513,303.47
2025-10-07 12:30:00,Tuesday,False,Day,20.03,71.0,Normal,0,4.9,1008.6,502.12,0.502,252.06
2025-10-07 12:45:00,Tuesday,False,Day,20.21,72.0,Normal,0,4.93,994.9,509.66,0.514,261.97
2025-10-07 13:00:00,Tuesday,False,Day,19.97,66.4,Normal,0,4.45,981.6,470.84,0.513,241.54
2025-10-07 13:15:00,Tuesday,False,Day,18.39,68.0,Normal,0,4.6,983.4,487.1,0.534,260.11
2025-10-07 13:30:00,Tuesday,False,Day,19.32,69.2,Normal,0,4.58,992.4,495.48,0.515,255.17
2025-10-07 13:45:00,Tuesday,False,Day,17.5,69.6,Normal,0,4.75,987.3,485.89,0.516,250.72
2025-10-07 14:00:00,Tuesday,False,Evening,17.82,60.0,Normal,0,4.2,970.6,413.87,0.485,200.73
2025-10-07 14:15:00,Tuesday,False,Evening,18.91,64.5,Normal,0,4.37,974.9,446.13,0.482,215.03
2025-10-07 14:30:00,Tuesday,False,Evening,18.07,64.0,Normal,0,4.42,983.2,448.8,0.498,223.5
2025-10-07 14:45:00,Tuesday,False,Evening,17.28,72.1,Normal,0,4.54,1008.6,496.5,0.518,257.19
2025-10-07 15:00:00,Tuesday,False,Evening,17.65,89.4,Normal,0,5.53,1040.6,613.74,0.525,322.21
2025-10-07 15:15:00,Tuesday,False,Evening,17.02,66.2,Normal,0,4.61,999.3,468.63,0.493,231.03
2025-10-07 15:30:00,Tuesday,False,Evening,16.87,57.3,Normal,0,4.13,968.2,390.13,0.494,192.72
2025-10-07 15:45:00,Tuesday,False,Evening,17.19,58.5,Normal,0,4.31,979.5,416.98,0.506,210.99
2025-10-07 16:00:00,Tuesday,False,Evening,15.91,53.0,Normal,0,3.85,947.1,378.96,0.499,189.1
2025-10-07 16:15:00,Tuesday,False,Evening,16.37,47.6,Normal,0,3.59,921.2,345.88,0.5,172.94
2025-10-07 16:30:00,Tuesday,False,Evening,15.96,54.2,Normal,0,3.8,945.0,390.86,0.509,198.95
2025-10-07 16:45:00,Tuesday,False,Evening,14.82,46.2,Normal,0,3.53,924.9,344.6,0.531,182.98
2025-10-07 17:00:00,Tuesday,False,Evening,15.26,58.2,Normal,0,4.44,952.5,436.99,0.518,226.36
2025-10-07 17:15:00,Tuesday,False,Evening,17.18,61.3,Normal,0,4.33,951.8,423.76,0.525,222.47
2025-10-07 17:30:00,Tuesday,False,Evening,16.17,62.8,Normal,0,4.27,980.5,440.94,0.489,215.62
2025-10-07 17:45:00,Tuesday,False,Evening,14.78,58.2,Normal,0,4.0,944.8,408.38,0.52,212.36
2025-10-07 18:00:00,Tuesday,False,Evening,14.59,64.9,Normal,0,4.21,983.8,450.37,0.502,226.09
2025-10-07 18:15:00,Tuesday,False,Evening,15.75,66.2,Normal,0,4.39,998.0,447.55,0.531,237.65
2025-10-07 18:30:00,Tuesday,False,Evening,17.12,63.3,Normal,0,4.49,968.1,431.96,0.53,228.94
2025-10-07 18:45:00,Tuesday,False,Evening,15.77,66.0,Normal,0,4.44,983.1,458.86,0.525,240.9
2025-10-07 19:00:00,Tuesday,False,Evening,17.04,57.1,Normal,0,3.96,955.6,384.96,0.514,197.87
2025-10-07 19:15:00,Tuesday,False,Evening,16.37,49.6,Normal,0,3.63,946.1,353.57,0.519,183.5
2025-10-07 19:30:00,Tuesday,False,Evening,16.58,46.0,Normal,0,3.68,921.1,332.4,0.523,173.85
2025-10-07 19:45:00,Tuesday,False,Evening,15.27,51.7,Normal,0,3.84,942.8,367.59,0.538,197.76
2025-10-07 20:00:00,Tuesday,False,Evening,17.24,54.6,Normal,0,3.89,961.7,398.62,0.537,214.06
2025-10-07 20:15:00,Tuesday,False,Evening,16.4,63.5,Normal,0,4.34,973.9,431.86,0.55,237.52
2025-10-07 20:30:00,Tuesday,False,Evening,17.55,59.4,Normal,0,4.53,951.9,431.25,0.555,239.34
2025-10-07 20:45:00,Tuesday,False,Evening,16.41,64.9,Normal,0,4.64,987.7,451.03,0.534,240.85
2025-10-07 21:00:00,Tuesday,False,Evening,17.43,65.5,Normal,0,4.7,969.7,455.19,0.55,250.35
2025-10-07 21:15:00,Tuesday,False,Evening,17.81,61.1,Normal,0,4.02,970.0,428.41,0.554,237.34
2025-10-07 21:30:00,Tuesday,False,Evening,17.66,65.2,Normal,0,4.44,984.2,451.76,0.551,248.92
2025-10-07 21:45:00,Tuesday,False,Evening,18.37,66.1,Normal,0,4.41,983.3,449.9,0.565,254.19
2025-10-07 22:00:00,Tuesday,False,Night,18.11,55.5,Normal,0,4.11,975.9,393.21,0.564,221.77
2025-10-07 22:15:00,Tuesday,False,Night,18.09,57.3,Normal,0,4.27,966.0,390.39,0.556,217.06
2025-10-07 22:30:00,Tuesday,False,Night,20.2,57.8,Normal,0,4.18,961.4,412.54,0.564,232.67
2025-10-07 22:45:00,Tuesday,False,Night,20.06,58.1,Normal,0,4.01,968.5,376.76,0.565,212.87
2025-10-07 23:00:00,Tuesday,False,Night,18.92,56.8,Normal,0,3.99,961.2,409.05,0.564,230.7
2025-10-07 23:15:00,Tuesday,False,Night,20.3,50.3,Normal,0,3.88,944.7,370.81,0.573,212.47
2025-10-07 23:30:00,Tuesday,False,Night,19.58,52.9,Normal,0,4.01,952.3,396.28,0.564,223.5
2025-10-07 23:45:00,Tuesday,False,Night,19.55,49.9,Normal,0,3.79,939.3,382.5,0.584,223.38
2025-10-08 00:00:00,Wednesday,False,Night,21.49,45.9,Normal,0,3.6,936.0,347.53,0.596,207.13
2025-10-08 00:15:00,Wednesday,False,Night,19.63,47.1,Normal,0,3.65,931.8,338.03,0.585,197.75
2025-10-08 00:30:00,Wednesday,False,Night,22.06,54.0,Normal,0,4.0,939.9,406.27,0.596,242.14
2025-10-08 00:45:00,Wednesday,False,Night,21.44,56.8,Normal,0,4.19,970.7,392.59,0.591,232.02
2025-10-08 01:00:00,Wednesday,False,Night,21.79,55.0,Normal,0,4.1,952.8,373.35,0.581,216.92
2025-10-08 01:15:00,Wednesday,False,Night,22.6,53.1,Normal,0,3.92,954.4,398.33,0.613,244.18
2025-10-08 01:30:00,Wednesday,False,Night,23.04,58.7,Normal,0,4.16,961.5,419.04,0.57,238.85
2025-10-08 01:45:00,Wednesday,False,Night,22.21,45.5,Normal,0,3.55,928.1,316.04,0.596,188.36
2025-10-08 02:00:00,Wednesday,False,Night,23.74,52.9,Normal,0,3.79,945.3,362.2,0.589,213.34
2025-10-08 02:15:00,Wednesday,False,Night,23.53,43.5,Normal,0,3.35,937.6,328.35,0.614,201.61
2025-10-08 02:30:00,Wednesday,False,Night,22.7,38.0,Normal,0,3.29,925.1,287.9,0.601,173.03
2025-10-08 02:45:00,Wednesday,False,Night,23.82,38.5,Normal,0,3.13,917.9,288.02,0.625,180.01
2025-10-08 03:00:00,Wednesday,False,Night,25.3,55.0,Normal,0,4.12,955.8,412.64,0.6,247.58
2025-10-08 03:15:00,Wednesday,False,Night,25.76,66.7,Normal,0,4.53,976.2,485.21,0.592,287.24
2025-10-08 03:30:00,Wednesday,False,Night,25.2,71.1,Normal,0,4.85,1006.7,498.18,0.583,290.44
2025-10-08 03:45:00,Wednesday,False,Night,23.87,72.8,Normal,0,4.9,998.1,505.22,0.611,308.69
2025-10-08 04:00:00,Wednesday,False,Night,25.38,61.1,Normal,0,4.41,966.5,439.52,0.591,259.76
2025-10-08 04:15:00,Wednesday,False,Night,25.83,62.8,Normal,0,4.29,980.3,432.87,0.594,257.12
2025-10-08 04:30:00,Wednesday,False,Night,25.86,60.2,Normal,0,4.3,970.9,401.82,0.61,245.11
2025-10-08 04:45:00,Wednesday,False,Night,26.02,56.2,Normal,0,4.17,951.6,371.98,0.607,225.79
2025-10-08 05:00:00,Wednesday,False,Night,25.78,58.6,Normal,0,3.93,958.5,407.39,0.589,239.95
2025-10-08 05:15:00,Wednesday,False,Night,25.51,56.9,Normal,0,4.34,967.8,416.33,0.589,245.22
2025-10-08 05:30:00,Wednesday,False,Night,25.13,63.4,Normal,0,4.72,975.8,449.25,0.575,258.32
2025-10-08 05:45:00,Wednesday,False,Night,24.13,52.3,Normal,0,4.02,956.5,385.94,0.57,219.99
2025-10-08 06:00:00,Wednesday,False,Day,25.93,68.7,Normal,0,4.74,996.1,489.36,0.596,291.66
2025-10-08 06:15:00,Wednesday,False,Day,25.8,65.0,Normal,0,4.55,993.9,470.02,0.595,279.66
2025-10-08 06:30:00,Wednesday,False,Day,26.07,64.6,Normal,0,4.39,978.1,451.7,0.587,265.15
2025-10-08 06:45:00,Wednesday,False,Day,24.5,68.5,Normal,0,4.6,995.1,479.3,0.583,279.43
2025-10-08 07:00:00,Wednesday,False,Day,26.01,63.4,Normal,0,4.53,986.8,446.19,0.572,255.22
2025-10-08 07:15:00,Wednesday,False,Day,27.04,66.6,Normal,0,4.38,985.5,458.64,0.591,271.06
2025-10-08 07:30:00,Wednesday,False,Day,25.34,89.8,Normal,0,5.4,1056.2,609.66,0.555,338.36
2025-10-08 07:45:00,Wednesday,False,Day,25.1,65.0,Normal,0,4.4,971.6,463.4,0.565,261.82
2025-10-08 08:00:00,Wednesday,False,Day,25.24,64.2,Normal,0,4.52,976.4,446.03,0.569,253.79
2025-10-08 08:15:00,Wednesday,False,Day,26.44,65.4,Normal,0,4.35,973.4,448.7,0.564,253.07
2025-10-08 08:30:00,Wednesday,False,Day,23.81,62.8,Normal,0,4.32,972.6,433.0,0.561,242.91
2025-10-08 08:45:00,Wednesday,False,Day,24.58,65.2,Normal,0,4.45,983.8,441.24,0.552,243.56
2025-10-08 09:00:00,Wednesday,False,Day,23.56,65.5,Normal,0,4.33,991.7,453.91,0.56,254.19
2025-10-08 09:15:00,Wednesday,False,Day,23.52,63.8,Normal,0,4.04,979.5,444.47,0.539,239.57
2025-10-08 09:30:00,Wednesday,False,Day,23.67,75.5,Normal,0,4.77,1005.3,513.74,0.546,280.5
2025-10-08 09:45:00,Wednesday,False,Day,24.52,78.8,Normal,0,5.11,1006.6,557.17,0.549,305.89
2025-10-08 10:00:00,Wednesday,False,Day,24.6,52.1,Normal,0,3.94,942.6,370.62,0.538,199.39
2025-10-08 10:15:00,Wednesday,False,Day,23.23,78.4,Normal,0,5.13,1019.5,530.44,0.538,285.38
2025-10-08 10:30:00,Wednesday,False,Day,22.27,72.7,Normal,0,4.89,1009.0,520.57,0.537,279.55
2025-10-08 10:45:00,Wednesday,False,Day,24.26,71.2,Normal,0,4.64,996.5,494.67,0.514,254.26
2025-10-08 11:00:00,Wednesday,False,Day,21.61,70.5,Normal,0,4.58,1005.6,496.97,0.512,254.45
2025-10-08 11:15:00,Wednesday,False,Day,21.18,64.4,Normal,0,4.49,972.7,458.99,0.527,241.89
2025-10-08 11:30:00,Wednesday,False,Day,19.89,68.9,Normal,0,4.6,987.4,468.71,0.517,242.32
2025-10-08 11:45:00,Wednesday,False,Day,22.11,67.4,Normal,0,4.7,986.1,466.25,0.515,240.12
2025-10-08 12:00:00,Wednesday,False,Day,21.44,67.0,Normal,0,4.6,999.3,478.84,0.523,250.43
2025-10-08 12:15:00,Wednesday,False,Day,22.27,65.4,Normal,0,4.67,984.8,478.13,0.505,241.46
2025-10-08 12:30:00,Wednesday,False,Day,18.9,85.2,Normal,0,5.29,1016.1,591.16,0.489,289.08
2025-10-08 12:45:00,Wednesday,False,Day,20.85,80.8,Normal,0,5.32,1028.7,558.29,0.528,294.78
2025-10-08 13:00:00,Wednesday,False,Day,19.42,68.5,Normal,0,4.92,1004.0,499.83,0.521,260.41
2025-10-08 13:15:00,Wednesday,False,Day,19.7,60.5,Normal,0,4.26,967.4,418.43,0.519,217.17
2025-10-08 13:30:00,Wednesday,False,Day,17.43,67.7,Normal,0,4.65,978.4,474.91,0.494,234.61
2025-10-08 13:45:00,Wednesday,False,Day,19.62,77.4,Normal,0,4.87,1018.5,530.7,0.503,266.94
2025-10-08 14:00:00,Wednesday,False,Evening,18.79,67.9,Normal,0,4.72,1002.9,478.65,0.49,234.54
2025-10-08 14:15:00,Wednesday,False,Evening,17.85,76.5,Normal,0,5.14,1014.7,524.69,0.501,262.87
2025-10-08 14:30:00,Wednesday,False,Evening,18.13,80.9,Normal,0,5.09,1006.2,555.5,0.498,276.64
2025-10-08 14:45:00,Wednesday,False,Evening,16.75,79.2,Normal,0,5.18,1019.8,545.27,0.49,267.18
2025-10-08 15:00:00,Wednesday,False,Evening,16.66,77.2,Normal,0,5.04,1012.0,542.94,0.505,274.18
2025-10-08 15:15:00,Wednesday,False,Evening,16.53,78.2,Normal,0,5.11,1003.5,544.55,0.497,270.64
2025-10-08 15:30:00,Wednesday,False,Evening,15.21,83.2,Normal,0,5.39,1032.9,589.86,0.517,304.96
2025-10-08 15:45:00,Wednesday,False,Evening,17.19,84.7,Normal,0,5.41,1031.4,582.48,0.501,291.82
2025-10-08 16:00:00,Wednesday,False,Evening,17.28,79.6,Normal,0,5.09,1025.7,550.75,0.475,261.61
2025-10-08 16:15:00,Wednesday,False,Evening,15.62,78.1,Normal,0,5.17,1001.7,549.5,0.483,265.41
2025-10-08 16:30:00,Wednesday,False,Evening,16.32,89.8,Normal,0,5.72,1043.1,638.68,0.523,334.03
2025-10-08 16:45:00,Wednesday,False,Evening,15.71,89.6,Normal,0,5.47,1031.8,608.93,0.5,304.46
2025-10-08 17:00:00,Wednesday,False,Evening,16.09,93.2,Normal,0,5.7,1050.3,656.02,0.507,332.6
2025-10-08 17:15:00,Wednesday,False,Evening,15.26,94.4,Normal,0,5.49,1062.4,649.97,0.506,328.88
2025-10-08 17:30:00,Wednesday,False,Evening,15.0,93.8,Normal,0,5.82,1037.5,667.1,0.522,348.23
2025-10-08 17:45:00,Wednesday,False,Evening,16.51,92.3,Normal,0,5.85,1035.4,666.94,0.491,327.47
2025-10-08 18:00:00,Wednesday,False,Evening,15.61,95.7,Normal,0,5.78,1061.8,645.97,0.525,339.13
2025-10-08 18:15:00,Wednesday,False,Evening,17.29,97.7,Normal,0,5.92,1060.4,681.65,0.527,359.23
2025-10-08 18:30:00,Wednesday,False,Evening,15.74,96.7,Normal,0,5.82,1066.1,682.63,0.516,352.24
2025-10-08 18:45:00,Wednesday,False,Evening,15.02,90.0,Normal,0,5.51,1033.0,626.78,0.523,327.81
2025-10-08 19:00:00,Wednesday,False,Evening,16.81,90.7,Normal,0,5.63,1043.0,643.78,0.518,333.48
2025-10-08 19:15:00,Wednesday,False,Evening,16.43,88.5,Normal,0,5.38,1042.3,616.22,0.507,312.42
2025-10-08 19:30:00,Wednesday,False,Evening,16.62,85.1,Normal,0,5.32,1030.1,586.25,0.533,312.47
2025-10-08 19:45:00,Wednesday,False,Evening,17.13,100.0,Normal,0,5.86,1051.8,692.22,0.532,368.26
2025-10-08 20:00:00,Wednesday,False,Evening,15.81,88.0,Normal,0,5.57,1057.6,604.95,0.536,324.25
2025-10-08 20:15:00,Wednesday,False,Evening,16.4,92.3,Normal,0,5.7,1048.0,639.22,0.541,345.82
2025-10-08 20:30:00,Wednesday,False,Evening,16.56,85.2,Normal,0,5.29,1017.9,585.02,0.533,311.82
2025-10-08 20:45:00,Wednesday,False,Evening,15.87,84.9,Normal,0,5.35,1029.9,594.65,0.557,331.22
2025-10-08 21:00:00,Wednesday,False,Evening,16.92,99.2,Normal,0,5.93,1067.4,697.78,0.546,380.99
2025-10-08 21:15:00,Wednesday,False,Evening,18.43,90.6,Normal,0,5.76,1051.6,630.24,0.554,349.15
2025-10-08 21:30:00,Wednesday,False,Evening,17.81,84.5,Normal,0,5.26,1035.3,577.0,0.55,317.35
2025-10-08 21:45:00,Wednesday,False,Evening,16.81,83.4,Normal,0,5.37,1022.6,574.1,0.566,324.94
2025-10-08 22:00:00,Wednesday,False,Night,16.92,69.4,Normal,0,4.55,975.7,473.52,0.56,265.17
2025-10-08 22:15:00,Wednesday,False,Night,19.78,74.6,Normal,0,5.01,1008.4,512.56,0.561,287.55
2025-10-08 22:30:00,Wednesday,False,Night,18.68,70.6,Normal,0,4.86,980.7,498.68,0.577,287.74
2025-10-08 22:45:00,Wednesday,False,Night,18.54,74.2,Normal,0,5.03,1012.5,532.06,0.551,293.17
2025-10-08 23:00:00,Wednesday,False,Night,19.15,65.5,Normal,0,4.7,975.6,448.37,0.568,254.67
2025-10-08 23:15:00,Wednesday,False,Night,18.5,54.9,Normal,0,4.04,959.5,402.52,0.568,228.63
2025-10-08 23:30:00,Wednesday,False,Night,21.15,55.1,Normal,0,4.19,951.8,401.35,0.581,233.18
2025-10-08 23:45:00,Wednesday,False,Night,20.02,47.3,Normal,0,3.89,932.7,351.44,0.583,204.89
2025-10-09 00:00:00,Thursday,False,Night,21.61,58.9,Normal,0,4.01,960.5,426.55,0.582,248.25
2025-10-09 00:15:00,Thursday,False,Night,20.88,2.235728620989761,Stopped,0,1.27,585.1,20.33,0.578,11.75
2025-10-09 00:30:00,Thursday,False,Night,22.31,46.6,Normal,0,3.39,931.8,341.32,0.587,200.35
2025-10-09 00:45:00,Thursday,False,Night,21.69,51.7,Normal,0,4.01,955.2,375.86,0.592,222.51
2025-10-09 01:00:00,Thursday,False,Night,22.49,50.1,Normal,0,3.55,940.9,357.95,0.589,210.83
2025-10-09 01:15:00,Thursday,False,Night,22.7,43.1,Normal,0,3.18,926.5,321.68,0.604,194.29
2025-10-09 01:30:00,Thursday,False,Night,22.93,58.4,Normal,0,3.99,967.0,409.32,0.601,246.0
2025-10-09 01:45:00,Thursday,False,Night,23.0,41.2,Normal,0,3.1,925.0,311.72,0.596,185.79
2025-10-09 02:00:00,Thursday,False,Night,22.83,54.1,Normal,0,4.0,948.5,379.03,0.574,217.56
2025-10-09 02:15:00,Thursday,False,Night,24.82,54.5,Normal,0,3.82,964.1,379.35,0.596,226.09
2025-10-09 02:30:00,Thursday,False,Night,22.83,60.4,Normal,0,4.0,969.5,412.92,0.605,249.82
2025-10-09 02:45:00,Thursday,False,Night,23.81,64.1,Normal,0,4.41,986.0,444.47,0.597,265.35
2025-10-09 03:00:00,Thursday,False,Night,24.06,59.6,Normal,0,4.22,970.5,429.64,0.603,259.07
2025-10-09 03:15:00,Thursday,False,Night,24.59,58.6,Normal,0,3.89,973.3,403.97,0.598,241.57
2025-10-09 03:30:00,Thursday,False,Night,24.14,58.4,Normal,0,4.05,964.4,416.25,0.602,250.58
2025-10-09 03:45:00,Thursday,False,Night,24.92,64.0,Normal,0,4.4,976.0,449.25,0.614,275.84
2025-10-09 04:00:00,Thursday,False,Night,24.71,57.5,Normal,0,4.06,969.3,401.25,0.607,243.56
2025-10-09 04:15:00,Thursday,False,Night,23.73,70.9,Normal,0,4.67,994.7,504.46,0.586,295.61
2025-10-09 04:30:00,Thursday,False,Night,25.14,66.0,Normal,0,4.68,999.2,471.77,0.581,274.1
2025-10-09 04:45:00,Thursday,False,Night,24.37,66.2,Normal,0,4.83,987.9,467.32,0.601,280.86
2025-10-09 05:00:00,Thursday,False,Night,23.96,59.4,Normal,0,4.16,959.1,415.66,0.607,252.31
2025-10-09 05:15:00,Thursday,False,Night,25.53,52.7,Normal,0,3.7,949.9,374.45,0.577,216.06
2025-10-09 05:30:00,Thursday,False,Night,25.86,49.3,Normal,0,3.7,938.3,340.82,0.59,201.08
2025-10-09 05:45:00,Thursday,False,Night,25.92,0.04590152242692547,Stopped,0,1.23,588.7,20.47,0.614,12.57
2025-10-09 06:00:00,Thursday,False,Day,25.97,59.9,Normal,0,4.22,979.1,426.39,0.586,249.86
2025-10-09 06:15:00,Thursday,False,Day,23.96,56.7,Normal,0,4.17,962.8,387.2,0.611,236.58
2025-10-09 06:30:00,Thursday,False,Day,24.38,63.9,Normal,0,4.74,984.0,445.33,0.575,256.06
2025-10-09 06:45:00,Thursday,False,Day,27.0,61.3,Normal,0,4.03,976.5,421.58,0.575,242.41
2025-10-09 07:00:00,Thursday,False,Day,24.51,58.5,Normal,0,4.09,975.1,440.85,0.572,252.17
2025-10-09 07:15:00,Thursday,False,Day,25.74,58.9,Normal,0,4.41,974.4,426.33,0.563,240.02
2025-10-09 07:30:00,Thursday,False,Day,24.58,67.7,Normal,0,4.5,996.9,481.38,0.556,267.65
2025-10-09 07:45:00,Thursday,False,Day,25.06,70.7,Normal,0,4.83,997.7,485.29,0.568,275.64
2025-10-09 08:00:00,Thursday,False,Day,24.34,71.4,Normal,0,4.84,995.3,500.96,0.568,284.55
2025-10-09 08:15:00,Thursday,False,Day,25.12,64.1,Normal,0,4.6,988.1,434.1,0.557,241.79
2025-10-09 08:30:00,Thursday,False,Day,24.59,59.4,Normal,0,4.49,983.0,421.02,0.556,234.09
2025-10-09 08:45:00,Thursday,False,Day,23.91,54.4,Normal,0,4.03,966.4,394.25,0.572,225.51
2025-10-09 09:00:00,Thursday,False,Day,23.21,65.6,Normal,0,4.22,997.6,439.63,0.564,247.95
2025-10-09 09:15:00,Thursday,False,Day,24.02,70.7,Normal,0,4.61,999.7,493.47,0.548,270.42
2025-10-09 09:30:00,Thursday,False,Day,22.59,66.9,Normal,0,4.87,980.0,476.02,0.552,262.76
2025-10-09 09:45:00,Thursday,False,Day,23.63,65.3,Normal,0,4.26,977.5,445.24,0.528,235.09
2025-10-09 10:00:00,Thursday,False,Day,25.11,62.4,Normal,0,4.41,989.5,430.89,0.544,234.4
2025-10-09 10:15:00,Thursday,False,Day,23.81,59.4,Normal,0,3.83,955.1,403.06,0.537,216.44
2025-10-09 10:30:00,Thursday,False,Day,23.0,64.9,Normal,0,4.25,995.1,446.84,0.531,237.27
2025-10-09 10:45:00,Thursday,False,Day,22.05,65.2,Normal,0,4.6,976.7,453.61,0.532,241.32
2025-10-09 11:00:00,Thursday,False,Day,20.26,79.7,Normal,0,5.12,1033.2,559.68,0.527,294.95
2025-10-09 11:15:00,Thursday,False,Day,20.43,87.5,Normal,0,5.4,1036.9,603.55,0.513,309.62
2025-10-09 11:30:00,Thursday,False,Day,22.19,94.7,Normal,0,5.65,1062.7,679.06,0.54,366.69
2025-10-09 11:45:00,Thursday,False,Day,20.21,97.2,Normal,0,5.58,1080.6,696.21,0.53,368.99
2025-10-09 12:00:00,Thursday,False,Day,19.95,92.8,Normal,0,5.79,1047.7,653.94,0.514,336.13
2025-10-09 12:15:00,Thursday,False,Day,20.05,95.1,Normal,0,5.75,1053.4,663.35,0.498,330.35
2025-10-09 12:30:00,Thursday,False,Day,19.01,91.5,Normal,0,5.4,1040.8,630.02,0.489,308.08
2025-10-09 12:45:00,Thursday,False,Day,18.56,100.0,Normal,0,6.0,1059.2,708.7,0.531,376.32
2025-10-09 13:00:00,Thursday,False,Day,19.18,100.0,Normal,0,6.09,1065.1,712.55,0.507,361.26
2025-10-09 13:15:00,Thursday,False,Day,18.19,99.7,Normal,0,5.96,1061.8,700.92,0.515,360.97
2025-10-09 13:30:00,Thursday,False,Day,18.01,98.4,Normal,0,5.95,1052.8,689.05,0.496,341.77
2025-10-09 13:45:00,Thursday,False,Day,17.68,100.0,Normal,0,6.01,1064.9,709.7,0.501,355.56
2025-10-09 14:00:00,Thursday,False,Evening,18.43,89.3,Normal,0,5.43,1044.0,622.37,0.5,311.18
2025-10-09 14:15:00,Thursday,False,Evening,17.55,98.7,Normal,0,5.95,1056.0,689.6,0.504,347.56
2025-10-09 14:30:00,Thursday,False,Evening,17.33,94.9,Normal,0,5.89,1052.2,669.0,0.502,335.84
2025-10-09 14:45:00,Thursday,False,Evening,17.69,84.2,Normal,0,5.47,1038.3,583.16,0.491,286.33
2025-10-09 15:00:00,Thursday,False,Evening,16.86,78.7,Normal,0,5.19,1001.3,539.69,0.491,264.99
2025-10-09 15:15:00,Thursday,False,Evening,16.53,68.4,Normal,0,4.51,1002.1,474.87,0.499,236.96
2025-10-09 15:30:00,Thursday,False,Evening,16.92,73.3,Normal,0,4.92,993.8,503.9,0.483,243.38
2025-10-09 15:45:00,Thursday,False,Evening,16.89,67.4,Normal,0,4.64,986.0,463.05,0.492,227.82
2025-10-09 16:00:00,Thursday,False,Evening,16.07,69.4,Normal,0,4.55,999.0,491.48,0.499,245.25
2025-10-09 16:15:00,Thursday,False,Evening,16.09,77.0,Normal,0,4.92,1020.4,529.71,0.505,267.5
2025-10-09 16:30:00,Thursday,False,Evening,15.27,72.9,Normal,0,4.91,1000.6,526.12,0.517,272.0
2025-10-09 16:45:00,Thursday,False,Evening,15.09,71.6,Normal,0,4.96,987.9,506.32,0.499,252.65
2025-10-09 17:00:00,Thursday,False,Evening,16.3,64.3,Normal,0,4.15,969.9,435.02,0.505,219.69
2025-10-09 17:15:00,Thursday,False,Evening,15.97,63.4,Normal,0,4.63,969.1,458.54,0.488,223.77
2025-10-09 17:30:00,Thursday,False,Evening,15.92,80.4,Normal,0,5.32,1031.3,555.15,0.511,283.68
2025-10-09 17:45:00,Thursday,False,Evening,15.75,84.5,Normal,0,5.35,1023.2,607.47,0.501,304.34
2025-10-09 18:00:00,Thursday,False,Evening,15.55,81.9,Normal,0,5.17,1022.2,570.41,0.509,290.34
2025-10-09 18:15:00,Thursday,False,Evening,16.08,77.5,Normal,0,5.07,1000.7,543.18,0.519,281.91
2025-10-09 18:30:00,Thursday,False,Evening,16.3,77.1,Normal,0,4.9,998.9,532.46,0.521,277.41
2025-10-09 18:45:00,Thursday,False,Evening,16.34,77.7,Normal,0,5.0,1009.9,541.09,0.504,272.71
2025-10-09 19:00:00,Thursday,False,Evening,15.6,75.0,Normal,0,4.68,999.8,590.78,0.529,312.52
2025-10-09 19:15:00,Thursday,False,Evening,16.89,78.3,Normal,0,4.79,1009.6,528.99,0.524,277.19
2025-10-09 19:30:00,Thursday,False,Evening,16.08,72.3,Normal,0,5.13,984.2,510.25,0.54,275.54
2025-10-09 19:45:00,Thursday,False,Evening,16.54,67.0,Normal,0,4.56,982.5,476.69,0.545,259.8
2025-10-09 20:00:00,Thursday,False,Evening,16.41,70.3,Normal,0,4.73,1003.7,477.84,0.549,262.33
2025-10-09 20:15:00,Thursday,False,Evening,16.55,64.0,Normal,0,4.41,968.8,461.6,0.522,240.96
2025-10-09 20:30:00,Thursday,False,Evening,15.96,69.8,Normal,0,4.55,996.8,489.12,0.543,265.59
2025-10-09 20:45:00,Thursday,False,Evening,17.32,70.5,Normal,0,4.66,964.8,482.14,0.527,254.09
2025-10-09 21:00:00,Thursday,False,Evening,19.25,60.1,Normal,0,4.25,961.6,417.4,0.559,233.33
2025-10-09 21:15:00,Thursday,False,Evening,16.92,62.7,Normal,0,4.32,957.4,455.3,0.563,256.33
2025-10-09 21:30:00,Thursday,False,Evening,17.53,54.2,Normal,0,3.85,961.8,393.98,0.562,221.42
2025-10-09 21:45:00,Thursday,False,Evening,17.38,61.0,Normal,0,4.35,975.8,441.03,0.551,243.01
2025-10-09 22:00:00,Thursday,False,Night,17.62,73.6,Normal,0,4.87,992.2,507.86,0.564,286.43
2025-10-09 22:15:00,Thursday,False,Night,19.54,66.2,Normal,0,4.57,985.8,468.01,0.556,260.21
2025-10-09 22:30:00,Thursday,False,Night,18.06,72.8,Normal,0,4.91,1008.5,511.23,0.565,288.84
2025-10-09 22:45:00,Thursday,False,Night,18.53,65.9,Normal,0,4.47,992.8,457.82,0.567,259.58
2025-10-09 23:00:00,Thursday,False,Night,17.95,54.0,Normal,0,3.93,948.5,385.06,0.551,212.17
2025-10-09 23:15:00,Thursday,False,Night,18.93,51.1,Normal,0,4.05,927.6,381.32,0.566,215.83
2025-10-09 23:30:00,Thursday,False,Night,18.49,45.8,Normal,0,3.44,924.5,349.9,0.6,209.94
2025-10-09 23:45:00,Thursday,False,Night,20.69,59.5,Normal,0,3.93,973.8,411.51,0.579,238.26
2025-10-10 00:00:00,Friday,False,Night,22.62,60.4,Normal,0,4.33,988.3,413.97,0.584,241.76
2025-10-10 00:15:00,Friday,False,Night,20.42,66.9,Normal,0,4.45,985.6,480.59,0.585,281.15
2025-10-10 00:30:00,Friday,False,Night,19.7,65.3,Normal,0,4.31,976.6,468.66,0.583,273.23
2025-10-10 00:45:00,Friday,False,Night,22.08,64.6,Normal,0,4.57,1000.8,458.9,0.589,270.29
2025-10-10 01:00:00,Friday,False,Night,21.09,64.8,Normal,0,4.43,984.5,470.09,0.587,275.94
2025-10-10 01:15:00,Friday,False,Night,23.03,71.8,Normal,0,4.57,990.5,497.67,0.57,283.67
2025-10-10 01:30:00,Friday,False,Night,22.07,73.2,Normal,0,5.12,1002.1,504.24,0.602,303.55
2025-10-10 01:45:00,Friday,False,Night,22.09,66.3,Normal,0,4.27,993.8,445.13,0.612,272.42
2025-10-10 02:00:00,Friday,False,Night,22.74,76.2,Normal,0,4.95,1010.5,515.38,0.585,301.5
2025-10-10 02:15:00,Friday,False,Night,23.77,73.5,Normal,0,4.55,1011.5,505.62,0.594,300.34
2025-10-10 02:30:00,Friday,False,Night,23.24,70.1,Normal,0,4.73,983.4,482.32,0.614,296.14
2025-10-10 02:45:00,Friday,False,Night,23.28,52.8,Normal,0,3.81,941.6,369.53,0.592,218.76
2025-10-10 03:00:00,Friday,False,Night,23.76,58.5,Normal,0,4.29,961.8,413.28,0.604,249.62
2025-10-10 03:15:00,Friday,False,Night,23.12,60.2,Normal,0,4.24,969.1,431.48,0.643,277.44
2025-10-10 03:30:00,Friday,False,Night,24.67,61.8,Normal,0,4.52,979.3,431.74,0.606,261.63
2025-10-10 03:45:00,Friday,False,Night,23.11,60.1,Normal,0,4.17,976.2,414.53,0.6,248.72
2025-10-10 04:00:00,Friday,False,Night,24.36,57.6,Normal,0,3.88,985.6,399.43,0.608,242.85
2025-10-10 04:15:00,Friday,False,Night,25.47,56.6,Normal,0,4.11,958.4,410.3,0.606,248.64
2025-10-10 04:30:00,Friday,False,Night,25.24,60.8,Normal,0,4.23,972.1,425.41,0.591,251.42
2025-10-10 04:45:00,Friday,False,Night,25.59,65.5,Normal,0,4.21,980.9,454.54,0.579,263.18
2025-10-10 05:00:00,Friday,False,Night,25.16,64.4,Normal,0,4.27,992.2,463.25,0.601,278.41
2025-10-10 05:15:00,Friday,False,Night,26.22,70.5,Normal,0,4.59,1008.7,517.19,0.601,310.83
2025-10-10 05:30:00,Friday,False,Night,26.08,69.7,Normal,0,4.9,993.9,495.01,0.589,291.56
2025-10-10 05:45:00,Friday,False,Night,25.73,66.5,Normal,0,4.63,1005.8,472.21,0.607,286.63
2025-10-10 06:00:00,Friday,False,Day,26.12,81.9,Normal,0,5.16,1022.4,556.13,0.603,335.35
2025-10-10 06:15:00,Friday,False,Day,25.97,73.7,Normal,0,4.92,1015.7,517.42,0.594,307.35
2025-10-10 06:30:00,Friday,False,Day,24.99,76.1,Normal,0,4.65,1024.3,524.33,0.581,304.64
2025-10-10 06:45:00,Friday,False,Day,24.21,67.6,Normal,0,4.49,979.9,477.23,0.56,267.25
2025-10-10 07:00:00,Friday,False,Day,25.55,63.1,Normal,0,4.43,985.2,439.09,0.577,253.35
2025-10-10 07:15:00,Friday,False,Day,25.55,53.3,Normal,0,3.95,934.3,381.73,0.557,212.62
2025-10-10 07:30:00,Friday,False,Day,25.87,55.7,Normal,0,3.95,968.9,400.54,0.549,219.9
2025-10-10 07:45:00,Friday,False,Day,24.12,68.5,Normal,0,4.61,984.1,494.82,0.577,285.51
2025-10-10 08:00:00,Friday,False,Day,23.99,69.4,Normal,0,4.71,999.6,499.59,0.579,289.26
2025-10-10 08:15:00,Friday,False,Day,24.91,74.8,Normal,0,4.89,1015.4,532.28,0.544,289.56
2025-10-10 08:30:00,Friday,False,Day,24.29,89.8,Normal,0,5.69,1055.3,637.8,0.558,355.89
2025-10-10 08:45:00,Friday,False,Day,22.63,91.3,Normal,0,5.67,1055.9,635.78,0.557,354.13
2025-10-10 09:00:00,Friday,False,Day,24.22,85.6,Normal,0,5.45,1036.2,604.82,0.551,333.26
2025-10-10 09:15:00,Friday,False,Day,22.2,81.4,Normal,0,5.45,1020.6,562.24,0.537,301.92
2025-10-10 09:30:00,Friday,False,Day,22.67,81.4,Normal,0,5.31,1023.4,565.6,0.561,317.3
2025-10-10 09:45:00,Friday,False,Day,24.24,77.7,Normal,0,5.29,1007.1,561.21,0.531,298.0
2025-10-10 10:00:00,Friday,False,Day,24.34,74.9,Normal,0,4.8,1007.4,523.33,0.522,273.18
2025-10-10 10:15:00,Friday,False,Day,21.62,81.6,Normal,0,4.96,1021.4,564.71,0.524,295.91
2025-10-10 10:30:00,Friday,False,Day,22.03,87.8,Normal,0,5.45,1033.2,614.99,0.54,332.09
2025-10-10 10:45:00,Friday,False,Day,22.02,77.3,Normal,0,4.97,999.3,533.7,0.529,282.33
2025-10-10 11:00:00,Friday,False,Day,23.1,72.9,Normal,0,5.03,992.9,487.67,0.521,254.08
2025-10-10 11:15:00,Friday,False,Day,20.96,0.15568511438658916,Stopped,0,1.04,535.0,10.0,0.531,5.31
2025-10-10 11:30:00,Friday,False,Day,20.65,76.1,Normal,0,4.94,1006.7,533.7,0.526,280.73
2025-10-10 11:45:00,Friday,False,Day,21.95,83.7,Normal,0,5.35,1032.1,574.21,0.497,285.38
2025-10-10 12:00:00,Friday,False,Day,20.08,99.7,Normal,0,6.0,1046.3,701.33,0.523,366.8
2025-10-10 12:15:00,Friday,False,Day,20.63,94.8,Normal,0,5.75,1057.8,652.84,0.527,344.05
2025-10-10 12:30:00,Friday,False,Day,18.55,90.7,Normal,0,5.65,1043.0,627.56,0.512,321.31
2025-10-10 12:45:00,Friday,False,Day,19.27,93.2,Normal,0,5.87,1041.4,655.15,0.509,333.47
2025-10-10 13:00:00,Friday,False,Day,17.76,87.8,Normal,0,5.7,1032.7,625.13,0.528,330.07
2025-10-10 13:15:00,Friday,False,Day,17.93,86.2,Normal,0,5.4,1040.7,612.09,0.5,306.04
2025-10-10 13:30:00,Friday,False,Day,19.14,83.2,Normal,0,5.15,1017.9,568.19,0.504,286.37
2025-10-10 13:45:00,Friday,False,Day,18.13,67.4,Normal,0,4.8,986.0,476.33,0.508,241.98
2025-10-10 14:00:00,Friday,False,Evening,17.63,63.9,Normal,0,4.25,979.0,429.34,0.503,215.96
2025-10-10 14:15:00,Friday,False,Evening,17.01,64.2,Normal,0,4.69,969.9,452.97,0.499,226.03
2025-10-10 14:30:00,Friday,False,Evening,17.16,73.3,Normal,0,5.03,1007.4,522.25,0.502,262.17
2025-10-10 14:45:00,Friday,False,Evening,17.33,73.6,Normal,0,5.07,1003.5,514.2,0.516,265.33
2025-10-10 15:00:00,Friday,False,Evening,17.63,66.4,Normal,0,4.62,980.5,477.19,0.508,242.41
2025-10-10 15:15:00,Friday,False,Evening,14.52,66.0,Normal,0,4.19,997.9,463.85,0.499,231.46
2025-10-10 15:30:00,Friday,False,Evening,15.75,54.6,Normal,0,3.83,959.6,388.47,0.491,190.74
2025-10-10 15:45:00,Friday,False,Evening,16.35,49.9,Normal,0,3.81,926.7,357.54,0.493,176.27
2025-10-10 16:00:00,Friday,False,Evening,15.97,56.9,Normal,0,3.99,954.3,394.79,0.51,201.34
2025-10-10 16:15:00,Friday,False,Evening,16.22,57.7,Normal,0,4.08,979.4,393.28,0.486,191.13
2025-10-10 16:30:00,Friday,False,Evening,15.98,65.4,Normal,0,4.57,970.8,443.91,0.526,233.5
2025-10-10 16:45:00,Friday,False,Evening,15.4,54.9,Normal,0,3.97,952.5,399.46,0.503,200.93
2025-10-10 17:00:00,Friday,False,Evening,15.13,56.0,Normal,0,3.87,964.4,409.34,0.491,200.99
2025-10-10 17:15:00,Friday,False,Evening,15.28,55.5,Normal,0,4.16,958.6,385.62,0.508,195.89
2025-10-10 17:30:00,Friday,False,Evening,16.34,63.7,Normal,0,4.48,981.1,447.5,0.5,223.75
2025-10-10 17:45:00,Friday,False,Evening,14.81,69.2,Normal,0,4.61,993.1,464.75,0.506,235.16
2025-10-10 18:00:00,Friday,False,Evening,15.33,73.9,Normal,0,4.96,999.6,504.57,0.497,250.77
2025-10-10 18:15:00,Friday,False,Evening,15.54,83.4,Normal,0,5.29,1017.0,581.84,0.512,297.9
2025-10-10 18:30:00,Friday,False,Evening,16.67,80.3,Normal,0,5.34,1020.0,555.97,0.495,275.21
2025-10-10 18:45:00,Friday,False,Evening,15.24,87.8,Normal,0,5.49,1030.9,592.8,0.513,304.11
2025-10-10 19:00:00,Friday,False,Evening,16.32,80.1,Normal,0,5.33,1011.9,576.29,0.513,295.64
2025-10-10 19:15:00,Friday,False,Evening,16.63,73.1,Normal,0,4.54,1010.3,502.47,0.519,260.78
2025-10-10 19:30:00,Friday,False,Evening,15.71,78.0,Normal,0,5.11,1006.9,530.94,0.519,275.56
2025-10-10 19:45:00,Friday,False,Evening,15.73,68.7,Normal,0,4.56,1000.4,478.65,0.53,253.68
2025-10-10 20:00:00,Friday,False,Evening,15.79,73.0,Normal,0,4.69,999.6,503.42,0.542,272.85
2025-10-10 20:15:00,Friday,False,Evening,16.02,59.8,Normal,0,4.4,963.4,427.44,0.54,230.82
2025-10-10 20:30:00,Friday,False,Evening,17.1,80.7,Normal,0,5.29,1003.3,557.98,0.552,308.0
2025-10-10 20:45:00,Friday,False,Evening,16.81,79.8,Normal,0,4.82,1032.3,552.86,0.538,297.44
2025-10-10 21:00:00,Friday,False,Evening,17.03,79.6,Normal,0,5.22,1015.0,563.75,0.549,309.5
2025-10-10 21:15:00,Friday,False,Evening,16.19,82.3,Normal,0,5.32,1002.9,558.6,0.553,308.91
2025-10-10 21:30:00,Friday,False,Evening,16.56,77.5,Normal,0,4.91,1017.3,529.27,0.564,298.51
2025-10-10 21:45:00,Friday,False,Evening,19.32,73.1,Normal,0,4.7,1000.2,513.43,0.548,281.36
2025-10-10 22:00:00,Friday,False,Night,17.74,68.3,Normal,0,4.37,979.9,464.55,0.567,263.4
2025-10-10 22:15:00,Friday,False,Night,17.55,68.1,Normal,0,4.55,994.1,472.5,0.553,261.29
2025-10-10 22:30:00,Friday,False,Night,19.61,65.6,Normal,0,4.46,961.7,450.55,0.559,251.86
2025-10-10 22:45:00,Friday,False,Night,19.0,65.4,Normal,0,4.59,975.4,453.51,0.565,256.23
2025-10-10 23:00:00,Friday,False,Night,19.55,88.6,Normal,0,5.54,1037.1,613.62,0.576,353.45
2025-10-10 23:15:00,Friday,False,Night,19.3,71.8,Normal,0,4.6,1004.2,483.44,0.563,272.18
2025-10-10 23:30:00,Friday,False,Night,19.47,68.5,Normal,0,4.65,1007.1,482.99,0.567,273.86
2025-10-10 23:45:00,Friday,False,Night,19.92,58.2,Normal,0,4.11,961.9,420.19,0.573,240.77
2025-10-11 00:00:00,Saturday,True,Night,19.16,34.1,Normal,0,2.88,906.7,251.65,0.583,146.71
2025-10-11 00:15:00,Saturday,True,Night,20.52,39.1,Normal,0,3.02,938.6,289.04,0.575,166.2
2025-10-11 00:30:00,Saturday,True,Night,21.16,44.6,Normal,0,3.61,930.9,309.06,0.59,182.35
2025-10-11 00:45:00,Saturday,True,Night,22.72,45.1,Normal,0,3.61,937.1,311.26,0.585,182.09
2025-10-11 01:00:00,Saturday,True,Night,21.63,50.5,Normal,0,3.88,936.1,351.04,0.598,209.92
2025-10-11 01:15:00,Saturday,True,Night,20.01,54.0,Normal,0,3.85,969.1,370.45,0.593,219.68
2025-10-11 01:30:00,Saturday,True,Night,22.11,59.4,Normal,0,4.23,962.9,398.91,0.612,244.13
2025-10-11 01:45:00,Saturday,True,Night,24.67,63.3,Normal,0,4.17,982.5,427.96,0.597,255.49
2025-10-11 02:00:00,Saturday,True,Night,23.46,70.3,Maintenance,1,4.55,881.8,259.51,0.585,151.81
2025-10-11 02:15:00,Saturday,True,Night,22.4,66.0,Maintenance,1,4.51,879.9,235.86,0.596,140.57
2025-10-11 02:30:00,Saturday,True,Night,23.78,55.3,Maintenance,1,4.06,865.8,269.16,0.599,161.23
2025-10-11 02:45:00,Saturday,True,Night,22.97,7.827220892772517,Stopped,1,1.44,608.1,36.08,0.59,21.29
2025-10-11 03:00:00,Saturday,True,Night,22.72,60.7,Maintenance,1,4.1,868.1,285.29,0.615,175.45
2025-10-11 03:15:00,Saturday,True,Night,23.75,68.0,Maintenance,1,4.54,904.5,287.39,0.597,171.57
2025-10-11 03:30:00,Saturday,True,Night,24.31,72.7,Maintenance,1,4.95,903.9,261.81,0.594,155.52
2025-10-11 03:45:00,Saturday,True,Night,22.93,80.8,Maintenance,1,5.04,899.6,358.57,0.602,215.86
2025-10-11 04:00:00,Saturday,True,Night,23.68,80.0,Maintenance,1,5.15,912.2,299.03,0.59,176.43
2025-10-11 04:15:00,Saturday,True,Night,24.76,76.9,Maintenance,1,5.03,945.8,334.5,0.608,203.38
2025-10-11 04:30:00,Saturday,True,Night,24.56,64.5,Maintenance,1,4.4,875.3,311.9,0.605,188.7
2025-10-11 04:45:00,Saturday,True,Night,25.32,63.8,Maintenance,1,4.44,893.7,247.24,0.598,147.85
2025-10-11 05:00:00,Saturday,True,Night,24.13,58.0,Maintenance,1,3.94,848.3,227.17,0.601,136.53
2025-10-11 05:15:00,Saturday,True,Night,25.74,57.5,Maintenance,1,4.02,901.6,251.58,0.589,148.18
2025-10-11 05:30:00,Saturday,True,Night,24.28,56.1,Maintenance,1,4.27,828.9,249.98,0.577,144.24
2025-10-11 05:45:00,Saturday,True,Night,26.57,57.3,Maintenance,1,4.33,850.4,226.47,0.587,132.94
2025-10-11 06:00:00,Saturday,True,Day,23.9,69.0,Normal,0,4.76,1008.9,460.06,0.583,268.21
2025-10-11 06:15:00,Saturday,True,Day,24.38,73.2,Normal,0,4.99,1012.1,494.27,0.566,279.76
2025-10-11 06:30:00,Saturday,True,Day,25.56,54.9,Normal,0,3.72,963.7,366.93,0.573,210.25
2025-10-11 06:45:00,Saturday,True,Day,26.5,56.3,Normal,0,3.92,976.6,376.3,0.569,214.11
2025-10-11 07:00:00,Saturday,True,Day,25.35,63.6,Normal,0,4.35,985.8,419.42,0.568,238.23
2025-10-11 07:15:00,Saturday,True,Day,25.45,74.0,Normal,0,5.22,1020.3,497.53,0.589,293.05
2025-10-11 07:30:00,Saturday,True,Day,24.9,76.4,Normal,0,4.92,1015.3,506.09,0.578,292.52
2025-10-11 07:45:00,Saturday,True,Day,23.93,84.2,Normal,0,5.42,1039.3,577.45,0.58,334.92
2025-10-11 08:00:00,Saturday,True,Day,24.21,81.9,Normal,0,5.27,1030.7,552.61,0.572,316.09
2025-10-11 08:15:00,Saturday,True,Day,23.46,78.9,Normal,0,5.13,1015.8,562.17,0.575,323.25
2025-10-11 08:30:00,Saturday,True,Day,23.21,79.5,Normal,0,5.1,1018.1,530.47,0.561,297.59
2025-10-11 08:45:00,Saturday,True,Day,24.35,76.8,Normal,0,4.8,1010.7,515.88,0.573,295.6
2025-10-11 09:00:00,Saturday,True,Day,22.9,85.7,Normal,0,4.97,1037.1,568.53,0.542,308.14
2025-10-11 09:15:00,Saturday,True,Day,23.82,65.1,Normal,0,4.65,980.6,436.1,0.55,239.86
2025-10-11 09:30:00,Saturday,True,Day,22.27,69.1,Normal,0,4.55,996.5,476.75,0.537,256.01
2025-10-11 09:45:00,Saturday,True,Day,23.28,60.6,Normal,0,3.98,975.7,412.82,0.557,229.94
2025-10-11 10:00:00,Saturday,True,Day,22.38,60.2,Normal,0,4.31,972.4,388.87,0.545,211.93
2025-10-11 10:15:00,Saturday,True,Day,23.6,57.7,Normal,0,4.19,967.3,380.64,0.55,209.35
2025-10-11 10:30:00,Saturday,True,Day,22.44,54.2,Normal,0,4.08,951.3,368.53,0.521,192.0
2025-10-11 10:45:00,Saturday,True,Day,22.86,57.5,Normal,0,4.28,962.2,385.88,0.526,202.97
2025-10-11 11:00:00,Saturday,True,Day,20.96,62.2,Normal,0,4.19,961.3,398.88,0.511,203.83
2025-10-11 11:15:00,Saturday,True,Day,21.29,54.8,Normal,0,3.86,955.5,370.42,0.529,195.95
2025-10-11 11:30:00,Saturday,True,Day,20.14,47.3,Normal,0,3.6,928.9,307.33,0.519,159.5
2025-10-11 11:45:00,Saturday,True,Day,20.26,54.2,Normal,0,4.09,954.9,371.63,0.528,196.22
2025-10-11 12:00:00,Saturday,True,Day,20.06,46.3,Normal,0,3.28,928.5,322.96,0.518,167.29
2025-10-11 12:15:00,Saturday,True,Day,19.36,50.9,Normal,0,3.83,928.7,356.1,0.494,175.91
2025-10-11 12:30:00,Saturday,True,Day,18.64,61.3,Normal,0,4.43,988.6,414.23,0.496,205.46
2025-10-11 12:45:00,Saturday,True,Day,18.16,70.5,Normal,0,4.84,991.3,488.98,0.512,250.36
2025-10-11 13:00:00,Saturday,True,Day,17.1,73.3,Normal,0,4.94,1010.9,496.69,0.514,255.3
2025-10-11 13:15:00,Saturday,True,Day,17.82,75.6,Normal,0,5.09,1001.4,517.29,0.485,250.89
2025-10-11 13:30:00,Saturday,True,Day,18.86,86.9,Normal,0,5.02,1048.3,573.74,0.505,289.74
2025-10-11 13:45:00,Saturday,True,Day,16.78,69.3,Normal,0,4.89,979.9,482.26,0.494,238.24
2025-10-11 14:00:00,Saturday,True,Evening,16.67,59.0,Normal,0,4.23,964.6,398.06,0.492,195.85
2025-10-11 14:15:00,Saturday,True,Evening,18.92,63.2,Normal,0,4.58,966.8,442.54,0.495,219.06
2025-10-11 14:30:00,Saturday,True,Evening,16.71,59.7,Normal,0,4.04,985.8,413.6,0.502,207.63
2025-10-11 14:45:00,Saturday,True,Evening,17.23,66.1,Normal,0,4.24,979.4,440.03,0.494,217.37
2025-10-11 15:00:00,Saturday,True,Evening,17.25,64.0,Normal,0,4.68,982.8,438.23,0.48,210.35
2025-10-11 15:15:00,Saturday,True,Evening,17.04,63.3,Normal,0,4.24,977.9,420.28,0.501,210.56
2025-10-11 15:30:00,Saturday,True,Evening,15.08,60.1,Normal,0,4.19,964.5,394.91,0.497,196.27
2025-10-11 15:45:00,Saturday,True,Evening,15.93,55.9,Normal,0,4.12,959.0,385.72,0.491,189.39
2025-10-11 16:00:00,Saturday,True,Evening,14.64,52.0,Normal,0,3.98,955.0,362.97,0.498,180.76
2025-10-11 16:15:00,Saturday,True,Evening,17.74,53.5,Normal,0,4.1,955.7,350.94,0.498,174.77
2025-10-11 16:30:00,Saturday,True,Evening,14.37,48.6,Normal,0,3.74,936.7,334.55,0.503,168.28
2025-10-11 16:45:00,Saturday,True,Evening,14.7,54.6,Normal,0,3.83,954.8,376.35,0.501,188.55
2025-10-11 17:00:00,Saturday,True,Evening,14.61,58.1,Normal,0,4.25,974.7,409.26,0.506,207.09
2025-10-11 17:15:00,Saturday,True,Evening,14.17,63.8,Normal,0,4.51,969.9,436.25,0.506,220.74
2025-10-11 17:30:00,Saturday,True,Evening,16.39,55.5,Normal,0,3.75,939.4,354.34,0.516,182.84
2025-10-11 17:45:00,Saturday,True,Evening,17.22,44.8,Normal,0,3.74,919.4,305.76,0.526,160.83
2025-10-11 18:00:00,Saturday,True,Evening,14.89,45.5,Normal,0,3.19,919.9,306.2,0.512,156.77
2025-10-11 18:15:00,Saturday,True,Evening,14.22,63.6,Normal,0,4.55,965.7,442.29,0.508,224.68
2025-10-11 18:30:00,Saturday,True,Evening,13.52,69.6,Normal,0,4.57,980.4,456.95,0.502,229.39
2025-10-11 18:45:00,Saturday,True,Evening,15.17,64.1,Normal,0,4.52,974.6,441.77,0.525,231.93
2025-10-11 19:00:00,Saturday,True,Evening,15.19,65.1,Normal,0,4.54,979.3,431.13,0.512,220.74
2025-10-11 19:15:00,Saturday,True,Evening,15.01,67.7,Normal,0,4.57,985.6,458.09,0.548,251.03
2025-10-11 19:30:00,Saturday,True,Evening,15.83,57.5,Normal,0,4.18,953.0,379.12,0.555,210.41
2025-10-11 19:45:00,Saturday,True,Evening,16.1,75.5,Normal,0,4.91,1012.0,503.91,0.528,266.06
2025-10-11 20:00:00,Saturday,True,Evening,16.2,62.3,Normal,0,4.44,975.4,408.8,0.516,210.94
2025-10-11 20:15:00,Saturday,True,Evening,15.86,60.4,Normal,0,4.58,978.7,427.27,0.543,232.01
2025-10-11 20:30:00,Saturday,True,Evening,15.42,59.4,Normal,0,4.0,970.0,389.52,0.56,218.13
2025-10-11 20:45:00,Saturday,True,Evening,17.04,65.3,Normal,0,3.99,976.5,412.86,0.529,218.4
2025-10-11 21:00:00,Saturday,True,Evening,16.74,59.0,Normal,0,4.12,973.7,380.57,0.565,215.02
2025-10-11 21:15:00,Saturday,True,Evening,17.68,47.8,Normal,0,3.6,938.2,328.35,0.531,174.35
2025-10-11 21:30:00,Saturday,True,Evening,17.86,50.1,Normal,0,3.72,948.3,338.52,0.538,182.12
2025-10-11 21:45:00,Saturday,True,Evening,16.35,38.0,Normal,0,3.07,916.2,280.41,0.559,156.75
2025-10-11 22:00:00,Saturday,True,Night,16.62,29.7,Normal,0,2.94,889.0,233.11,0.569,132.64
2025-10-11 22:15:00,Saturday,True,Night,17.45,38.4,Normal,0,3.02,913.2,286.16,0.561,160.54
2025-10-11 22:30:00,Saturday,True,Night,17.51,42.5,Normal,0,3.49,921.6,297.73,0.57,169.71
2025-10-11 22:45:00,Saturday,True,Night,19.26,48.8,Normal,0,3.81,933.0,347.56,0.579,201.24
2025-10-11 23:00:00,Saturday,True,Night,19.25,51.8,Normal,0,3.9,930.1,343.59,0.583,200.31
2025-10-11 23:15:00,Saturday,True,Night,,65.2,Normal,0,4.54,976.0,422.61,0.568,240.04
2025-10-11 23:30:00,Saturday,True,Night,19.93,59.0,Normal,0,4.33,967.4,391.88,0.568,222.59
2025-10-11 23:45:00,Saturday,True,Night,20.11,59.5,Normal,0,4.22,975.9,390.13,0.59,230.18
2025-10-12 00:00:00,Sunday,True,Night,21.13,54.9,Normal,0,3.95,962.9,359.57,0.587,211.07
2025-10-12 00:15:00,Sunday,True,Night,20.88,59.2,Normal,0,4.27,964.9,404.01,0.591,238.77
2025-10-12 00:30:00,Sunday,True,Night,20.88,56.9,Normal,0,4.18,955.9,383.04,0.58,222.16
2025-10-12 00:45:00,Sunday,True,Night,22.33,65.5,Normal,0,4.61,982.6,442.49,0.595,263.28
2025-10-12 01:00:00,Sunday,True,Night,21.56,59.6,Normal,0,3.96,960.8,401.33,0.58,232.77
2025-10-12 01:15:00,Sunday,True,Night,21.54,66.1,Normal,0,4.48,968.0,424.01,0.595,252.29
2025-10-12 01:30:00,Sunday,True,Night,21.42,66.9,Normal,0,4.38,974.4,449.69,0.596,268.02
2025-10-12 01:45:00,Sunday,True,Night,22.95,63.8,Normal,0,4.49,991.3,418.3,0.597,249.73
2025-10-12 02:00:00,Sunday,True,Night,23.66,64.6,Normal,0,4.55,997.7,430.52,0.605,260.46
2025-10-12 02:15:00,Sunday,True,Night,22.91,63.6,Normal,0,4.35,985.8,407.39,0.588,239.55
2025-10-12 02:30:00,Sunday,True,Night,24.26,63.2,Normal,0,4.27,979.3,428.74,0.606,259.82
2025-10-12 02:45:00,Sunday,True,Night,21.89,59.6,Normal,0,4.3,957.8,385.04,0.6,231.02
2025-10-12 03:00:00,Sunday,True,Night,23.66,53.4,Normal,0,3.91,953.5,351.03,0.592,207.81
2025-10-12 03:15:00,Sunday,True,Night,23.9,50.1,Normal,0,3.99,951.7,336.96,0.587,197.8
2025-10-12 03:30:00,Sunday,True,Night,23.56,39.2,Normal,0,3.53,925.9,286.85,0.619,177.56
2025-10-12 03:45:00,Sunday,True,Night,26.24,44.7,Normal,0,3.68,940.7,314.88,0.599,188.61
2025-10-12 04:00:00,Sunday,True,Night,24.45,37.1,Normal,0,3.2,924.4,281.21,0.596,167.6
2025-10-12 04:15:00,Sunday,True,Night,24.33,36.5,Normal,0,3.41,928.7,273.64,0.587,160.63
2025-10-12 04:30:00,Sunday,True,Night,24.81,41.1,Normal,0,3.39,921.8,303.24,0.609,184.67
2025-10-12 04:45:00,Sunday,True,Night,23.31,46.4,Normal,0,3.53,959.5,326.9,0.607,198.43
2025-10-12 05:00:00,Sunday,True,Night,24.39,35.3,Normal,0,2.98,894.0,249.7,0.603,150.57
2025-10-12 05:15:00,Sunday,True,Night,25.86,35.7,Normal,0,2.99,906.1,255.29,0.593,151.39
2025-10-12 05:30:00,Sunday,True,Night,24.63,39.3,Normal,0,3.27,922.0,298.68,0.6,179.21
2025-10-12 05:45:00,Sunday,True,Night,24.5,40.1,Normal,0,3.38,926.6,301.68,0.582,175.58
2025-10-12 06:00:00,Sunday,True,Day,26.22,62.5,Normal,0,4.13,978.2,424.07,0.59,250.2
2025-10-12 06:15:00,Sunday,True,Day,26.23,56.9,Normal,0,4.02,961.7,392.82,0.586,230.19
2025-10-12 06:30:00,Sunday,True,Day,25.54,44.6,Normal,0,3.55,952.0,319.23,0.586,187.07
2025-10-12 06:45:00,Sunday,True,Day,24.71,51.0,Normal,0,3.92,945.3,354.16,0.563,199.39
2025-10-12 07:00:00,Sunday,True,Day,24.81,48.5,Normal,0,3.7,935.3,334.57,0.597,199.74
2025-10-12 07:15:00,Sunday,True,Day,24.26,38.9,Normal,0,3.29,932.6,300.05,0.592,177.63
2025-10-12 07:30:00,Sunday,True,Day,24.0,40.2,Normal,0,3.13,928.9,280.88,0.562,157.85
2025-10-12 07:45:00,Sunday,True,Day,23.82,49.6,Normal,0,3.62,954.2,341.78,0.576,196.87
2025-10-12 08:00:00,Sunday,True,Day,24.01,42.9,Normal,0,3.43,930.4,285.92,0.552,157.83
2025-10-12 08:15:00,Sunday,True,Day,23.5,58.6,Normal,0,4.24,956.7,381.26,0.565,215.41
2025-10-12 08:30:00,Sunday,True,Day,22.89,53.4,Normal,0,3.96,954.9,382.2,0.539,206.01
2025-10-12 08:45:00,Sunday,True,Day,24.11,54.3,Normal,0,3.84,945.3,371.76,0.555,206.33
2025-10-12 09:00:00,Sunday,True,Day,23.9,47.3,Normal,0,3.61,941.7,325.19,0.549,178.53
2025-10-12 09:15:00,Sunday,True,Day,24.83,48.7,Normal,0,3.94,949.2,341.24,0.563,192.12
2025-10-12 09:30:00,Sunday,True,Day,22.68,48.9,Normal,0,3.8,951.4,325.48,0.564,183.57
2025-10-12 09:45:00,Sunday,True,Day,23.19,41.0,Normal,0,3.33,922.7,287.86,0.561,161.49
2025-10-12 10:00:00,Sunday,True,Day,22.92,59.8,Normal,0,4.07,976.2,385.73,0.553,213.31
2025-10-12 10:15:00,Sunday,True,Day,22.18,56.5,Normal,0,3.96,954.2,376.59,0.539,202.98
2025-10-12 10:30:00,Sunday,True,Day,22.68,53.6,Normal,0,3.94,962.3,372.07,0.539,200.55
2025-10-12 10:45:00,Sunday,True,Day,22.4,59.8,Normal,0,4.26,975.2,408.18,0.536,218.78
2025-10-12 11:00:00,Sunday,True,Day,21.73,70.4,Normal,0,4.78,989.4,487.96,0.517,252.28
2025-10-12 11:15:00,Sunday,True,Day,20.94,75.5,Normal,0,4.99,1012.1,510.24,0.537,274.0
2025-10-12 11:30:00,Sunday,True,Day,20.54,66.1,Normal,0,4.45,992.8,417.52,0.53,221.29
2025-10-12 11:45:00,Sunday,True,Day,19.41,66.3,Normal,0,4.44,984.3,462.06,0.528,243.97
2025-10-12 12:00:00,Sunday,True,Day,19.53,53.9,Normal,0,4.26,946.2,362.82,0.495,179.6
2025-10-12 12:15:00,Sunday,True,Day,19.35,4.478703492983555,Stopped,0,1.41,599.5,32.57,0.52,16.94
2025-10-12 12:30:00,Sunday,True,Day,18.62,49.5,Normal,0,3.56,945.5,338.14,0.523,176.85
2025-10-12 12:45:00,Sunday,True,Day,19.55,45.6,Normal,0,3.32,925.4,315.31,0.511,161.12
2025-10-12 13:00:00,Sunday,True,Day,19.84,47.0,Normal,0,3.58,927.7,324.73,0.504,163.66
2025-10-12 13:15:00,Sunday,True,Day,17.84,50.8,Normal,0,3.95,947.8,351.23,0.494,173.51
2025-10-12 13:30:00,Sunday,True,Day,18.49,50.0,Normal,0,3.69,948.8,328.91,0.491,161.49
2025-10-12 13:45:00,Sunday,True,Day,17.13,60.0,Normal,0,4.45,983.3,434.63,0.506,219.92
2025-10-12 14:00:00,Sunday,True,Evening,17.43,57.9,Normal,0,4.13,966.4,397.26,0.501,199.03
2025-10-12 14:15:00,Sunday,True,Evening,16.84,61.0,Normal,0,4.44,958.7,412.4,0.499,205.79
2025-10-12 14:30:00,Sunday,True,Evening,17.61,52.4,Normal,0,3.77,963.8,374.83,0.516,193.41
2025-10-12 14:45:00,Sunday,True,Evening,16.33,62.4,Normal,0,4.23,979.9,406.52,0.488,198.38
2025-10-12 15:00:00,Sunday,True,Evening,17.45,56.2,Normal,0,4.07,940.8,387.61,0.497,192.64
2025-10-12 15:15:00,Sunday,True,Evening,16.22,66.0,Normal,0,4.57,972.1,436.71,0.517,225.78
2025-10-12 15:30:00,Sunday,True,Evening,15.69,76.4,Normal,0,4.94,1002.0,514.96,0.497,255.94
2025-10-12 15:45:00,Sunday,True,Evening,15.01,76.4,Normal,0,5.01,1012.1,517.25,0.501,259.14
2025-10-12 16:00:00,Sunday,True,Evening,16.05,3.912197054875163,Stopped,0,1.55,577.9,10.0,0.499,4.99
2025-10-12 16:15:00,Sunday,True,Evening,16.4,57.6,Normal,0,3.91,958.6,370.3,0.509,188.48
2025-10-12 16:30:00,Sunday,True,Evening,15.77,55.7,Normal,0,3.98,960.5,392.22,0.482,189.05
2025-10-12 16:45:00,Sunday,True,Evening,17.23,61.7,Normal,0,4.23,947.8,408.41,0.501,204.61
2025-10-12 17:00:00,Sunday,True,Evening,16.49,66.0,Normal,0,4.43,986.6,460.92,0.505,232.76
2025-10-12 17:15:00,Sunday,True,Evening,15.02,56.9,Normal,0,4.15,963.6,398.86,0.496,197.83
2025-10-12 17:30:00,Sunday,True,Evening,14.96,54.4,Normal,0,3.9,943.6,364.83,0.511,186.43
2025-10-12 17:45:00,Sunday,True,Evening,15.56,38.8,Normal,0,2.95,902.6,271.02,0.518,140.39
2025-10-12 18:00:00,Sunday,True,Evening,14.5,42.7,Normal,0,3.4,913.9,316.73,0.516,163.43
2025-10-12 18:15:00,Sunday,True,Evening,16.12,32.4,Normal,0,2.78,874.9,263.2,0.532,140.02
2025-10-12 18:30:00,Sunday,True,Evening,15.5,41.4,Normal,0,3.44,915.7,292.46,0.512,149.74
2025-10-12 18:45:00,Sunday,True,Evening,15.47,49.7,Normal,0,3.88,940.8,358.85,0.524,188.04
2025-10-12 19:00:00,Sunday,True,Evening,15.89,47.0,Normal,0,3.31,922.9,329.31,0.526,173.22
2025-10-12 19:15:00,Sunday,True,Evening,16.82,50.6,Normal,0,3.68,950.1,356.96,0.522,186.33
2025-10-12 19:30:00,Sunday,True,Evening,15.69,49.3,Normal,0,3.79,939.0,340.8,0.538,183.35
2025-10-12 19:45:00,Sunday,True,Evening,15.6,7.343008552866642,Stopped,0,1.45,646.5,30.91,0.533,16.48
2025-10-12 20:00:00,Sunday,True,Evening,17.05,44.1,Normal,0,3.61,923.1,300.53,0.521,156.58
2025-10-12 20:15:00,Sunday,True,Evening,16.79,48.7,Normal,0,3.87,943.5,325.69,0.544,177.18
2025-10-12 20:30:00,Sunday,True,Evening,15.95,39.1,Normal,0,3.24,923.2,301.38,0.534,160.94
2025-10-12 20:45:00,Sunday,True,Evening,16.42,29.5,Normal,0,2.68,886.0,229.87,0.539,123.9
2025-10-12 21:00:00,Sunday,True,Evening,16.79,31.4,Normal,0,2.55,900.4,224.62,0.543,121.97
2025-10-12 21:15:00,Sunday,True,Evening,17.17,32.5,Normal,0,3.07,903.6,260.11,0.556,144.62
2025-10-12 21:30:00,Sunday,True,Evening,16.04,36.3,Normal,0,3.43,909.3,267.86,0.563,150.81
2025-10-12 21:45:00,Sunday,True,Evening,16.16,34.2,Normal,0,3.3,914.2,255.48,0.554,141.54
2025-10-12 22:00:00,Sunday,True,Night,16.96,39.5,Normal,0,3.25,908.9,303.72,0.557,169.17
2025-10-12 22:15:00,Sunday,True,Night,17.19,40.9,Normal,0,3.18,915.0,275.07,0.542,149.09
2025-10-12 22:30:00,Sunday,True,Night,17.74,42.6,Normal,0,3.55,916.9,305.09,0.558,170.24
2025-10-12 22:45:00,Sunday,True,Night,19.07,43.8,Normal,0,3.46,933.0,301.9,0.559,168.76
2025-10-12 23:00:00,Sunday,True,Night,18.74,49.7,Normal,0,3.83,939.5,334.96,0.574,192.27
2025-10-12 23:15:00,Sunday,True,Night,19.35,52.4,Normal,0,3.93,943.3,343.01,0.573,196.54
2025-10-12 23:30:00,Sunday,True,Night,18.54,53.9,Normal,0,3.97,965.3,368.13,0.568,209.1
2025-10-12 23:45:00,Sunday,True,Night,19.48,57.0,Normal,0,4.25,975.0,380.24,0.581,220.92
2025-10-13 00:00:00,Monday,False,Night,20.57,69.4,Normal,0,4.81,989.7,490.87,0.582,285.69
2025-10-13 00:15:00,Monday,False,Night,20.9,58.5,Normal,0,4.08,954.4,409.51,0.559,228.92
2025-10-13 00:30:00,Monday,False,Night,20.17,59.2,Normal,0,4.06,981.4,412.29,0.598,246.55
2025-10-13 00:45:00,Monday,False,Night,21.2,59.0,Normal,0,3.81,970.6,400.32,0.599,239.79
2025-10-13 01:00:00,Monday,False,Night,23.15,63.6,Normal,0,4.34,983.3,458.24,0.589,269.9
2025-10-13 01:15:00,Monday,False,Night,21.69,64.2,Normal,0,4.26,981.1,452.92,0.596,269.94
2025-10-13 01:30:00,Monday,False,Night,21.46,68.2,Normal,0,4.66,983.7,468.21,0.591,276.71
2025-10-13 01:45:00,Monday,False,Night,22.17,73.9,Normal,0,4.81,1001.6,498.2,0.58,288.96
2025-10-13 02:00:00,Monday,False,Night,22.67,61.5,Normal,0,4.26,979.7,412.09,0.619,255.08
2025-10-13 02:15:00,Monday,False,Night,22.75,54.2,Normal,0,4.09,952.5,399.54,0.606,242.12
2025-10-13 02:30:00,Monday,False,Night,23.12,58.2,Normal,0,4.21,969.9,421.1,0.608,256.03
2025-10-13 02:45:00,Monday,False,Night,22.24,48.1,Normal,0,3.67,940.5,360.53,0.597,215.24
2025-10-13 03:00:00,Monday,False,Night,22.86,52.6,Normal,0,4.15,943.7,379.42,0.611,231.83
2025-10-13 03:15:00,Monday,False,Night,23.74,45.6,Normal,0,3.68,948.4,347.28,0.586,203.51
2025-10-13 03:30:00,Monday,False,Night,23.93,46.0,Normal,0,3.52,941.3,347.89,0.597,207.69
2025-10-13 03:45:00,Monday,False,Night,23.8,54.0,Normal,0,3.9,959.1,383.58,0.607,232.83
2025-10-13 04:00:00,Monday,False,Night,24.29,57.1,Normal,0,4.22,969.0,402.89,0.593,238.91
2025-10-13 04:15:00,Monday,False,Night,24.63,48.5,Normal,0,3.73,929.0,342.35,0.608,208.15
2025-10-13 04:30:00,Monday,False,Night,25.43,46.8,Normal,0,3.46,935.8,344.07,0.601,206.79
2025-10-13 04:45:00,Monday,False,Night,24.75,40.3,Normal,0,3.45,910.7,313.86,0.599,188.0
2025-10-13 05:00:00,Monday,False,Night,25.25,33.5,Normal,0,3.18,907.3,270.35,0.588,158.97
2025-10-13 05:15:00,Monday,False,Night,24.57,38.3,Normal,0,3.4,920.4,296.6,0.598,177.37
2025-10-13 05:30:00,Monday,False,Night,25.51,45.3,Normal,0,3.78,937.2,336.57,0.611,205.64
2025-10-13 05:45:00,Monday,False,Night,25.39,50.6,Normal,0,4.11,958.6,379.27,0.592,224.53
2025-10-13 06:00:00,Monday,False,Day,25.79,70.3,Normal,0,4.95,986.8,478.61,0.594,284.29
2025-10-13 06:15:00,Monday,False,Day,25.66,71.7,Normal,0,4.81,995.8,487.51,0.593,289.09
2025-10-13 06:30:00,Monday,False,Day,25.53,71.3,Normal,0,4.71,1004.4,484.3,0.572,277.02
2025-10-13 06:45:00,Monday,False,Day,24.92,66.1,Normal,0,4.23,989.7,454.61,0.58,263.67
2025-10-13 07:00:00,Monday,False,Day,25.12,65.4,Normal,0,4.48,975.5,458.77,0.577,264.71
2025-10-13 07:15:00,Monday,False,Day,25.68,59.4,Normal,0,4.28,981.0,409.7,0.555,227.38
2025-10-13 07:30:00,Monday,False,Day,24.2,57.1,Normal,0,4.11,976.9,414.21,0.581,240.66
2025-10-13 07:45:00,Monday,False,Day,24.08,60.6,Normal,0,3.97,976.6,435.37,0.561,244.24
2025-10-13 08:00:00,Monday,False,Day,24.57,62.5,Normal,0,4.3,966.2,440.07,0.574,252.6
2025-10-13 08:15:00,Monday,False,Day,24.59,83.2,Normal,0,5.36,1031.3,591.62,0.556,328.94
2025-10-13 08:30:00,Monday,False,Day,23.41,75.0,Normal,0,4.75,1011.4,508.81,0.581,295.62
2025-10-13 08:45:00,Monday,False,Day,23.8,75.1,Normal,0,4.93,1007.0,512.53,0.555,284.45
2025-10-13 09:00:00,Monday,False,Day,23.56,67.4,Normal,0,4.63,1000.5,476.51,0.573,273.04
2025-10-13 09:15:00,Monday,False,Day,21.62,66.8,Normal,0,4.71,985.8,467.91,0.549,256.88
2025-10-13 09:30:00,Monday,False,Day,22.97,66.5,Normal,0,4.78,1003.9,460.41,0.547,251.84
2025-10-13 09:45:00,Monday,False,Day,22.75,73.5,Normal,0,4.78,1010.6,523.89,0.56,293.38
2025-10-13 10:00:00,Monday,False,Day,22.47,71.8,Normal,0,4.79,1002.1,502.27,0.532,267.21
2025-10-13 10:15:00,Monday,False,Day,23.44,71.9,Normal,0,4.8,1008.3,507.56,0.539,273.57
2025-10-13 10:30:00,Monday,False,Day,21.04,70.5,Normal,0,4.8,1007.7,485.72,0.54,262.29
2025-10-13 10:45:00,Monday,False,Day,21.05,63.5,Normal,0,4.47,985.2,462.68,0.536,248.0
2025-10-13 11:00:00,Monday,False,Day,19.3,61.8,Normal,0,4.53,971.7,435.22,0.529,230.23
2025-10-13 11:15:00,Monday,False,Day,20.69,61.9,Normal,0,3.97,968.4,437.16,0.525,229.51
2025-10-13 11:30:00,Monday,False,Day,20.43,64.8,Normal,0,4.51,971.8,446.75,0.532,237.67
2025-10-13 11:45:00,Monday,False,Day,20.02,70.2,Normal,0,4.76,974.4,489.06,0.522,255.29
2025-10-13 12:00:00,Monday,False,Day,20.98,92.7,Normal,0,5.65,1052.3,654.33,0.527,344.83
2025-10-13 12:15:00,Monday,False,Day,20.46,70.1,Normal,0,4.35,990.9,500.69,0.519,259.86
2025-10-13 12:30:00,Monday,False,Day,19.51,61.2,Normal,0,4.28,968.3,424.43,0.52,220.7
2025-10-13 12:45:00,Monday,False,Day,18.83,66.9,Normal,0,4.44,992.9,466.58,0.522,243.55
2025-10-13 13:00:00,Monday,False,Day,19.62,64.6,Normal,0,4.69,978.7,461.2,0.506,233.37
2025-10-13 13:15:00,Monday,False,Day,18.47,71.1,Normal,0,4.79,1010.1,481.75,0.518,249.55
2025-10-13 13:30:00,Monday,False,Day,17.53,80.3,Normal,0,5.02,1012.6,533.06,0.504,268.66
2025-10-13 13:45:00,Monday,False,Day,16.51,79.4,Normal,0,4.79,1006.3,534.7,0.49,262.0
2025-10-13 14:00:00,Monday,False,Evening,17.24,67.6,Normal,0,4.66,975.1,480.65,0.5,240.32
2025-10-13 14:15:00,Monday,False,Evening,17.92,68.5,Normal,0,4.72,993.8,495.76,0.495,245.4
2025-10-13 14:30:00,Monday,False,Evening,18.88,71.5,Normal,0,4.72,1005.5,487.34,0.505,246.11
2025-10-13 14:45:00,Monday,False,Evening,16.85,70.1,Normal,0,4.78,986.4,475.95,0.498,237.02
2025-10-13 15:00:00,Monday,False,Evening,15.95,67.5,Normal,0,4.52,975.4,483.28,0.501,242.12
2025-10-13 15:15:00,Monday,False,Evening,15.39,71.9,Normal,0,4.93,1006.7,497.09,0.51,253.52
2025-10-13 15:30:00,Monday,False,Evening,16.57,93.5,Normal,0,5.87,1037.8,653.2,0.515,336.4
2025-10-13 15:45:00,Monday,False,Evening,14.53,73.3,Normal,0,4.58,1005.4,519.05,0.503,261.08
2025-10-13 16:00:00,Monday,False,Evening,16.21,63.7,Normal,0,4.19,970.1,453.66,0.512,232.27
2025-10-13 16:15:00,Monday,False,Evening,16.27,67.9,Normal,0,4.89,988.3,487.19,0.5,243.6
2025-10-13 16:30:00,Monday,False,Evening,15.83,64.3,Normal,0,4.57,984.4,434.84,0.487,211.77
2025-10-13 16:45:00,Monday,False,Evening,15.19,67.0,Normal,0,4.36,985.9,450.53,0.492,221.66
2025-10-13 17:00:00,Monday,False,Evening,15.72,69.0,Normal,0,4.4,985.1,486.16,0.503,244.54
2025-10-13 17:15:00,Monday,False,Evening,15.33,58.5,Normal,0,4.19,972.1,416.56,0.514,214.11
2025-10-13 17:30:00,Monday,False,Evening,14.52,61.1,Normal,0,4.11,969.1,417.52,0.506,211.27
2025-10-13 17:45:00,Monday,False,Evening,16.59,66.0,Normal,0,4.45,1010.1,457.69,0.522,238.91
2025-10-13 18:00:00,Monday,False,Evening,14.82,71.0,Normal,0,4.72,978.1,502.62,0.53,266.39
2025-10-13 18:15:00,Monday,False,Evening,15.73,72.3,Normal,0,4.77,982.0,515.48,0.505,260.32
2025-10-13 18:30:00,Monday,False,Evening,13.21,60.9,Normal,0,4.44,973.2,430.45,0.538,231.58
2025-10-13 18:45:00,Monday,False,Evening,16.22,70.4,Normal,0,4.98,991.1,486.93,0.502,244.44
2025-10-13 19:00:00,Monday,False,Evening,16.44,73.5,Normal,0,4.77,1005.6,506.3,0.54,273.4
2025-10-13 19:15:00,Monday,False,Evening,15.39,66.6,Normal,0,4.36,972.4,473.24,0.524,247.98
2025-10-13 19:30:00,Monday,False,Evening,15.93,63.0,Normal,0,4.43,973.1,454.74,0.525,238.74
2025-10-13 19:45:00,Monday,False,Evening,16.06,65.9,Normal,0,4.74,983.7,465.64,0.53,246.79
2025-10-13 20:00:00,Monday,False,Evening,15.25,71.2,Normal,0,4.68,988.3,487.46,0.525,255.92
2025-10-13 20:15:00,Monday,False,Evening,16.38,68.9,Normal,0,4.76,989.6,492.05,0.551,271.12
2025-10-13 20:30:00,Monday,False,Evening,15.48,74.7,Normal,0,4.77,990.6,531.12,0.532,282.56
2025-10-13 20:45:00,Monday,False,Evening,15.85,64.1,Normal,0,4.42,978.5,433.16,0.537,232.61
2025-10-13 21:00:00,Monday,False,Evening,17.46,59.3,Normal,0,4.02,976.2,412.47,0.532,219.43
2025-10-13 21:15:00,Monday,False,Evening,17.58,48.9,Normal,0,3.72,928.8,365.37,0.542,198.03
2025-10-13 21:30:00,Monday,False,Evening,16.49,46.7,Normal,0,3.6,922.0,341.5,0.545,186.12
2025-10-13 21:45:00,Monday,False,Evening,16.73,59.3,Normal,0,4.29,973.6,414.56,0.548,227.18
2025-10-13 22:00:00,Monday,False,Night,17.08,65.7,Normal,0,4.76,969.8,463.7,0.557,258.28
2025-10-13 22:15:00,Monday,False,Night,18.47,67.3,Normal,0,4.5,992.2,471.51,0.551,259.8
2025-10-13 22:30:00,Monday,False,Night,17.38,63.6,Normal,0,4.09,975.7,427.56,0.581,248.41
2025-10-13 22:45:00,Monday,False,Night,18.78,62.8,Normal,0,4.33,971.1,439.38,0.567,249.13
2025-10-13 23:00:00,Monday,False,Night,19.4,66.3,Normal,0,4.56,995.4,467.27,0.575,268.68
2025-10-13 23:15:00,Monday,False,Night,19.05,57.1,Normal,0,4.13,967.8,399.84,0.583,233.11
2025-10-13 23:30:00,Monday,False,Night,20.25,55.0,Normal,0,3.98,958.3,382.86,0.597,228.57
2025-10-13 23:45:00,Monday,False,Night,19.53,65.1,Normal,0,4.69,963.6,451.43,0.589,265.89
2025-10-14 00:00:00,Tuesday,False,Night,19.87,59.2,Normal,0,4.21,972.0,407.65,0.58,236.44
2025-10-14 00:15:00,Tuesday,False,Night,19.59,55.8,Normal,0,4.02,949.0,403.17,0.574,231.42
2025-10-14 00:30:00,Tuesday,False,Night,21.51,57.3,Normal,0,3.99,961.1,392.88,0.59,231.8
2025-10-14 00:45:00,Tuesday,False,Night,20.41,60.3,Normal,0,3.98,969.5,420.66,0.6,252.4
2025-10-14 01:00:00,Tuesday,False,Night,21.62,57.5,Normal,0,4.17,978.6,404.64,0.592,239.55
2025-10-14 01:15:00,Tuesday,False,Night,21.59,59.2,Normal,0,4.23,965.6,410.15,0.593,243.22
2025-10-14 01:30:00,Tuesday,False,Night,21.11,63.9,Normal,0,4.25,967.7,456.4,0.597,272.47
2025-10-14 01:45:00,Tuesday,False,Night,21.77,76.2,Normal,0,4.95,1022.1,528.22,0.577,304.78
2025-10-14 02:00:00,Tuesday,False,Night,23.65,74.4,Normal,0,4.86,1013.1,509.85,0.598,304.89
2025-10-14 02:15:00,Tuesday,False,Night,22.98,73.4,Normal,0,4.74,1010.4,500.67,0.605,302.91
2025-10-14 02:30:00,Tuesday,False,Night,22.28,81.9,Normal,0,5.09,1036.9,571.27,0.598,341.62
2025-10-14 02:45:00,Tuesday,False,Night,23.58,77.0,Normal,0,5.05,1027.5,544.8,0.611,332.87
2025-10-14 03:00:00,Tuesday,False,Night,23.46,67.9,Normal,0,4.55,983.8,484.08,0.611,295.77
2025-10-14 03:15:00,Tuesday,False,Night,26.57,69.4,Normal,0,4.57,986.0,478.66,0.595,284.8
2025-10-14 03:30:00,Tuesday,False,Night,24.24,75.7,Normal,0,4.81,1017.8,521.42,0.604,314.94
2025-10-14 03:45:00,Tuesday,False,Night,23.9,77.0,Normal,0,4.97,1011.9,535.16,0.6,321.1
2025-10-14 04:00:00,Tuesday,False,Night,25.51,75.3,Normal,0,5.06,1009.7,526.85,0.579,305.05
2025-10-14 04:15:00,Tuesday,False,Night,23.06,65.7,Normal,0,4.52,976.1,450.31,0.597,268.84
2025-10-14 04:30:00,Tuesday,False,Night,24.74,65.7,Normal,0,4.45,991.1,472.59,0.587,277.41
2025-10-14 04:45:00,Tuesday,False,Night,26.37,73.3,Normal,0,4.88,1010.0,510.45,0.598,305.25
2025-10-14 05:00:00,Tuesday,False,Night,24.78,65.3,Normal,0,4.68,984.2,464.71,0.602,279.76
2025-10-14 05:15:00,Tuesday,False,Night,23.56,64.2,Normal,0,4.49,970.6,453.11,0.592,268.24
2025-10-14 05:30:00,Tuesday,False,Night,24.68,62.3,Normal,0,4.37,987.6,441.88,0.583,257.62
2025-10-14 05:45:00,Tuesday,False,Night,26.2,58.8,Normal,0,4.27,972.4,406.35,0.593,240.97
2025-10-14 06:00:00,Tuesday,False,Day,25.34,75.4,Normal,0,4.9,1020.1,523.66,0.613,321.0
2025-10-14 06:15:00,Tuesday,False,Day,24.36,78.8,Normal,0,5.1,1002.1,569.06,0.564,320.95
2025-10-14 06:30:00,Tuesday,False,Day,24.45,81.8,Normal,0,5.13,1026.9,583.05,0.586,341.67
2025-10-14 06:45:00,Tuesday,False,Day,24.5,76.0,Normal,0,4.72,1006.3,524.51,0.576,302.12
2025-10-14 07:00:00,Tuesday,False,Day,25.16,66.8,Normal,0,4.59,989.8,462.78,0.574,265.64
2025-10-14 07:15:00,Tuesday,False,Day,25.85,70.2,Normal,0,4.74,1006.1,467.37,0.575,268.74
2025-10-14 07:30:00,Tuesday,False,Day,25.51,68.6,Normal,0,4.58,997.3,471.94,0.57,269.01
2025-10-14 07:45:00,Tuesday,False,Day,24.89,81.2,Normal,0,5.33,1025.5,566.17,0.576,326.11
2025-10-14 08:00:00,Tuesday,False,Day,23.31,92.6,Normal,0,5.57,1052.7,643.51,0.565,363.58
2025-10-14 08:15:00,Tuesday,False,Day,23.14,100.0,Normal,0,5.73,1058.4,698.14,0.542,378.39
2025-10-14 08:30:00,Tuesday,False,Day,24.44,95.1,Normal,0,5.68,1052.4,671.68,0.574,385.54
2025-10-14 08:45:00,Tuesday,False,Day,22.73,96.9,Normal,0,5.63,1071.8,668.39,0.569,380.31
2025-10-14 09:00:00,Tuesday,False,Day,23.4,100.0,Normal,0,6.05,1067.1,709.79,0.548,388.96
2025-10-14 09:15:00,Tuesday,False,Day,23.58,100.0,Normal,0,5.89,1080.4,704.15,0.551,387.99
2025-10-14 09:30:00,Tuesday,False,Day,22.18,98.1,Normal,0,6.07,1072.0,685.78,0.56,384.04
2025-10-14 09:45:00,Tuesday,False,Day,22.0,100.0,Normal,0,6.14,1077.0,726.22,0.555,403.05
2025-10-14 10:00:00,Tuesday,False,Day,22.47,100.0,Normal,0,5.86,1073.0,711.6,0.555,394.94
2025-10-14 10:15:00,Tuesday,False,Day,22.66,99.7,Normal,0,5.87,1066.3,693.8,0.542,376.04
2025-10-14 10:30:00,Tuesday,False,Day,22.81,88.3,Normal,0,5.57,1040.2,622.56,0.543,338.05
2025-10-14 10:45:00,Tuesday,False,Day,22.14,91.5,Normal,0,5.78,1054.0,629.35,0.546,343.63
2025-10-14 11:00:00,Tuesday,False,Day,21.4,88.8,Normal,0,5.21,1024.5,606.26,0.525,318.29
2025-10-14 11:15:00,Tuesday,False,Day,20.42,90.7,Normal,0,5.64,1055.4,648.83,0.53,343.88
2025-10-14 11:30:00,Tuesday,False,Day,19.84,91.1,Normal,0,5.28,1042.0,634.16,0.502,318.35
2025-10-14 11:45:00,Tuesday,False,Day,19.96,91.1,Normal,0,5.53,1045.4,638.13,0.505,322.26
2025-10-14 12:00:00,Tuesday,False,Day,20.37,89.7,Normal,0,5.72,1042.3,639.25,0.523,334.33
2025-10-14 12:15:00,Tuesday,False,Day,19.99,93.5,Normal,0,6.17,1051.8,669.55,0.522,349.51
2025-10-14 12:30:00,Tuesday,False,Day,17.71,90.9,Normal,0,5.57,1033.3,631.19,0.509,321.28
2025-10-14 12:45:00,Tuesday,False,Day,18.44,81.1,Normal,0,4.99,1021.1,569.23,0.505,287.46
2025-10-14 13:00:00,Tuesday,False,Day,19.71,84.7,Normal,0,5.26,1034.7,571.42,0.505,288.57
2025-10-14 13:15:00,Tuesday,False,Day,18.5,79.5,Normal,0,5.11,999.6,543.82,0.509,276.8
2025-10-14 13:30:00,Tuesday,False,Day,17.0,71.8,Normal,0,4.66,985.1,494.61,0.482,238.4
2025-10-14 13:45:00,Tuesday,False,Day,19.72,66.9,Normal,0,4.4,992.6,469.29,0.509,238.87
2025-10-14 14:00:00,Tuesday,False,Evening,17.52,64.4,Normal,0,4.37,983.1,445.54,0.503,224.11
2025-10-14 14:15:00,Tuesday,False,Evening,17.57,65.2,Normal,0,4.53,981.8,438.09,0.504,220.8
2025-10-14 14:30:00,Tuesday,False,Evening,17.32,53.7,Normal,0,3.92,945.0,362.78,0.5,181.39
2025-10-14 14:45:00,Tuesday,False,Evening,16.45,54.1,Normal,0,3.83,956.5,382.63,0.487,186.34
2025-10-14 15:00:00,Tuesday,False,Evening,15.93,63.7,Normal,0,4.3,964.8,437.5,0.489,213.94
2025-10-14 15:15:00,Tuesday,False,Evening,17.98,62.5,Normal,0,4.28,971.9,426.93,0.515,219.87
2025-10-14 15:30:00,Tuesday,False,Evening,16.88,63.1,Normal,0,4.22,963.2,426.7,0.494,210.79
2025-10-14 15:45:00,Tuesday,False,Evening,16.54,70.9,Normal,0,4.62,991.6,491.56,0.508,249.71
2025-10-14 16:00:00,Tuesday,False,Evening,16.17,76.3,Normal,0,5.06,997.8,543.18,0.49,266.16
2025-10-14 16:15:00,Tuesday,False,Evening,14.76,82.4,Normal,0,5.2,1026.3,573.46,0.501,287.3
2025-10-14 16:30:00,Tuesday,False,Evening,16.45,65.0,Normal,0,4.19,981.5,461.85,0.498,230.0
2025-10-14 16:45:00,Tuesday,False,Evening,14.63,76.7,Normal,0,5.13,1001.3,530.35,0.501,265.71
2025-10-14 17:00:00,Tuesday,False,Evening,15.44,80.5,Normal,0,5.21,1024.7,564.86,0.501,282.99
2025-10-14 17:15:00,Tuesday,False,Evening,13.83,94.7,Normal,0,5.56,1042.6,673.33,0.521,350.8
2025-10-14 17:30:00,Tuesday,False,Evening,13.45,87.8,Normal,0,5.41,1032.4,609.07,0.527,320.98
2025-10-14 17:45:00,Tuesday,False,Evening,15.31,75.8,Normal,0,4.82,999.2,523.24,0.512,267.9
2025-10-14 18:00:00,Tuesday,False,Evening,14.4,75.8,Normal,0,5.04,1009.4,524.01,0.508,266.2
2025-10-14 18:15:00,Tuesday,False,Evening,13.46,74.2,Normal,0,4.81,1003.8,519.65,0.501,260.34
2025-10-14 18:30:00,Tuesday,False,Evening,15.52,78.3,Normal,0,5.04,1021.0,552.68,0.502,277.45
2025-10-14 18:45:00,Tuesday,False,Evening,16.84,84.5,Normal,0,5.3,1027.8,590.72,0.533,314.85
2025-10-14 19:00:00,Tuesday,False,Evening,16.33,83.0,Normal,0,5.04,999.3,568.53,0.507,288.24
2025-10-14 19:15:00,Tuesday,False,Evening,15.1,80.7,Normal,0,5.37,1012.8,548.58,0.52,285.26
2025-10-14 19:30:00,Tuesday,False,Evening,15.43,83.3,Normal,0,5.37,1035.5,581.05,0.529,307.38
2025-10-14 19:45:00,Tuesday,False,Evening,16.27,80.8,Normal,0,5.05,1014.8,556.67,0.504,280.56
2025-10-14 20:00:00,Tuesday,False,Evening,16.61,78.2,Normal,0,5.08,995.8,544.12,0.52,282.94
2025-10-14 20:15:00,Tuesday,False,Evening,15.61,84.2,Normal,0,5.46,1029.0,589.46,0.523,308.29
2025-10-14 20:30:00,Tuesday,False,Evening,16.1,90.8,Normal,0,5.61,1046.5,650.69,0.533,346.82
2025-10-14 20:45:00,Tuesday,False,Evening,16.52,95.5,Normal,0,6.04,1048.5,667.38,0.545,363.72
2025-10-14 21:00:00,Tuesday,False,Evening,16.95,92.1,Normal,0,6.1,1044.2,636.46,0.556,353.87
2025-10-14 21:15:00,Tuesday,False,Evening,16.64,77.4,Normal,0,4.99,1002.4,524.42,0.542,284.24
2025-10-14 21:30:00,Tuesday,False,Evening,16.9,76.3,Normal,0,4.88,1010.9,521.63,0.548,285.85
2025-10-14 21:45:00,Tuesday,False,Evening,18.37,71.7,Normal,0,4.61,996.8,505.86,0.554,280.25
2025-10-14 22:00:00,Tuesday,False,Night,18.51,63.5,Normal,0,4.06,966.6,424.05,0.551,233.65
2025-10-14 22:15:00,Tuesday,False,Night,18.21,60.0,Normal,0,4.42,966.9,413.27,0.566,233.91
2025-10-14 22:30:00,Tuesday,False,Night,19.51,60.8,Normal,0,4.21,964.1,429.25,0.57,244.67
2025-10-14 22:45:00,Tuesday,False,Night,18.13,55.4,Normal,0,4.15,967.1,404.92,0.541,219.06
2025-10-14 23:00:00,Tuesday,False,Night,20.05,49.3,Normal,0,3.9,948.8,345.06,0.578,199.44
2025-10-14 23:15:00,Tuesday,False,Night,19.5,58.9,Normal,0,4.02,964.3,394.05,0.575,226.58
2025-10-14 23:30:00,Tuesday,False,Night,22.01,54.1,Normal,0,3.82,955.9,375.22,0.58,217.63
2025-10-14 23:45:00,Tuesday,False,Night,18.76,55.8,Normal,0,4.3,965.0,407.55,0.591,240.86
2025-10-15 00:00:00,Wednesday,False,Night,19.46,63.0,Normal,0,4.36,974.1,441.76,0.564,249.15
2025-10-15 00:15:00,Wednesday,False,Night,20.67,69.1,Normal,0,4.54,997.8,471.55,0.572,269.73
2025-10-15 00:30:00,Wednesday,False,Night,20.98,93.0,Normal,0,5.54,1063.5,657.07,0.586,385.04
2025-10-15 00:45:00,Wednesday,False,Night,22.55,74.8,Normal,0,4.87,1003.5,519.55,0.566,294.07
2025-10-15 01:00:00,Wednesday,False,Night,20.77,78.4,Normal,0,5.28,1028.2,548.08,0.589,322.82
2025-10-15 01:15:00,Wednesday,False,Night,22.34,85.4,Normal,0,5.47,1044.6,581.17,0.601,349.28
2025-10-15 01:30:00,Wednesday,False,Night,22.85,85.8,Normal,0,5.41,1037.2,590.49,0.598,353.11
2025-10-15 01:45:00,Wednesday,False,Night,22.79,72.7,Normal,0,5.04,998.8,528.29,0.597,315.39
2025-10-15 02:00:00,Wednesday,False,Night,21.74,68.9,Normal,0,4.84,993.9,479.65,0.595,285.39
2025-10-15 02:15:00,Wednesday,False,Night,23.92,73.0,Normal,0,4.87,1002.1,498.1,0.594,295.87
2025-10-15 02:30:00,Wednesday,False,Night,24.04,68.6,Normal,0,5.04,986.8,480.53,0.594,285.43
2025-10-15 02:45:00,Wednesday,False,Night,23.79,78.3,Normal,0,5.01,1021.4,544.34,0.602,327.69
2025-10-15 03:00:00,Wednesday,False,Night,23.71,76.7,Normal,0,5.15,1004.9,543.57,0.584,317.44
2025-10-15 03:15:00,Wednesday,False,Night,23.95,76.1,Normal,0,4.89,1009.1,533.03,0.615,327.81
2025-10-15 03:30:00,Wednesday,False,Night,23.91,81.9,Normal,0,5.35,1023.7,564.74,0.593,334.89
2025-10-15 03:45:00,Wednesday,False,Night,24.68,79.1,Normal,0,5.05,1009.0,560.45,0.605,339.07
2025-10-15 04:00:00,Wednesday,False,Night,24.37,78.9,Normal,0,5.15,1024.4,557.69,0.6,334.61
2025-10-15 04:15:00,Wednesday,False,Night,23.82,83.0,Normal,0,5.62,1027.1,579.03,0.587,339.89
2025-10-15 04:30:00,Wednesday,False,Night,23.79,72.3,Normal,0,4.93,1012.6,504.25,0.611,308.1
2025-10-15 04:45:00,Wednesday,False,Night,24.14,70.1,Normal,0,4.76,995.0,494.45,0.607,300.13
2025-10-15 05:00:00,Wednesday,False,Night,25.02,74.8,Normal,0,4.78,1006.2,527.65,0.58,306.04
2025-10-15 05:15:00,Wednesday,False,Night,24.89,74.4,Normal,0,4.91,1001.1,501.3,0.593,297.27
2025-10-15 05:30:00,Wednesday,False,Night,25.14,82.4,Normal,0,5.08,1028.8,570.86,0.594,339.09
2025-10-15 05:45:00,Wednesday,False,Night,25.4,71.2,Normal,0,4.87,1001.1,496.88,0.57,283.22
2025-10-15 06:00:00,Wednesday,False,Day,24.51,74.7,Normal,0,5.02,1014.7,515.61,0.567,292.35
2025-10-15 06:15:00,Wednesday,False,Day,26.17,80.2,Normal,0,5.11,1024.4,551.0,0.578,318.48
2025-10-15 06:30:00,Wednesday,False,Day,24.75,85.6,Normal,0,5.62,1053.0,612.51,0.571,349.74
2025-10-15 06:45:00,Wednesday,False,Day,24.57,84.0,Normal,0,5.53,1035.7,594.17,0.571,339.27
2025-10-15 07:00:00,Wednesday,False,Day,25.23,86.2,Normal,0,5.42,1030.2,621.43,0.565,351.11
2025-10-15 07:15:00,Wednesday,False,Day,23.28,90.2,Normal,0,5.66,1038.0,625.53,0.575,359.68
2025-10-15 07:30:00,Wednesday,False,Day,24.0,84.3,Normal,0,5.23,1036.6,586.76,0.564,330.93
2025-10-15 07:45:00,Wednesday,False,Day,25.28,79.8,Normal,0,5.08,1014.0,556.03,0.581,323.05
2025-10-15 08:00:00,Wednesday,False,Day,22.95,95.9,Normal,0,5.66,1065.3,680.53,0.569,387.22
2025-10-15 08:15:00,Wednesday,False,Day,25.06,86.7,Normal,0,5.35,1046.4,617.19,0.572,353.03
2025-10-15 08:30:00,Wednesday,False,Day,,79.1,Normal,0,5.07,1027.7,550.52,0.544,299.48
2025-10-15 08:45:00,Wednesday,False,Day,23.47,78.3,Normal,0,4.8,1010.0,527.51,0.551,290.66
2025-10-15 09:00:00,Wednesday,False,Day,23.78,77.3,Normal,0,5.09,1022.0,531.51,0.556,295.52
2025-10-15 09:15:00,Wednesday,False,Day,24.2,80.4,Normal,0,5.3,1025.3,562.9,0.556,312.97
2025-10-15 09:30:00,Wednesday,False,Day,22.68,80.5,Normal,0,5.15,1016.9,569.95,0.541,308.34
2025-10-15 09:45:00,Wednesday,False,Day,23.48,77.4,Normal,0,4.61,1013.4,515.42,0.539,277.81
2025-10-15 10:00:00,Wednesday,False,Day,21.97,85.4,Normal,0,5.33,1037.2,582.51,0.537,312.81
2025-10-15 10:15:00,Wednesday,False,Day,21.84,81.8,Normal,0,5.0,1019.0,571.78,0.535,305.9
2025-10-15 10:30:00,Wednesday,False,Day,21.28,80.1,Normal,0,5.04,1022.1,541.76,0.557,301.76
2025-10-15 10:45:00,Wednesday,False,Day,21.89,70.8,Normal,0,4.94,1008.5,485.51,0.535,259.75
2025-10-15 11:00:00,Wednesday,False,Day,22.23,67.8,Normal,0,4.22,997.4,477.33,0.529,252.51
2025-10-15 11:15:00,Wednesday,False,Day,20.84,72.6,Normal,0,4.68,1001.2,499.64,0.513,256.32
2025-10-15 11:30:00,Wednesday,False,Day,19.65,75.7,Normal,0,5.06,1009.2,524.53,0.511,268.03
2025-10-15 11:45:00,Wednesday,False,Day,19.47,80.0,Normal,0,5.02,1013.7,566.74,0.518,293.57
2025-10-15 12:00:00,Wednesday,False,Day,20.33,83.6,Normal,0,5.17,1023.6,568.24,0.529,300.6
2025-10-15 12:15:00,Wednesday,False,Day,21.16,95.9,Normal,0,6.13,1046.8,665.91,0.513,341.61
2025-10-15 12:30:00,Wednesday,False,Day,19.67,89.7,Normal,0,5.61,1044.4,643.86,0.512,329.66
2025-10-15 12:45:00,Wednesday,False,Day,18.73,79.1,Normal,0,5.23,1020.6,554.23,0.504,279.33
2025-10-15 13:00:00,Wednesday,False,Day,19.33,73.1,Normal,0,4.89,1000.0,515.24,0.492,253.5
2025-10-15 13:15:00,Wednesday,False,Day,18.21,70.0,Normal,0,4.71,984.9,483.06,0.512,247.33
2025-10-15 13:30:00,Wednesday,False,Day,17.79,65.6,Normal,0,4.67,981.2,459.52,0.503,231.14
2025-10-15 13:45:00,Wednesday,False,Day,17.03,68.1,Normal,0,4.88,997.0,472.45,0.509,240.48
2025-10-15 14:00:00,Wednesday,False,Evening,18.64,71.3,Normal,0,4.49,1002.7,494.24,0.505,249.59
2025-10-15 14:15:00,Wednesday,False,Evening,15.2,81.1,Normal,0,5.17,1017.1,571.1,0.492,280.98
2025-10-15 14:30:00,Wednesday,False,Evening,17.61,83.5,Normal,0,5.27,1041.6,583.44,0.503,293.47
2025-10-15 14:45:00,Wednesday,False,Evening,16.34,95.5,Normal,0,5.74,1075.8,681.74,0.488,332.69
2025-10-15 15:00:00,Wednesday,False,Evening,16.15,91.0,Normal,0,5.76,1039.0,645.01,0.502,323.8
2025-10-15 15:15:00,Wednesday,False,Evening,17.61,79.4,Normal,0,5.14,1013.0,541.01,0.499,269.96
2025-10-15 15:30:00,Wednesday,False,Evening,15.47,85.3,Normal,0,5.65,1033.6,597.59,0.515,307.76
2025-10-15 15:45:00,Wednesday,False,Evening,15.31,73.2,Normal,0,4.99,990.3,505.56,0.492,248.74
2025-10-15 16:00:00,Wednesday,False,Evening,15.58,69.0,Normal,0,4.84,994.2,491.13,0.488,239.67
2025-10-15 16:15:00,Wednesday,False,Evening,15.86,2.813499191922342,Stopped,0,1.21,601.9,38.49,0.497,19.13
2025-10-15 16:30:00,Wednesday,False,Evening,15.04,72.7,Normal,0,4.68,999.2,503.55,0.508,255.8
2025-10-15 16:45:00,Wednesday,False,Evening,14.02,71.9,Normal,0,4.66,988.8,506.59,0.475,240.63
2025-10-15 17:00:00,Wednesday,False,Evening,14.49,65.3,Normal,0,4.67,970.9,439.47,0.513,225.45
2025-10-15 17:15:00,Wednesday,False,Evening,16.13,6.359980477241864,Stopped,0,1.46,567.2,30.68,0.504,15.46
2025-10-15 17:30:00,Wednesday,False,Evening,15.11,73.7,Normal,0,4.71,1010.6,504.36,0.496,250.16
2025-10-15 17:45:00,Wednesday,False,Evening,15.38,74.1,Normal,0,4.7,1007.5,513.98,0.506,260.07
2025-10-15 18:00:00,Wednesday,False,Evening,14.8,69.4,Normal,0,5.07,993.1,495.44,0.504,249.7
2025-10-15 18:15:00,Wednesday,False,Evening,14.49,62.7,Normal,0,4.33,973.5,438.12,0.502,219.94
2025-10-15 18:30:00,Wednesday,False,Evening,16.4,59.4,Normal,0,4.28,945.6,404.4,0.497,200.99
2025-10-15 18:45:00,Wednesday,False,Evening,14.96,63.8,Normal,0,4.23,967.9,445.87,0.526,234.53
2025-10-15 19:00:00,Wednesday,False,Evening,14.83,67.3,Normal,0,4.7,980.5,471.74,0.516,243.42
2025-10-15 19:15:00,Wednesday,False,Evening,16.15,63.5,Normal,0,4.12,965.4,423.31,0.52,220.12
2025-10-15 19:30:00,Wednesday,False,Evening,14.81,51.8,Normal,0,3.71,930.2,364.75,0.535,195.14
2025-10-15 19:45:00,Wednesday,False,Evening,15.05,57.2,Normal,0,3.99,949.6,405.03,0.531,215.07
2025-10-15 20:00:00,Wednesday,False,Evening,15.69,54.1,Normal,0,3.99,950.6,402.25,0.517,207.96
2025-10-15 20:15:00,Wednesday,False,Evening,15.85,60.8,Normal,0,4.15,967.5,413.42,0.543,224.49
2025-10-15 20:30:00,Wednesday,False,Evening,16.25,58.1,Normal,0,4.37,967.9,422.12,0.554,233.85
2025-10-15 20:45:00,Wednesday,False,Evening,17.93,54.3,Normal,0,4.05,969.0,378.5,0.548,207.42
2025-10-15 21:00:00,Wednesday,False,Evening,16.74,57.8,Normal,0,4.03,965.8,393.68,0.537,211.41
2025-10-15 21:15:00,Wednesday,False,Evening,14.81,74.2,Normal,0,5.02,998.3,504.95,0.534,269.64
2025-10-15 21:30:00,Wednesday,False,Evening,17.23,78.9,Normal,0,5.02,1027.8,553.53,0.543,300.57
2025-10-15 21:45:00,Wednesday,False,Evening,17.26,79.4,Normal,0,5.01,1002.1,549.58,0.557,306.12
2025-10-15 22:00:00,Wednesday,False,Night,17.55,73.1,Normal,0,4.95,982.6,504.98,0.573,289.35
2025-10-15 22:15:00,Wednesday,False,Night,18.0,62.0,Normal,0,3.95,964.7,431.42,0.554,239.01
2025-10-15 22:30:00,Wednesday,False,Night,18.07,56.0,Normal,0,4.16,963.4,399.75,0.559,223.46
2025-10-15 22:45:00,Wednesday,False,Night,18.36,42.4,Normal,0,3.31,924.4,317.23,0.578,183.36
2025-10-15 23:00:00,Wednesday,False,Night,19.21,55.8,Normal,0,3.93,948.2,389.94,0.567,221.1
2025-10-15 23:15:00,Wednesday,False,Night,18.6,66.4,Normal,0,4.81,977.5,456.94,0.591,270.05
2025-10-15 23:30:00,Wednesday,False,Night,18.6,69.0,Normal,0,4.56,979.8,494.32,0.575,284.23
2025-10-15 23:45:00,Wednesday,False,Night,22.1,69.7,Normal,0,4.81,984.4,500.23,0.591,295.64
2025-10-16 00:00:00,Thursday,False,Night,19.43,60.2,Normal,0,4.28,980.9,440.46,0.586,258.11
2025-10-16 00:15:00,Thursday,False,Night,20.41,59.8,Normal,0,4.28,967.1,415.97,0.592,246.25
2025-10-16 00:30:00,Thursday,False,Night,19.46,71.5,Normal,0,4.71,1010.9,490.0,0.585,286.65
2025-10-16 00:45:00,Thursday,False,Night,21.07,71.9,Normal,0,4.72,991.9,493.64,0.588,290.26
2025-10-16 01:00:00,Thursday,False,Night,20.55,68.0,Normal,0,4.82,992.8,488.25,0.595,290.51
2025-10-16 01:15:00,Thursday,False,Night,21.25,57.5,Normal,0,4.26,965.0,408.92,0.601,245.76
2025-10-16 01:30:00,Thursday,False,Night,22.75,67.0,Normal,0,4.47,995.1,460.39,0.6,276.23
2025-10-16 01:45:00,Thursday,False,Night,22.59,66.7,Normal,0,4.38,989.3,465.72,0.578,269.19
2025-10-16 02:00:00,Thursday,False,Night,22.95,56.3,Normal,0,3.97,969.4,390.56,0.6,234.34
2025-10-16 02:15:00,Thursday,False,Night,21.36,52.2,Normal,0,4.02,954.4,363.62,0.591,214.9
2025-10-16 02:30:00,Thursday,False,Night,24.51,46.4,Normal,0,3.78,929.3,344.48,0.593,204.28
2025-10-16 02:45:00,Thursday,False,Night,22.34,48.2,Normal,0,3.77,946.6,347.66,0.604,209.99
2025-10-16 03:00:00,Thursday,False,Night,24.76,51.8,Normal,0,3.61,950.9,367.43,0.617,226.7
2025-10-16 03:15:00,Thursday,False,Night,24.58,50.8,Normal,0,3.92,942.9,340.8,0.598,203.8
2025-10-16 03:30:00,Thursday,False,Night,24.43,57.5,Normal,0,4.31,971.2,401.39,0.62,248.86
2025-10-16 03:45:00,Thursday,False,Night,23.47,59.2,Normal,0,4.22,976.5,417.45,0.589,245.88
2025-10-16 04:00:00,Thursday,False,Night,24.45,66.7,Normal,0,4.83,984.8,454.66,0.612,278.25
2025-10-16 04:15:00,Thursday,False,Night,24.11,64.7,Normal,0,4.25,980.6,433.24,0.603,261.24
2025-10-16 04:30:00,Thursday,False,Night,24.64,83.3,Normal,0,5.37,1019.3,580.63,0.6,348.38
2025-10-16 04:45:00,Thursday,False,Night,24.53,78.1,Normal,0,4.89,1002.8,545.31,0.61,332.64
2025-10-16 05:00:00,Thursday,False,Night,23.2,71.5,Normal,0,4.91,997.8,490.46,0.589,288.88
2025-10-16 05:15:00,Thursday,False,Night,25.8,64.9,Normal,0,4.54,991.6,452.63,0.607,274.75
2025-10-16 05:30:00,Thursday,False,Night,24.89,64.0,Normal,0,4.68,977.7,449.38,0.59,265.13
2025-10-16 05:45:00,Thursday,False,Night,24.6,54.2,Normal,0,4.04,969.0,372.96,0.584,217.81
2025-10-16 06:00:00,Thursday,False,Day,24.55,71.6,Normal,0,4.69,999.4,507.96,0.575,292.08
2025-10-16 06:15:00,Thursday,False,Day,25.28,61.4,Normal,0,4.22,974.5,427.47,0.602,257.34
2025-10-16 06:30:00,Thursday,False,Day,24.24,64.9,Normal,0,4.42,981.7,450.58,0.595,268.1
2025-10-16 06:45:00,Thursday,False,Day,23.1,58.8,Normal,0,4.1,975.7,417.33,0.576,240.38
2025-10-16 07:00:00,Thursday,False,Day,25.16,59.3,Normal,0,4.4,963.1,404.99,0.584,236.51
2025-10-16 07:15:00,Thursday,False,Day,25.15,65.7,Normal,0,4.68,985.7,470.88,0.577,271.7
2025-10-16 07:30:00,Thursday,False,Day,24.46,81.4,Normal,0,4.96,1021.1,571.69,0.569,325.29
2025-10-16 07:45:00,Thursday,False,Day,23.57,75.0,Normal,0,4.91,1004.3,521.68,0.58,302.57
2025-10-16 08:00:00,Thursday,False,Day,24.4,75.0,Normal,0,4.91,1009.7,525.33,0.561,294.71
2025-10-16 08:15:00,Thursday,False,Day,22.99,71.5,Normal,0,4.63,998.6,491.14,0.542,266.2
2025-10-16 08:30:00,Thursday,False,Day,23.14,67.5,Normal,0,4.64,998.1,480.54,0.563,270.54
2025-10-16 08:45:00,Thursday,False,Day,23.16,65.0,Normal,0,4.68,983.3,449.42,0.558,250.78
2025-10-16 09:00:00,Thursday,False,Day,24.21,72.0,Normal,0,4.91,1006.2,502.6,0.548,275.42
2025-10-16 09:15:00,Thursday,False,Day,23.01,70.2,Normal,0,4.89,997.7,491.85,0.542,266.58
2025-10-16 09:30:00,Thursday,False,Day,22.69,85.1,Normal,0,5.24,1044.5,590.88,0.532,314.35
2025-10-16 09:45:00,Thursday,False,Day,24.34,87.3,Normal,0,5.45,1037.7,619.26,0.541,335.02
2025-10-16 10:00:00,Thursday,False,Day,22.78,80.6,Normal,0,5.04,1019.7,579.46,0.532,308.27
2025-10-16 10:15:00,Thursday,False,Day,22.48,78.5,Normal,0,5.1,1022.6,544.98,0.548,298.65
2025-10-16 10:30:00,Thursday,False,Day,21.62,74.1,Normal,0,4.91,1002.4,519.53,0.54,280.55
2025-10-16 10:45:00,Thursday,False,Day,21.13,79.9,Normal,0,5.27,1023.0,549.66,0.527,289.67
2025-10-16 11:00:00,Thursday,False,Day,19.54,70.3,Normal,0,4.89,1012.5,503.65,0.534,268.95
2025-10-16 11:15:00,Thursday,False,Day,21.75,63.7,Normal,0,4.5,971.2,441.21,0.525,231.64
2025-10-16 11:30:00,Thursday,False,Day,21.01,62.3,Normal,0,4.21,987.2,466.38,0.52,242.52
2025-10-16 11:45:00,Thursday,False,Day,20.18,68.8,Normal,0,4.43,986.6,457.78,0.52,238.05
2025-10-16 12:00:00,Thursday,False,Day,19.89,77.8,Normal,0,5.11,1023.5,563.58,0.536,302.08
2025-10-16 12:15:00,Thursday,False,Day,20.26,86.6,Normal,0,5.64,1040.6,617.63,0.522,322.4
2025-10-16 12:30:00,Thursday,False,Day,18.1,89.2,Normal,0,5.53,1044.7,611.66,0.51,311.95
2025-10-16 12:45:00,Thursday,False,Day,18.55,87.8,Normal,0,5.24,1035.5,631.03,0.52,328.14
2025-10-16 13:00:00,Thursday,False,Day,17.8,91.9,Normal,0,5.96,1044.4,639.09,0.518,331.05
2025-10-16 13:15:00,Thursday,False,Day,19.81,83.8,Normal,0,5.37,1022.0,676.52,0.51,345.03
2025-10-16 13:30:00,Thursday,False,Day,18.79,72.6,Normal,0,4.82,999.0,491.23,0.502,246.6
2025-10-16 13:45:00,Thursday,False,Day,16.03,76.3,Normal,0,4.79,1004.5,524.37,0.5,262.18
2025-10-16 14:00:00,Thursday,False,Evening,16.29,65.0,Normal,0,4.46,979.5,452.86,0.492,222.81
2025-10-16 14:15:00,Thursday,False,Evening,17.12,65.9,Normal,0,4.6,969.6,468.35,0.504,236.05
2025-10-16 14:30:00,Thursday,False,Evening,16.58,67.8,Normal,0,4.66,985.3,497.3,0.495,246.16
2025-10-16 14:45:00,Thursday,False,Evening,15.64,70.3,Normal,0,4.59,1000.8,481.86,0.496,239.0
2025-10-16 15:00:00,Thursday,False,Evening,18.02,76.6,Normal,0,4.97,1015.9,504.25,0.506,255.15
2025-10-16 15:15:00,Thursday,False,Evening,16.49,81.5,Normal,0,5.1,1019.5,570.67,0.517,295.04
2025-10-16 15:30:00,Thursday,False,Evening,16.41,82.0,Normal,0,5.46,1041.0,569.98,0.504,287.27
2025-10-16 15:45:00,Thursday,False,Evening,15.29,78.7,Normal,0,5.2,1006.8,566.01,0.499,282.44
2025-10-16 16:00:00,Thursday,False,Evening,16.25,79.0,Normal,0,5.0,1012.2,546.13,0.501,273.61
2025-10-16 16:15:00,Thursday,False,Evening,15.21,75.0,Normal,0,4.73,990.5,508.34,0.513,260.78
2025-10-16 16:30:00,Thursday,False,Evening,15.15,74.0,Normal,0,4.9,996.3,503.45,0.506,254.75
2025-10-16 16:45:00,Thursday,False,Evening,15.75,89.9,Normal,0,5.49,1054.1,633.72,0.505,320.03
2025-10-16 17:00:00,Thursday,False,Evening,13.87,100.0,Normal,0,5.94,1060.6,701.82,0.507,355.82
2025-10-16 17:15:00,Thursday,False,Evening,16.37,90.5,Normal,0,5.42,1029.5,642.88,0.492,316.3
2025-10-16 17:30:00,Thursday,False,Evening,15.19,84.5,Normal,0,5.17,1032.8,583.16,0.512,298.58
2025-10-16 17:45:00,Thursday,False,Evening,16.04,89.6,Normal,0,5.57,1042.3,640.17,0.501,320.73
2025-10-16 18:00:00,Thursday,False,Evening,14.14,92.5,Normal,0,5.63,1051.6,633.2,0.516,326.73
2025-10-16 18:15:00,Thursday,False,Evening,14.27,95.1,Normal,0,6.16,1049.2,656.46,0.507,332.83
2025-10-16 18:30:00,Thursday,False,Evening,14.11,94.1,Normal,0,5.83,1040.9,668.77,0.522,349.1
2025-10-16 18:45:00,Thursday,False,Evening,15.3,98.2,Normal,0,5.75,1058.7,683.82,0.517,353.53
2025-10-16 19:00:00,Thursday,False,Evening,15.22,100.0,Normal,0,5.77,1069.0,699.54,0.51,356.77
2025-10-16 19:15:00,Thursday,False,Evening,14.89,100.0,Normal,0,6.06,1063.7,696.85,0.521,363.06
2025-10-16 19:30:00,Thursday,False,Evening,14.57,97.8,Normal,0,5.85,1061.7,676.89,0.549,371.61
2025-10-16 19:45:00,Thursday,False,Evening,14.5,100.0,Normal,0,6.2,1059.7,715.53,0.507,362.77
2025-10-16 20:00:00,Thursday,False,Evening,15.63,92.2,Normal,0,5.7,1048.8,645.85,0.535,345.53
2025-10-16 20:15:00,Thursday,False,Evening,15.47,85.9,Normal,0,5.09,1029.5,581.85,0.526,306.05
2025-10-16 20:30:00,Thursday,False,Evening,15.48,84.4,Normal,0,5.17,1020.1,591.53,0.553,327.12
2025-10-16 20:45:00,Thursday,False,Evening,17.48,73.0,Normal,0,4.71,1000.0,516.37,0.551,284.52
2025-10-16 21:00:00,Thursday,False,Evening,16.4,78.3,Normal,0,5.12,1008.2,542.99,0.548,297.56
2025-10-16 21:15:00,Thursday,False,Evening,17.72,72.2,Normal,0,4.62,1002.0,508.55,0.558,283.77
2025-10-16 21:30:00,Thursday,False,Evening,16.53,69.9,Normal,0,4.7,997.4,476.41,0.555,264.41
2025-10-16 21:45:00,Thursday,False,Evening,17.42,69.3,Normal,0,4.45,993.6,483.99,0.556,269.1
2025-10-16 22:00:00,Thursday,False,Night,17.46,62.4,Normal,0,4.34,959.3,437.18,0.553,241.76
2025-10-16 22:15:00,Thursday,False,Night,16.43,61.0,Normal,0,4.33,960.3,420.11,0.558,234.42
2025-10-16 22:30:00,Thursday,False,Night,19.23,61.4,Normal,0,4.51,966.2,454.39,0.56,254.46
2025-10-16 22:45:00,Thursday,False,Night,18.28,61.8,Normal,0,4.35,965.2,435.35,0.568,247.28
2025-10-16 23:00:00,Thursday,False,Night,19.3,59.9,Normal,0,4.1,963.2,412.42,0.552,227.66
2025-10-16 23:15:00,Thursday,False,Night,18.42,56.2,Normal,0,4.28,965.0,402.84,0.584,235.26
2025-10-16 23:30:00,Thursday,False,Night,19.22,64.1,Normal,0,4.39,983.6,438.86,0.596,261.56
2025-10-16 23:45:00,Thursday,False,Night,18.98,52.0,Normal,0,3.98,944.2,363.1,0.575,208.78
2025-10-17 00:00:00,Friday,False,Night,21.0,52.7,Normal,0,3.81,955.7,371.46,0.594,220.65
2025-10-17 00:15:00,Friday,False,Night,20.59,51.7,Normal,0,3.86,950.8,367.75,0.583,214.4
2025-10-17 00:30:00,Friday,False,Night,20.96,56.2,Normal,0,3.94,959.4,388.04,0.581,225.45
2025-10-17 00:45:00,Friday,False,Night,22.07,48.9,Normal,0,3.77,951.5,369.04,0.585,215.89
2025-10-17 01:00:00,Friday,False,Night,22.23,48.2,Normal,0,3.81,935.4,344.99,0.592,204.23
2025-10-17 01:15:00,Friday,False,Night,22.23,49.9,Normal,0,3.69,945.4,350.05,0.586,205.13
2025-10-17 01:30:00,Friday,False,Night,20.79,58.5,Normal,0,4.08,956.9,398.32,0.6,238.99
2025-10-17 01:45:00,Friday,False,Night,21.67,61.6,Normal,0,4.36,965.7,419.36,0.591,247.84
2025-10-17 02:00:00,Friday,False,Night,21.71,55.3,Normal,0,3.89,947.1,399.92,0.586,234.35
2025-10-17 02:15:00,Friday,False,Night,23.37,53.9,Normal,0,3.72,948.0,382.24,0.598,228.58
2025-10-17 02:30:00,Friday,False,Night,23.19,60.9,Normal,0,4.32,973.9,435.31,0.592,257.7
2025-10-17 02:45:00,Friday,False,Night,22.2,54.6,Normal,0,3.97,954.2,398.33,0.596,237.4
2025-10-17 03:00:00,Friday,False,Night,23.4,55.7,Normal,0,4.02,958.2,391.56,0.599,234.54
2025-10-17 03:15:00,Friday,False,Night,22.57,57.1,Normal,0,4.18,960.8,419.82,0.587,246.43
2025-10-17 03:30:00,Friday,False,Night,23.94,56.1,Normal,0,4.15,976.0,394.41,0.615,242.56
2025-10-17 03:45:00,Friday,False,Night,22.84,73.7,Normal,0,4.82,995.8,499.38,0.608,303.62
2025-10-17 04:00:00,Friday,False,Night,24.76,70.6,Normal,0,4.54,988.8,490.58,0.593,290.91
2025-10-17 04:15:00,Friday,False,Night,24.8,72.9,Normal,0,4.72,997.7,505.48,0.598,302.28
2025-10-17 04:30:00,Friday,False,Night,26.16,67.8,Normal,0,4.67,992.3,475.08,0.604,286.95
2025-10-17 04:45:00,Friday,False,Night,25.42,70.9,Normal,0,4.74,1004.1,503.53,0.599,301.61
2025-10-17 05:00:00,Friday,False,Night,24.5,75.8,Normal,0,4.86,1016.4,526.14,0.614,323.05
2025-10-17 05:15:00,Friday,False,Night,25.57,71.4,Normal,0,4.63,1008.9,497.78,0.591,294.19
2025-10-17 05:30:00,Friday,False,Night,23.85,70.6,Normal,0,4.8,997.1,505.78,0.604,305.49
2025-10-17 05:45:00,Friday,False,Night,24.23,64.9,Normal,0,4.42,980.9,454.9,0.577,262.48
2025-10-17 06:00:00,Friday,False,Day,25.28,72.4,Normal,0,4.9,1016.7,510.84,0.576,294.24
2025-10-17 06:15:00,Friday,False,Day,23.27,79.8,Normal,0,5.25,998.2,540.56,0.603,325.96
2025-10-17 06:30:00,Friday,False,Day,24.94,76.7,Normal,0,4.93,1014.6,568.74,0.579,329.3
2025-10-17 06:45:00,Friday,False,Day,24.1,62.9,Normal,0,4.5,982.4,427.06,0.57,243.42
2025-10-17 07:00:00,Friday,False,Day,24.92,75.8,Normal,0,4.96,1026.8,522.31,0.578,301.9
2025-10-17 07:15:00,Friday,False,Day,23.88,71.7,Normal,0,4.8,987.5,492.02,0.588,289.31
2025-10-17 07:30:00,Friday,False,Day,24.97,71.5,Normal,0,4.42,997.8,511.63,0.565,289.07
2025-10-17 07:45:00,Friday,False,Day,24.51,82.6,Normal,0,5.1,1017.6,564.86,0.57,321.97
2025-10-17 08:00:00,Friday,False,Day,25.46,81.7,Normal,0,5.06,1012.6,568.57,0.548,311.58
2025-10-17 08:15:00,Friday,False,Day,24.17,80.7,Normal,0,5.11,1021.8,553.99,0.559,309.68
2025-10-17 08:30:00,Friday,False,Day,23.36,73.5,Normal,0,4.86,1011.5,500.75,0.571,285.93
2025-10-17 08:45:00,Friday,False,Day,23.57,64.7,Normal,0,4.47,992.7,458.69,0.55,252.28
2025-10-17 09:00:00,Friday,False,Day,22.47,49.2,Normal,0,3.78,939.1,349.95,0.542,189.67
2025-10-17 09:15:00,Friday,False,Day,23.63,69.9,Normal,0,4.57,1001.4,486.48,0.543,264.16
2025-10-17 09:30:00,Friday,False,Day,23.53,73.2,Normal,0,4.93,1002.6,516.22,0.542,279.79
2025-10-17 09:45:00,Friday,False,Day,24.76,71.4,Normal,0,,1005.2,520.44,0.552,287.28
2025-10-17 10:00:00,Friday,False,Day,22.01,72.8,Normal,0,4.75,1011.2,492.45,0.545,268.39
2025-10-17 10:15:00,Friday,False,Day,22.01,62.8,Normal,0,4.26,975.5,436.04,0.544,237.21
2025-10-17 10:30:00,Friday,False,Day,21.46,67.9,Normal,0,4.49,997.9,470.31,0.535,251.62
2025-10-17 10:45:00,Friday,False,Day,21.79,70.6,Normal,0,4.72,986.6,489.91,0.526,257.69
2025-10-17 11:00:00,Friday,False,Day,21.61,83.8,Normal,0,5.22,1034.4,607.57,0.521,316.54
2025-10-17 11:15:00,Friday,False,Day,20.94,83.6,Normal,0,5.03,1036.4,575.64,0.53,305.09
2025-10-17 11:30:00,Friday,False,Day,21.53,77.8,Normal,0,4.81,1021.6,511.34,0.539,275.61
2025-10-17 11:45:00,Friday,False,Day,19.84,78.0,Normal,0,5.19,1003.8,541.19,0.511,276.55
2025-10-17 12:00:00,Friday,False,Day,20.8,76.5,Normal,0,5.16,1008.6,532.83,0.508,270.68
2025-10-17 12:15:00,Friday,False,Day,20.11,79.8,Normal,0,5.36,1020.4,556.08,0.504,280.26
2025-10-17 12:30:00,Friday,False,Day,19.35,80.2,Normal,0,5.17,1021.9,550.45,0.521,286.78
2025-10-17 12:45:00,Friday,False,Day,18.78,72.8,Normal,0,4.66,1000.4,489.38,0.511,250.07
2025-10-17 13:00:00,Friday,False,Day,20.66,64.1,Normal,0,4.35,990.6,469.0,0.515,241.54
2025-10-17 13:15:00,Friday,False,Day,17.75,67.8,Normal,0,4.36,975.7,469.93,0.502,235.9
2025-10-17 13:30:00,Friday,False,Day,18.34,77.8,Normal,0,4.8,1009.6,533.49,0.512,273.15
2025-10-17 13:45:00,Friday,False,Day,17.2,78.8,Normal,0,5.11,999.7,567.52,0.501,284.33
2025-10-17 14:00:00,Friday,False,Evening,18.94,78.1,Normal,0,5.12,1017.8,534.95,0.488,261.06
2025-10-17 14:15:00,Friday,False,Evening,17.94,83.9,Normal,0,5.59,1030.9,594.92,0.511,304.0
2025-10-17 14:30:00,Friday,False,Evening,16.42,84.6,Normal,0,5.32,1053.8,577.79,0.501,289.47
2025-10-17 14:45:00,Friday,False,Evening,17.12,78.6,Normal,0,4.86,1020.8,549.73,0.497,273.22
2025-10-17 15:00:00,Friday,False,Evening,16.68,79.5,Normal,0,5.09,1017.1,540.19,0.503,271.72
2025-10-17 15:15:00,Friday,False,Evening,15.84,86.3,Normal,0,5.36,1032.9,604.85,0.486,293.96
2025-10-17 15:30:00,Friday,False,Evening,16.65,88.3,Normal,0,5.42,1033.9,633.72,0.504,319.39
2025-10-17 15:45:00,Friday,False,Evening,16.17,91.3,Normal,0,5.67,1044.6,640.13,0.494,316.22
2025-10-17 16:00:00,Friday,False,Evening,15.85,86.7,Normal,0,5.24,1034.0,578.71,0.499,288.78
2025-10-17 16:15:00,Friday,False,Evening,15.49,84.2,Normal,0,5.33,1009.6,584.76,0.513,299.98
2025-10-17 16:30:00,Friday,False,Evening,15.74,82.5,Normal,0,5.33,1022.8,579.61,0.509,295.02
2025-10-17 16:45:00,Friday,False,Evening,15.46,81.4,Normal,0,5.4,1019.1,577.95,0.502,290.13
2025-10-17 17:00:00,Friday,False,Evening,15.23,87.8,Normal,0,5.52,1048.1,628.62,0.504,316.82
2025-10-17 17:15:00,Friday,False,Evening,14.59,72.3,Normal,0,4.94,993.8,519.45,0.481,249.86
2025-10-17 17:30:00,Friday,False,Evening,16.41,72.9,Normal,0,4.74,991.7,502.6,0.5,251.3
2025-10-17 17:45:00,Friday,False,Evening,14.18,72.8,Normal,0,4.76,997.9,497.59,0.511,254.27
2025-10-17 18:00:00,Friday,False,Evening,15.35,64.9,Normal,0,4.66,977.5,445.1,0.504,224.33
2025-10-17 18:15:00,Friday,False,Evening,14.77,70.3,Normal,0,4.49,988.9,478.84,0.501,239.9
2025-10-17 18:30:00,Friday,False,Evening,16.46,66.6,Normal,0,4.47,971.8,466.51,0.521,243.05
2025-10-17 18:45:00,Friday,False,Evening,14.38,65.6,Normal,0,4.65,976.7,446.38,0.532,237.47
2025-10-17 19:00:00,Friday,False,Evening,14.59,78.0,Normal,0,5.01,1004.4,530.71,0.514,272.78
2025-10-17 19:15:00,Friday,False,Evening,14.5,83.8,Normal,0,5.25,1021.8,587.04,0.533,312.89
2025-10-17 19:30:00,Friday,False,Evening,15.65,86.3,Normal,0,5.36,1036.5,706.5,0.534,377.27
2025-10-17 19:45:00,Friday,False,Evening,14.43,87.3,Normal,0,5.47,1026.8,611.75,0.52,318.11
2025-10-17 20:00:00,Friday,False,Evening,15.3,85.0,Normal,0,5.51,1025.4,585.82,0.526,308.14
2025-10-17 20:15:00,Friday,False,Evening,14.13,95.9,Normal,0,5.96,1057.8,679.25,0.554,376.3
2025-10-17 20:30:00,Friday,False,Evening,16.24,98.3,Normal,0,5.93,1059.0,684.7,0.528,361.52
2025-10-17 20:45:00,Friday,False,Evening,15.85,91.2,Normal,0,5.78,1064.0,623.04,0.536,333.95
2025-10-17 21:00:00,Friday,False,Evening,15.28,80.9,Normal,0,5.22,1018.9,572.16,0.565,323.27
2025-10-17 21:15:00,Friday,False,Evening,17.58,83.7,Normal,0,5.42,1015.8,576.41,0.543,312.99
2025-10-17 21:30:00,Friday,False,Evening,15.92,82.5,Normal,0,5.08,1014.7,567.17,0.566,321.02
2025-10-17 21:45:00,Friday,False,Evening,17.87,73.1,Normal,0,5.08,991.9,504.3,0.545,274.84
2025-10-17 22:00:00,Friday,False,Night,16.95,68.0,Normal,0,4.63,979.4,478.46,0.56,267.94
2025-10-17 22:15:00,Friday,False,Night,19.08,66.4,Normal,0,4.11,988.0,458.79,0.573,262.89
2025-10-17 22:30:00,Friday,False,Night,18.7,69.8,Normal,0,4.92,983.0,494.09,0.56,276.69
2025-10-17 22:45:00,Friday,False,Night,17.6,72.2,Normal,0,4.78,994.3,495.29,0.569,281.82
2025-10-17 23:00:00,Friday,False,Night,17.98,68.1,Normal,0,4.54,996.2,472.81,0.579,273.76
2025-10-17 23:15:00,Friday,False,Night,19.52,71.9,Normal,0,4.68,993.6,501.37,0.565,283.27
2025-10-17 23:30:00,Friday,False,Night,19.15,68.4,Normal,0,4.68,994.1,492.79,0.599,295.18
2025-10-17 23:45:00,Friday,False,Night,19.55,65.8,Normal,0,4.36,969.1,458.21,0.59,270.34
2025-10-18 00:00:00,Saturday,True,Night,21.06,37.8,Normal,0,3.11,910.8,263.32,0.579,152.46
2025-10-18 00:15:00,Saturday,True,Night,19.77,45.2,Normal,0,3.47,924.1,316.33,0.582,184.1
2025-10-18 00:30:00,Saturday,True,Night,20.77,43.3,Normal,0,3.42,929.7,302.91,0.606,183.56
2025-10-18 00:45:00,Saturday,True,Night,21.78,51.5,Normal,0,3.76,940.3,329.97,0.586,193.36
2025-10-18 01:00:00,Saturday,True,Night,21.99,61.2,Normal,0,4.41,989.5,396.41,0.586,232.3
2025-10-18 01:15:00,Saturday,True,Night,21.52,54.6,Normal,0,4.02,943.0,369.48,0.604,223.17
2025-10-18 01:30:00,Saturday,True,Night,21.73,35.6,Normal,0,3.15,917.9,265.55,0.58,154.02
2025-10-18 01:45:00,Saturday,True,Night,20.86,42.8,Normal,0,3.53,933.1,301.62,0.595,179.46
2025-10-18 02:00:00,Saturday,True,Night,21.7,40.8,Normal,0,3.33,924.2,300.22,0.598,179.53
2025-10-18 02:15:00,Saturday,True,Night,23.08,35.8,Normal,0,2.95,910.8,252.69,0.591,149.34
2025-10-18 02:30:00,Saturday,True,Night,22.98,33.2,Normal,0,3.25,918.6,243.5,0.583,141.96
2025-10-18 02:45:00,Saturday,True,Night,23.4,31.9,Normal,0,3.06,920.6,240.6,0.6,144.36
2025-10-18 03:00:00,Saturday,True,Night,24.41,41.0,Normal,0,3.59,922.8,290.73,0.607,176.47
2025-10-18 03:15:00,Saturday,True,Night,22.85,42.2,Normal,0,3.56,927.4,301.39,0.593,178.72
2025-10-18 03:30:00,Saturday,True,Night,23.82,50.0,Normal,0,3.7,942.0,333.78,0.588,196.26
2025-10-18 03:45:00,Saturday,True,Night,24.35,52.1,Normal,0,3.52,942.8,327.34,0.612,200.33
2025-10-18 04:00:00,Saturday,True,Night,23.81,49.2,Normal,0,3.55,948.2,310.04,0.605,187.57
2025-10-18 04:15:00,Saturday,True,Night,25.67,46.1,Normal,0,3.69,940.2,324.28,0.595,192.95
2025-10-18 04:30:00,Saturday,True,Night,25.39,49.1,Normal,0,3.72,932.6,325.78,0.607,197.75
2025-10-18 04:45:00,Saturday,True,Night,25.01,53.3,Normal,0,3.86,959.3,342.05,0.599,204.89
2025-10-18 05:00:00,Saturday,True,Night,26.31,58.0,Normal,0,3.77,970.7,391.37,0.613,239.91
2025-10-18 05:15:00,Saturday,True,Night,23.75,54.6,Normal,0,3.98,953.1,385.69,0.6,231.41
2025-10-18 05:30:00,Saturday,True,Night,24.99,54.3,Normal,0,3.81,952.8,364.71,0.578,210.8
2025-10-18 05:45:00,Saturday,True,Night,25.33,56.4,Normal,0,3.96,967.1,382.75,0.584,223.53
2025-10-18 06:00:00,Saturday,True,Day,24.31,66.5,Normal,0,4.65,1001.0,451.54,0.582,262.8
2025-10-18 06:15:00,Saturday,True,Day,25.27,58.6,Normal,0,4.01,972.3,369.54,0.589,217.66
2025-10-18 06:30:00,Saturday,True,Day,24.12,53.6,Normal,0,3.8,961.9,371.6,0.581,215.9
2025-10-18 06:45:00,Saturday,True,Day,25.5,52.5,Normal,0,3.92,947.4,370.69,0.57,211.29
2025-10-18 07:00:00,Saturday,True,Day,25.72,57.0,Normal,0,4.23,962.2,405.96,0.584,237.08
2025-10-18 07:15:00,Saturday,True,Day,25.0,64.6,Normal,0,4.38,988.8,428.14,0.586,250.89
2025-10-18 07:30:00,Saturday,True,Day,23.18,55.5,Normal,0,4.25,948.8,367.92,0.572,210.45
2025-10-18 07:45:00,Saturday,True,Day,23.75,52.1,Normal,0,3.68,953.3,366.07,0.572,209.39
2025-10-18 08:00:00,Saturday,True,Day,24.83,50.6,Normal,0,3.58,952.7,348.33,0.557,194.02
2025-10-18 08:15:00,Saturday,True,Day,24.22,56.1,Normal,0,3.82,961.7,384.34,0.559,214.85
2025-10-18 08:30:00,Saturday,True,Day,21.86,53.0,Normal,0,3.66,954.9,350.2,0.556,194.71
2025-10-18 08:45:00,Saturday,True,Day,24.8,50.9,Normal,0,3.86,950.0,352.33,0.563,198.36
2025-10-18 09:00:00,Saturday,True,Day,23.69,43.2,Normal,0,3.31,924.4,291.18,0.557,162.19
2025-10-18 09:15:00,Saturday,True,Day,22.69,47.8,Normal,0,3.46,930.6,326.02,0.548,178.66
2025-10-18 09:30:00,Saturday,True,Day,23.88,47.9,Normal,0,3.73,940.5,328.72,0.544,178.82
2025-10-18 09:45:00,Saturday,True,Day,22.28,45.1,Normal,0,3.67,943.4,341.78,0.525,179.43
2025-10-18 10:00:00,Saturday,True,Day,21.99,44.9,Normal,0,3.69,940.4,323.03,0.557,179.93
2025-10-18 10:15:00,Saturday,True,Day,22.54,53.1,Normal,0,4.05,950.4,342.3,0.517,176.97
2025-10-18 10:30:00,Saturday,True,Day,23.38,47.6,Normal,0,3.52,937.2,326.73,0.539,176.11
2025-10-18 10:45:00,Saturday,True,Day,22.95,43.7,Normal,0,3.52,926.5,311.59,0.532,165.77
2025-10-18 11:00:00,Saturday,True,Day,21.63,52.8,Normal,0,3.98,948.2,356.17,0.526,187.35
2025-10-18 11:15:00,Saturday,True,Day,,53.7,Normal,0,3.87,956.1,352.98,0.526,185.67
2025-10-18 11:30:00,Saturday,True,Day,21.33,58.1,Normal,0,4.17,973.2,399.64,0.516,206.21
2025-10-18 11:45:00,Saturday,True,Day,19.37,60.4,Normal,0,4.06,987.0,394.53,0.527,207.92
2025-10-18 12:00:00,Saturday,True,Day,20.56,59.8,Normal,0,4.13,961.7,405.98,0.505,205.02
2025-10-18 12:15:00,Saturday,True,Day,19.13,57.4,Normal,0,4.17,966.4,378.44,0.519,196.41
2025-10-18 12:30:00,Saturday,True,Day,19.65,62.3,Normal,0,4.56,978.2,417.17,0.506,211.09
2025-10-18 12:45:00,Saturday,True,Day,18.89,68.7,Normal,0,4.8,986.6,472.14,0.507,239.37
2025-10-18 13:00:00,Saturday,True,Day,19.15,73.8,Normal,0,4.95,994.0,500.01,0.505,252.51
2025-10-18 13:15:00,Saturday,True,Day,18.53,64.6,Normal,0,4.45,980.9,433.46,0.506,219.33
2025-10-18 13:30:00,Saturday,True,Day,15.67,71.5,Normal,0,4.74,1010.6,479.04,0.511,244.79
2025-10-18 13:45:00,Saturday,True,Day,17.98,67.7,Normal,0,4.36,988.2,450.09,0.504,226.85
2025-10-18 14:00:00,Saturday,True,Evening,18.06,55.8,Normal,0,3.91,950.1,366.85,0.512,187.83
2025-10-18 14:15:00,Saturday,True,Evening,17.62,54.2,Normal,0,3.85,950.7,350.54,0.512,179.48
2025-10-18 14:30:00,Saturday,True,Evening,16.92,58.8,Normal,0,4.26,953.8,402.42,0.504,202.82
2025-10-18 14:45:00,Saturday,True,Evening,18.06,61.1,Normal,0,4.42,969.7,428.23,0.507,217.11
2025-10-18 15:00:00,Saturday,True,Evening,16.76,58.4,Normal,0,4.27,967.3,401.96,0.52,209.02
2025-10-18 15:15:00,Saturday,True,Evening,16.63,62.5,Normal,0,4.52,966.4,424.45,0.486,206.28
2025-10-18 15:30:00,Saturday,True,Evening,16.91,62.0,Normal,0,4.33,944.9,402.01,0.511,205.43
2025-10-18 15:45:00,Saturday,True,Evening,16.18,57.2,Normal,0,3.96,960.6,392.4,0.516,202.48
2025-10-18 16:00:00,Saturday,True,Evening,15.0,52.2,Normal,0,3.87,940.9,360.21,0.505,181.91
2025-10-18 16:15:00,Saturday,True,Evening,13.61,54.6,Normal,0,3.88,943.8,375.29,0.52,195.15
2025-10-18 16:30:00,Saturday,True,Evening,15.04,53.6,Normal,0,4.04,942.4,375.82,0.52,195.43
2025-10-18 16:45:00,Saturday,True,Evening,15.92,45.1,Normal,0,3.49,931.1,329.98,0.5,164.99
2025-10-18 17:00:00,Saturday,True,Evening,14.93,50.9,Normal,0,3.8,938.3,336.45,0.502,168.9
2025-10-18 17:15:00,Saturday,True,Evening,15.78,48.0,Normal,0,3.78,942.5,320.84,0.512,164.27
2025-10-18 17:30:00,Saturday,True,Evening,15.21,57.9,Normal,0,4.02,966.9,390.29,0.502,195.93
2025-10-18 17:45:00,Saturday,True,Evening,16.08,48.7,Normal,0,3.86,934.8,328.64,0.537,176.48
2025-10-18 18:00:00,Saturday,True,Evening,14.81,47.9,Normal,0,3.47,929.8,315.7,0.52,164.16
2025-10-18 18:15:00,Saturday,True,Evening,15.43,44.0,Normal,0,3.54,925.8,321.78,0.514,165.39
2025-10-18 18:30:00,Saturday,True,Evening,15.49,39.0,Normal,0,3.24,911.1,270.78,0.502,135.93
2025-10-18 18:45:00,Saturday,True,Evening,16.34,37.5,Normal,0,3.31,895.2,274.32,0.521,142.92
2025-10-18 19:00:00,Saturday,True,Evening,13.85,49.8,Normal,0,3.56,953.3,322.87,0.51,164.66
2025-10-18 19:15:00,Saturday,True,Evening,14.94,50.8,Normal,0,3.58,947.1,344.49,0.532,183.27
2025-10-18 19:30:00,Saturday,True,Evening,16.1,46.1,Normal,0,3.7,926.8,333.99,0.502,167.66
2025-10-18 19:45:00,Saturday,True,Evening,16.8,35.7,Normal,0,3.04,889.8,273.69,0.544,148.89
2025-10-18 20:00:00,Saturday,True,Evening,15.91,27.2,Normal,0,2.67,881.7,230.84,0.529,122.11
2025-10-18 20:15:00,Saturday,True,Evening,15.65,26.8,Normal,0,2.57,877.2,215.93,0.519,112.07
2025-10-18 20:30:00,Saturday,True,Evening,16.68,25.9,Normal,0,2.76,880.0,228.09,0.539,122.94
2025-10-18 20:45:00,Saturday,True,Evening,16.98,27.6,Normal,0,2.75,867.7,226.54,0.543,123.01
2025-10-18 21:00:00,Saturday,True,Evening,16.22,16.8,Normal,0,2.2,853.6,168.19,0.545,91.66
2025-10-18 21:15:00,Saturday,True,Evening,17.01,20.3,Normal,0,2.17,863.5,188.6,0.563,106.18
2025-10-18 21:30:00,Saturday,True,Evening,17.94,30.2,Normal,0,2.91,890.7,245.88,0.556,136.71
2025-10-18 21:45:00,Saturday,True,Evening,18.78,42.4,Normal,0,3.27,921.5,283.89,0.563,159.83
2025-10-18 22:00:00,Saturday,True,Night,18.14,24.1,Normal,0,2.43,877.6,193.58,0.556,107.63
2025-10-18 22:15:00,Saturday,True,Night,17.87,21.5,Normal,0,2.2,882.6,189.64,0.566,107.34
2025-10-18 22:30:00,Saturday,True,Night,18.09,19.0,Normal,0,2.25,860.3,169.25,0.552,93.43
2025-10-18 22:45:00,Saturday,True,Night,18.88,22.7,Normal,0,2.62,867.0,189.32,0.571,108.1
2025-10-18 23:00:00,Saturday,True,Night,18.66,17.9,Normal,0,2.25,848.3,172.55,0.564,97.32
2025-10-18 23:15:00,Saturday,True,Night,19.22,31.0,Normal,0,2.81,891.2,248.34,0.587,145.78
2025-10-18 23:30:00,Saturday,True,Night,18.54,32.7,Normal,0,2.97,887.8,257.56,0.578,148.87
2025-10-18 23:45:00,Saturday,True,Night,20.75,33.2,Normal,0,2.99,909.7,255.18,0.586,149.54
2025-10-19 00:00:00,Sunday,True,Night,19.19,43.9,Normal,0,3.5,926.7,310.28,0.585,181.51
2025-10-19 00:15:00,Sunday,True,Night,20.08,43.7,Normal,0,3.51,935.2,329.3,0.603,198.57
2025-10-19 00:30:00,Sunday,True,Night,20.83,46.0,Normal,0,3.43,945.8,312.96,0.571,178.7
2025-10-19 00:45:00,Sunday,True,Night,22.67,41.2,Normal,0,3.38,916.6,295.84,0.588,173.95
2025-10-19 01:00:00,Sunday,True,Night,21.05,33.2,Normal,0,2.72,899.5,240.4,0.581,139.67
2025-10-19 01:15:00,Sunday,True,Night,21.17,30.7,Normal,0,2.94,906.7,227.94,0.572,130.38
2025-10-19 01:30:00,Sunday,True,Night,21.57,45.3,Normal,0,3.39,934.4,325.35,0.584,190.0
2025-10-19 01:45:00,Sunday,True,Night,23.64,48.8,Normal,0,3.89,947.5,336.84,0.608,204.8
2025-10-19 02:00:00,Sunday,True,Night,20.35,49.7,Normal,0,3.39,951.2,342.43,0.597,204.43
2025-10-19 02:15:00,Sunday,True,Night,22.07,43.1,Normal,0,3.7,935.0,306.67,0.596,182.78
2025-10-19 02:30:00,Sunday,True,Night,25.33,48.5,Normal,0,3.46,947.2,343.17,0.607,208.3
2025-10-19 02:45:00,Sunday,True,Night,23.87,39.7,Normal,0,3.11,931.9,273.25,0.601,164.22
2025-10-19 03:00:00,Sunday,True,Night,22.75,30.7,Normal,0,2.9,896.8,250.94,0.606,152.07
2025-10-19 03:15:00,Sunday,True,Night,23.82,28.8,Normal,0,2.86,897.6,240.16,0.603,144.82
2025-10-19 03:30:00,Sunday,True,Night,24.12,42.3,Normal,0,3.37,926.0,280.94,0.605,169.97
2025-10-19 03:45:00,Sunday,True,Night,24.93,53.7,Normal,0,4.08,964.8,363.32,0.595,216.18
2025-10-19 04:00:00,Sunday,True,Night,25.9,49.7,Normal,0,3.64,941.8,349.43,0.61,213.15
2025-10-19 04:15:00,Sunday,True,Night,24.89,44.9,Normal,0,3.47,921.1,328.41,0.586,192.45
2025-10-19 04:30:00,Sunday,True,Night,24.29,34.8,Normal,0,3.01,914.1,266.39,0.597,159.03
2025-10-19 04:45:00,Sunday,True,Night,25.46,36.3,Normal,0,3.05,905.4,261.54,0.608,159.02
2025-10-19 05:00:00,Sunday,True,Night,24.37,38.1,Normal,0,2.92,908.2,261.33,0.594,155.23
2025-10-19 05:15:00,Sunday,True,Night,24.18,43.4,Normal,0,3.46,940.4,312.26,0.589,183.92
2025-10-19 05:30:00,Sunday,True,Night,23.65,48.8,Normal,0,3.7,951.1,332.5,0.615,204.49
2025-10-19 05:45:00,Sunday,True,Night,23.84,46.9,Normal,0,3.79,936.0,324.4,0.604,195.94
2025-10-19 06:00:00,Sunday,True,Day,24.38,63.8,Normal,0,4.21,957.0,420.33,0.59,247.99
2025-10-19 06:15:00,Sunday,True,Day,24.14,58.8,Normal,0,4.08,973.0,403.84,0.576,232.61
2025-10-19 06:30:00,Sunday,True,Day,25.31,61.8,Normal,0,4.49,982.4,436.98,0.563,246.02
2025-10-19 06:45:00,Sunday,True,Day,24.04,58.2,Normal,0,4.19,971.3,404.03,0.588,237.57
2025-10-19 07:00:00,Sunday,True,Day,22.41,60.8,Normal,0,4.35,976.1,410.69,0.591,242.72
2025-10-19 07:15:00,Sunday,True,Day,24.0,62.6,Normal,0,4.42,976.6,412.47,0.58,239.23
2025-10-19 07:30:00,Sunday,True,Day,24.34,62.3,Normal,0,4.4,974.3,425.99,0.556,236.85
2025-10-19 07:45:00,Sunday,True,Day,24.1,66.5,Normal,0,4.8,979.1,466.37,0.572,266.76
2025-10-19 08:00:00,Sunday,True,Day,25.64,55.9,Normal,0,4.06,957.1,388.57,0.562,218.38
2025-10-19 08:15:00,Sunday,True,Day,23.76,49.6,Normal,0,3.6,948.0,340.6,0.566,192.78
2025-10-19 08:30:00,Sunday,True,Day,24.77,48.9,Normal,0,3.82,947.2,334.19,0.58,193.83
2025-10-19 08:45:00,Sunday,True,Day,23.84,41.2,Normal,0,3.28,930.8,296.22,0.565,167.36
2025-10-19 09:00:00,Sunday,True,Day,23.6,40.7,Normal,0,3.32,911.8,301.31,0.56,168.73
2025-10-19 09:15:00,Sunday,True,Day,22.73,40.4,Normal,0,3.38,908.3,291.57,0.551,160.66
2025-10-19 09:30:00,Sunday,True,Day,23.09,50.2,Normal,0,3.66,943.3,341.07,0.552,188.27
2025-10-19 09:45:00,Sunday,True,Day,22.26,51.9,Normal,0,3.78,941.8,345.51,0.537,185.54
2025-10-19 10:00:00,Sunday,True,Day,22.73,58.7,Normal,0,4.24,968.8,422.94,0.547,231.35
2025-10-19 10:15:00,Sunday,True,Day,22.12,60.3,Normal,0,4.16,960.4,394.38,0.536,211.39
2025-10-19 10:30:00,Sunday,True,Day,21.26,56.7,Normal,0,4.23,970.6,376.9,0.527,198.63
2025-10-19 10:45:00,Sunday,True,Day,22.5,57.5,Normal,0,3.97,957.6,386.75,0.54,208.85
2025-10-19 11:00:00,Sunday,True,Day,21.73,61.8,Normal,0,4.16,987.0,411.32,0.506,208.13
2025-10-19 11:15:00,Sunday,True,Day,20.71,68.4,Normal,0,4.9,994.2,473.54,0.52,246.24
2025-10-19 11:30:00,Sunday,True,Day,20.87,66.3,Normal,0,4.29,976.4,449.79,0.529,237.94
2025-10-19 11:45:00,Sunday,True,Day,20.36,55.3,Normal,0,4.01,973.7,363.79,0.533,193.9
2025-10-19 12:00:00,Sunday,True,Day,19.4,45.2,Normal,0,3.83,933.0,313.29,0.523,163.85
2025-10-19 12:15:00,Sunday,True,Day,19.83,44.6,Normal,0,3.52,931.1,303.62,0.509,154.54
2025-10-19 12:30:00,Sunday,True,Day,18.95,32.1,Normal,0,3.13,897.3,256.9,0.513,131.79
2025-10-19 12:45:00,Sunday,True,Day,18.37,45.8,Normal,0,3.67,935.3,325.2,0.514,167.15
2025-10-19 13:00:00,Sunday,True,Day,17.51,50.8,Normal,0,3.81,947.6,344.33,0.525,180.77
2025-10-19 13:15:00,Sunday,True,Day,18.2,47.7,Normal,0,3.65,929.3,331.08,0.516,170.84
2025-10-19 13:30:00,Sunday,True,Day,18.64,42.2,Normal,0,3.09,921.1,281.74,0.515,145.1
2025-10-19 13:45:00,Sunday,True,Day,17.33,50.1,Normal,0,3.73,942.4,335.39,0.505,169.37
2025-10-19 14:00:00,Sunday,True,Evening,19.61,38.3,Normal,0,3.26,918.5,265.81,0.492,130.78
2025-10-19 14:15:00,Sunday,True,Evening,18.03,33.7,Normal,0,3.04,905.9,306.95,0.488,149.79
2025-10-19 14:30:00,Sunday,True,Evening,18.1,31.2,Normal,0,3.25,896.2,248.95,0.498,123.98
2025-10-19 14:45:00,Sunday,True,Evening,17.44,34.2,Normal,0,3.07,897.4,246.66,0.508,125.3
2025-10-19 15:00:00,Sunday,True,Evening,18.04,40.0,Normal,0,3.4,912.0,292.37,0.495,144.72
2025-10-19 15:15:00,Sunday,True,Evening,15.71,48.4,Normal,0,3.87,926.4,346.52,0.506,175.34
2025-10-19 15:30:00,Sunday,True,Evening,14.08,55.0,Normal,0,4.08,955.9,363.96,0.492,179.07
2025-10-19 15:45:00,Sunday,True,Evening,15.58,54.5,Normal,0,3.97,946.2,365.74,0.494,180.68
2025-10-19 16:00:00,Sunday,True,Evening,16.21,60.2,Normal,0,4.23,964.3,409.47,0.515,210.88
2025-10-19 16:15:00,Sunday,True,Evening,15.73,55.1,Normal,0,3.95,954.6,372.26,0.509,189.48
2025-10-19 16:30:00,Sunday,True,Evening,15.7,43.7,Normal,0,3.55,924.2,294.55,0.499,146.98
2025-10-19 16:45:00,Sunday,True,Evening,16.42,40.5,Normal,0,3.3,916.7,284.51,0.495,140.83
2025-10-19 17:00:00,Sunday,True,Evening,15.57,37.0,Normal,0,3.26,900.1,267.07,0.514,137.27
2025-10-19 17:15:00,Sunday,True,Evening,15.83,34.8,Normal,0,2.9,904.2,254.75,0.515,131.2
2025-10-19 17:30:00,Sunday,True,Evening,14.39,31.0,Normal,0,2.89,888.9,238.4,0.514,122.54
2025-10-19 17:45:00,Sunday,True,Evening,14.23,30.7,Normal,0,3.09,889.8,257.82,0.508,130.97
2025-10-19 18:00:00,Sunday,True,Evening,16.39,36.8,Normal,0,3.12,916.8,267.69,0.501,134.11
2025-10-19 18:15:00,Sunday,True,Evening,15.19,48.8,Normal,0,3.99,940.6,323.96,0.514,166.52
2025-10-19 18:30:00,Sunday,True,Evening,14.64,38.7,Normal,0,3.27,906.3,280.64,0.53,148.74
2025-10-19 18:45:00,Sunday,True,Evening,14.7,32.5,Normal,0,2.94,894.2,264.47,0.51,134.88
2025-10-19 19:00:00,Sunday,True,Evening,14.75,29.9,Normal,0,2.84,901.7,233.79,0.522,122.04
2025-10-19 19:15:00,Sunday,True,Evening,14.8,37.1,Normal,0,3.12,904.5,265.68,0.54,143.47
2025-10-19 19:30:00,Sunday,True,Evening,14.45,37.5,Normal,0,2.89,908.0,264.85,0.524,138.78
2025-10-19 19:45:00,Sunday,True,Evening,14.41,34.8,Normal,0,3.19,906.2,267.68,0.529,141.6
2025-10-19 20:00:00,Sunday,True,Evening,15.61,41.0,Normal,0,3.68,919.1,295.06,0.519,153.14
2025-10-19 20:15:00,Sunday,True,Evening,15.47,48.0,Normal,0,3.75,931.8,317.18,0.542,171.91
2025-10-19 20:30:00,Sunday,True,Evening,17.02,48.2,Normal,0,3.77,930.6,326.82,0.532,173.87
2025-10-19 20:45:00,Sunday,True,Evening,16.57,43.7,Normal,0,3.45,924.8,305.87,0.527,161.19
2025-10-19 21:00:00,Sunday,True,Evening,16.77,46.2,Normal,0,3.77,936.6,330.02,0.536,176.89
2025-10-19 21:15:00,Sunday,True,Evening,16.21,45.3,Normal,0,3.55,939.2,310.94,0.551,171.33
2025-10-19 21:30:00,Sunday,True,Evening,16.96,44.6,Normal,0,3.56,915.7,308.9,0.536,165.57
2025-10-19 21:45:00,Sunday,True,Evening,17.61,42.3,Normal,0,3.18,936.3,296.74,0.542,160.83
2025-10-19 22:00:00,Sunday,True,Night,18.17,40.9,Normal,0,3.27,916.9,282.38,0.564,159.26
2025-10-19 22:15:00,Sunday,True,Night,17.81,42.6,Normal,0,3.48,930.5,301.65,0.561,169.23
2025-10-19 22:30:00,Sunday,True,Night,19.05,48.9,Normal,0,3.86,934.0,343.42,0.556,190.94
2025-10-19 22:45:00,Sunday,True,Night,18.5,56.2,Normal,0,4.2,944.8,369.72,0.565,208.89
2025-10-19 23:00:00,Sunday,True,Night,19.44,57.4,Normal,0,3.88,950.9,385.5,0.589,227.06
2025-10-19 23:15:00,Sunday,True,Night,18.73,52.6,Normal,0,3.67,946.2,343.28,0.587,201.51
2025-10-19 23:30:00,Sunday,True,Night,18.0,57.7,Normal,0,4.21,965.2,380.36,0.576,219.09
2025-10-19 23:45:00,Sunday,True,Night,19.99,58.7,Normal,0,4.06,965.4,386.91,0.588,227.5
2025-10-20 00:00:00,Monday,False,Night,20.75,97.5,Normal,0,6.03,1060.7,702.49,0.583,409.55
2025-10-20 00:15:00,Monday,False,Night,20.96,95.8,Normal,0,5.57,1067.6,652.3,0.567,369.85
2025-10-20 00:30:00,Monday,False,Night,21.16,96.6,Normal,0,5.84,1060.8,674.6,0.567,382.5
2025-10-20 00:45:00,Monday,False,Night,20.87,94.9,Normal,0,5.77,1058.6,665.96,0.58,386.26
2025-10-20 01:00:00,Monday,False,Night,20.82,91.1,Normal,0,5.69,1071.7,652.07,0.575,374.94
2025-10-20 01:15:00,Monday,False,Night,22.22,86.8,Normal,0,5.27,1037.1,621.54,0.596,370.44
2025-10-20 01:30:00,Monday,False,Night,22.43,86.3,Normal,0,5.11,1030.5,591.23,0.589,348.23
2025-10-20 01:45:00,Monday,False,Night,21.94,87.2,Normal,0,5.47,1041.8,614.0,0.6,368.4
2025-10-20 02:00:00,Monday,False,Night,23.56,91.8,Normal,0,5.72,1056.6,643.42,0.601,386.7
2025-10-20 02:15:00,Monday,False,Night,22.24,90.8,Normal,0,5.75,1049.6,636.72,0.605,385.22
2025-10-20 02:30:00,Monday,False,Night,22.75,85.3,Normal,0,5.31,1035.1,595.77,0.59,351.5
2025-10-20 02:45:00,Monday,False,Night,24.78,81.3,Normal,0,5.3,1037.3,552.12,0.605,334.03
2025-10-20 03:00:00,Monday,False,Night,24.4,71.8,Normal,0,4.84,1012.3,500.52,0.59,295.31
2025-10-20 03:15:00,Monday,False,Night,23.65,81.3,Normal,0,5.38,1023.6,572.83,0.607,347.71
2025-10-20 03:30:00,Monday,False,Night,24.37,76.4,Normal,0,4.96,1007.7,521.15,0.612,318.94
2025-10-20 03:45:00,Monday,False,Night,24.45,81.2,Normal,0,4.92,1028.4,564.38,0.607,342.58
2025-10-20 04:00:00,Monday,False,Night,22.31,81.3,Normal,0,5.17,1018.3,546.83,0.597,326.46
2025-10-20 04:15:00,Monday,False,Night,23.93,81.5,Normal,0,5.21,1032.4,568.14,0.604,343.16
2025-10-20 04:30:00,Monday,False,Night,24.75,79.2,Normal,0,5.17,,565.09,0.582,328.88
2025-10-20 04:45:00,Monday,False,Night,24.62,73.1,Normal,0,4.59,1026.2,502.95,0.579,291.21
2025-10-20 05:00:00,Monday,False,Night,25.2,66.7,Normal,0,4.49,1001.1,455.22,0.6,273.13
2025-10-20 05:15:00,Monday,False,Night,25.98,77.2,Normal,0,5.13,1007.6,523.33,0.607,317.66
2025-10-20 05:30:00,Monday,False,Night,24.87,76.8,Normal,0,4.97,1010.1,536.41,0.58,311.12
2025-10-20 05:45:00,Monday,False,Night,24.32,82.5,Normal,0,5.19,1012.8,580.76,0.59,342.65
2025-10-20 06:00:00,Monday,False,Day,25.43,100.0,Normal,0,6.29,1055.6,709.91,0.593,420.98
2025-10-20 06:15:00,Monday,False,Day,24.9,98.1,Normal,0,5.76,1068.5,684.1,0.58,396.78
2025-10-20 06:30:00,Monday,False,Day,25.01,98.7,Normal,0,6.13,1059.6,679.54,0.58,394.13
2025-10-20 06:45:00,Monday,False,Day,24.84,97.0,Normal,0,6.02,1077.9,687.83,0.587,403.76
2025-10-20 07:00:00,Monday,False,Day,26.8,88.2,Normal,0,5.45,1053.6,608.76,0.58,353.08
2025-10-20 07:15:00,Monday,False,Day,23.11,86.4,Normal,0,5.4,1034.7,595.33,0.577,343.51
2025-10-20 07:30:00,Monday,False,Day,24.48,89.4,Normal,0,5.53,1042.9,640.21,0.563,360.44
2025-10-20 07:45:00,Monday,False,Day,24.65,85.5,Normal,0,5.4,1047.8,578.93,0.57,329.99
2025-10-20 08:00:00,Monday,False,Day,23.88,83.1,Normal,0,5.17,1043.0,560.61,0.563,315.62
2025-10-20 08:15:00,Monday,False,Day,25.05,81.9,Normal,0,5.15,1019.7,569.9,0.56,319.14
2025-10-20 08:30:00,Monday,False,Day,24.79,94.6,Normal,0,5.71,1050.2,658.58,0.555,365.51
2025-10-20 08:45:00,Monday,False,Day,23.89,82.1,Normal,0,5.17,1024.4,564.37,0.557,314.35
2025-10-20 09:00:00,Monday,False,Day,23.49,85.1,Normal,0,5.3,1037.4,594.5,0.546,324.6
2025-10-20 09:15:00,Monday,False,Day,23.38,83.2,Normal,0,4.93,1025.0,574.71,0.551,316.67
2025-10-20 09:30:00,Monday,False,Day,23.13,79.2,Normal,0,5.11,1022.5,540.76,0.544,294.17
2025-10-20 09:45:00,Monday,False,Day,22.89,77.9,Normal,0,4.95,1031.1,534.52,0.535,285.97
2025-10-20 10:00:00,Monday,False,Day,22.52,82.4,Normal,0,4.95,1015.2,567.23,0.522,296.09
2025-10-20 10:15:00,Monday,False,Day,22.59,86.7,Normal,0,5.37,1033.7,604.62,0.547,330.73
2025-10-20 10:30:00,Monday,False,Day,22.69,87.2,Normal,0,5.39,1027.5,610.86,0.542,331.09
2025-10-20 10:45:00,Monday,False,Day,20.8,93.2,Normal,0,5.9,1045.3,650.21,0.524,340.71
2025-10-20 11:00:00,Monday,False,Day,20.63,99.4,Normal,0,5.89,1065.0,703.3,0.536,376.97
2025-10-20 11:15:00,Monday,False,Day,19.75,100.0,Normal,0,6.1,1062.4,717.1,0.516,370.02
2025-10-20 11:30:00,Monday,False,Day,21.52,96.5,Normal,0,6.06,1065.0,683.32,0.52,355.33
2025-10-20 11:45:00,Monday,False,Day,20.7,97.8,Normal,0,5.81,1064.7,686.23,0.515,353.41
2025-10-20 12:00:00,Monday,False,Day,20.58,98.9,Normal,0,5.95,1068.5,695.35,0.515,358.11
2025-10-20 12:15:00,Monday,False,Day,18.7,91.9,Normal,0,5.91,1044.7,641.33,0.522,334.77
2025-10-20 12:30:00,Monday,False,Day,20.95,96.8,Normal,0,5.9,1059.4,672.2,0.509,342.15
2025-10-20 12:45:00,Monday,False,Day,18.71,69.3,Normal,0,4.71,987.8,479.46,0.508,243.57
2025-10-20 13:00:00,Monday,False,Day,19.01,71.2,Normal,0,4.67,993.6,497.5,0.516,256.71
2025-10-20 13:15:00,Monday,False,Day,19.25,74.3,Normal,0,4.98,1006.9,508.73,0.508,258.43
2025-10-20 13:30:00,Monday,False,Day,17.47,68.1,Normal,0,4.59,971.2,471.45,0.5,235.72
2025-10-20 13:45:00,Monday,False,Day,17.52,76.1,Normal,0,4.68,1009.0,521.11,0.507,264.2
2025-10-20 14:00:00,Monday,False,Evening,17.82,71.7,Normal,0,4.7,989.0,513.82,0.513,263.59
2025-10-20 14:15:00,Monday,False,Evening,19.68,80.3,Normal,0,4.96,1016.2,561.24,0.513,287.92
2025-10-20 14:30:00,Monday,False,Evening,17.37,82.0,Normal,0,5.23,1008.8,575.84,0.488,281.01
2025-10-20 14:45:00,Monday,False,Evening,18.16,74.9,Normal,0,4.76,1001.3,525.94,0.488,256.66
2025-10-20 15:00:00,Monday,False,Evening,17.6,77.8,Normal,0,5.1,1013.2,535.64,0.51,273.18
2025-10-20 15:15:00,Monday,False,Evening,16.71,81.6,Normal,0,5.2,1023.4,580.69,0.497,288.6
2025-10-20 15:30:00,Monday,False,Evening,15.41,77.6,Normal,0,4.83,999.2,535.51,0.478,255.97
2025-10-20 15:45:00,Monday,False,Evening,16.86,68.8,Normal,0,4.55,991.2,476.57,0.493,234.95
2025-10-20 16:00:00,Monday,False,Evening,14.64,70.3,Normal,0,4.79,999.0,478.3,0.496,237.24
2025-10-20 16:15:00,Monday,False,Evening,16.97,64.9,Normal,0,4.63,974.3,451.47,0.498,224.83
2025-10-20 16:30:00,Monday,False,Evening,15.71,73.0,Normal,0,4.68,997.5,486.22,0.51,247.97
2025-10-20 16:45:00,Monday,False,Evening,13.32,70.9,Normal,0,4.56,973.8,485.23,0.494,239.7
2025-10-20 17:00:00,Monday,False,Evening,15.07,81.9,Normal,0,5.5,1012.0,567.5,0.514,291.7
2025-10-20 17:15:00,Monday,False,Evening,15.79,68.4,Normal,0,4.61,988.2,471.62,0.509,240.05
2025-10-20 17:30:00,Monday,False,Evening,15.03,70.1,Normal,0,4.7,997.3,473.69,0.495,234.48
2025-10-20 17:45:00,Monday,False,Evening,15.76,79.4,Normal,0,4.99,1008.7,555.49,0.507,281.63
2025-10-20 18:00:00,Monday,False,Evening,14.49,73.7,Normal,0,4.88,1019.6,519.25,0.517,268.45
2025-10-20 18:15:00,Monday,False,Evening,14.14,73.0,Normal,0,5.07,998.7,527.89,0.514,271.34
2025-10-20 18:30:00,Monday,False,Evening,15.16,70.9,Normal,0,4.76,981.6,508.55,0.52,264.45
2025-10-20 18:45:00,Monday,False,Evening,15.29,67.4,Normal,0,4.73,993.4,474.15,0.513,243.24
2025-10-20 19:00:00,Monday,False,Evening,15.06,69.9,Normal,0,4.68,979.2,494.84,0.527,260.78
2025-10-20 19:15:00,Monday,False,Evening,16.42,62.9,Normal,0,4.21,975.4,439.81,0.52,228.7
2025-10-20 19:30:00,Monday,False,Evening,14.87,63.8,Normal,0,4.3,966.4,438.67,0.552,242.15
2025-10-20 19:45:00,Monday,False,Evening,15.94,68.4,Normal,0,4.44,975.3,468.73,0.517,242.33
2025-10-20 20:00:00,Monday,False,Evening,15.9,68.0,Normal,0,4.63,992.8,480.48,0.56,269.07
2025-10-20 20:15:00,Monday,False,Evening,14.77,62.9,Normal,0,4.55,969.4,483.71,0.527,254.92
2025-10-20 20:30:00,Monday,False,Evening,15.15,70.7,Normal,0,4.74,1005.1,503.98,0.552,278.2
2025-10-20 20:45:00,Monday,False,Evening,16.42,75.7,Normal,0,4.89,996.6,525.9,0.551,289.77
2025-10-20 21:00:00,Monday,False,Evening,18.22,69.5,Normal,0,4.54,978.2,484.58,0.537,260.22
2025-10-20 21:15:00,Monday,False,Evening,17.34,62.5,Normal,0,4.4,968.7,442.68,0.555,245.69
2025-10-20 21:30:00,Monday,False,Evening,15.75,58.4,Normal,0,3.97,984.1,408.96,0.547,223.7
2025-10-20 21:45:00,Monday,False,Evening,14.91,63.8,Normal,0,4.23,980.5,450.37,0.558,251.31
2025-10-20 22:00:00,Monday,False,Night,18.26,58.9,Normal,0,4.32,968.7,415.96,0.56,232.94
2025-10-20 22:15:00,Monday,False,Night,17.88,64.7,Normal,0,4.4,983.1,440.85,0.558,245.99
2025-10-20 22:30:00,Monday,False,Night,19.17,63.2,Normal,0,4.33,971.9,445.5,0.561,249.93
2025-10-20 22:45:00,Monday,False,Night,17.86,58.2,Normal,0,4.12,984.0,417.67,0.572,238.91
2025-10-20 23:00:00,Monday,False,Night,19.16,64.9,Normal,0,4.56,983.6,453.51,0.562,254.87
2025-10-20 23:15:00,Monday,False,Night,19.87,62.0,Normal,0,4.35,976.2,438.06,0.565,247.5
2025-10-20 23:30:00,Monday,False,Night,19.16,63.8,Normal,0,4.29,985.1,453.87,0.586,265.97
2025-10-20 23:45:00,Monday,False,Night,19.51,55.0,Normal,0,3.9,945.3,387.66,0.584,226.39
2025-10-21 00:00:00,Tuesday,False,Night,20.29,53.1,Normal,0,3.89,944.3,373.99,0.569,212.8
2025-10-21 00:15:00,Tuesday,False,Night,21.03,61.0,Normal,0,4.32,969.8,421.51,0.575,242.37
2025-10-21 00:30:00,Tuesday,False,Night,20.91,57.5,Normal,0,4.11,970.8,404.14,0.566,228.74
2025-10-21 00:45:00,Tuesday,False,Night,22.02,63.7,Normal,0,4.38,968.9,459.39,0.598,274.72
2025-10-21 01:00:00,Tuesday,False,Night,21.19,50.2,Normal,0,3.79,944.3,360.54,0.598,215.6
2025-10-21 01:15:00,Tuesday,False,Night,20.81,49.0,Normal,0,3.72,939.9,358.77,0.582,208.8
2025-10-21 01:30:00,Tuesday,False,Night,23.76,50.2,Normal,0,3.66,934.3,356.14,0.601,214.04
2025-10-21 01:45:00,Tuesday,False,Night,22.0,62.8,Normal,0,4.52,972.9,437.93,0.616,269.76
2025-10-21 02:00:00,Tuesday,False,Night,22.31,56.4,Maintenance,1,3.99,884.6,240.82,0.582,140.16
2025-10-21 02:15:00,Tuesday,False,Night,22.99,61.8,Maintenance,1,4.33,875.4,270.71,0.592,160.26
2025-10-21 02:30:00,Tuesday,False,Night,23.37,68.9,Maintenance,1,4.32,867.9,294.86,0.583,171.9
2025-10-21 02:45:00,Tuesday,False,Night,23.26,64.5,Maintenance,1,4.4,873.8,285.94,0.609,174.14
2025-10-21 03:00:00,Tuesday,False,Night,23.79,62.7,Maintenance,1,4.19,854.8,255.14,0.599,152.83
2025-10-21 03:15:00,Tuesday,False,Night,24.0,64.2,Maintenance,1,4.27,849.2,266.42,0.596,158.79
2025-10-21 03:30:00,Tuesday,False,Night,24.37,55.7,Maintenance,1,4.4,853.2,252.11,0.602,151.77
2025-10-21 03:45:00,Tuesday,False,Night,22.54,54.5,Maintenance,1,4.02,838.7,241.32,0.594,143.34
2025-10-21 04:00:00,Tuesday,False,Night,26.1,63.8,Maintenance,1,4.59,866.7,308.56,0.595,183.59
2025-10-21 04:15:00,Tuesday,False,Night,24.63,67.4,Maintenance,1,4.69,854.9,301.2,0.601,181.02
2025-10-21 04:30:00,Tuesday,False,Night,25.35,66.5,Maintenance,1,4.67,885.2,450.65,0.592,266.78
2025-10-21 04:45:00,Tuesday,False,Night,23.9,67.4,Maintenance,1,4.54,845.7,292.13,0.592,172.94
2025-10-21 05:00:00,Tuesday,False,Night,24.72,70.9,Maintenance,1,4.96,886.6,352.29,0.594,209.26
2025-10-21 05:15:00,Tuesday,False,Night,24.63,75.2,Maintenance,1,5.04,881.9,291.7,0.595,173.56
2025-10-21 05:30:00,Tuesday,False,Night,26.4,71.0,Maintenance,1,4.73,903.0,326.04,0.598,194.97
2025-10-21 05:45:00,Tuesday,False,Night,24.79,79.9,Maintenance,1,5.16,914.7,343.8,0.596,204.9
2025-10-21 06:00:00,Tuesday,False,Day,25.87,100.0,Normal,0,5.98,1060.9,713.45,0.573,408.81
2025-10-21 06:15:00,Tuesday,False,Day,24.74,100.0,Normal,0,6.01,1057.3,688.92,0.6,413.35
2025-10-21 06:30:00,Tuesday,False,Day,24.86,94.7,Normal,0,5.76,1054.3,667.12,0.584,389.6
2025-10-21 06:45:00,Tuesday,False,Day,24.98,87.1,Normal,0,5.5,1062.5,605.88,0.578,350.2
2025-10-21 07:00:00,Tuesday,False,Day,26.12,84.5,Normal,0,5.59,1040.7,591.51,0.57,337.16
2025-10-21 07:15:00,Tuesday,False,Day,23.49,84.6,Normal,0,5.15,1043.8,579.68,0.596,345.49
2025-10-21 07:30:00,Tuesday,False,Day,23.83,73.6,Normal,0,5.01,1010.3,504.81,0.597,301.37
2025-10-21 07:45:00,Tuesday,False,Day,23.19,77.6,Normal,0,4.97,1016.6,532.95,0.589,313.91
2025-10-21 08:00:00,Tuesday,False,Day,23.73,85.9,Normal,0,5.58,1043.3,608.1,0.568,345.4
2025-10-21 08:15:00,Tuesday,False,Day,23.78,88.9,Normal,0,5.47,1038.6,616.43,0.567,349.52
2025-10-21 08:30:00,Tuesday,False,Day,22.94,84.0,Normal,0,5.36,1034.5,589.88,0.576,339.77
2025-10-21 08:45:00,Tuesday,False,Day,23.44,79.0,Normal,0,5.06,1028.1,546.41,0.555,303.26
2025-10-21 09:00:00,Tuesday,False,Day,22.19,81.1,Normal,0,4.92,1028.5,565.31,0.56,316.57
2025-10-21 09:15:00,Tuesday,False,Day,22.75,80.3,Normal,0,5.4,1031.3,567.29,0.553,313.71
2025-10-21 09:30:00,Tuesday,False,Day,24.27,83.2,Normal,0,5.13,1031.3,570.85,0.567,323.67
2025-10-21 09:45:00,Tuesday,False,Day,23.37,86.7,Normal,0,5.43,1051.4,595.91,0.559,333.11
2025-10-21 10:00:00,Tuesday,False,Day,22.92,92.6,Normal,0,5.52,1050.6,655.17,0.54,353.79
2025-10-21 10:15:00,Tuesday,False,Day,21.68,84.6,Normal,0,5.13,1048.2,578.28,0.553,319.79
2025-10-21 10:30:00,Tuesday,False,Day,20.95,85.6,Normal,0,5.34,1037.7,600.71,0.535,321.38
2025-10-21 10:45:00,Tuesday,False,Day,20.96,83.0,Normal,0,5.17,1023.6,575.42,0.526,302.67
2025-10-21 11:00:00,Tuesday,False,Day,21.53,82.3,Normal,0,5.05,1015.9,563.33,0.526,296.31
2025-10-21 11:15:00,Tuesday,False,Day,21.94,87.4,Normal,0,5.45,1032.0,613.05,0.527,323.08
2025-10-21 11:30:00,Tuesday,False,Day,21.64,92.6,Normal,0,5.46,1043.5,657.64,0.515,338.68
2025-10-21 11:45:00,Tuesday,False,Day,21.1,99.7,Normal,0,6.01,1067.8,710.56,0.515,365.94
2025-10-21 12:00:00,Tuesday,False,Day,19.68,100.0,Normal,0,5.98,1058.0,706.37,0.503,355.3
2025-10-21 12:15:00,Tuesday,False,Day,19.96,97.3,Normal,0,5.51,1072.0,695.22,0.507,352.48
2025-10-21 12:30:00,Tuesday,False,Day,19.36,94.0,Normal,0,5.66,1053.8,641.03,0.515,330.13
2025-10-21 12:45:00,Tuesday,False,Day,19.13,82.1,Normal,0,5.29,1023.5,560.53,0.521,292.04
2025-10-21 13:00:00,Tuesday,False,Day,20.6,90.1,Normal,0,5.41,1034.8,621.18,0.518,321.77
2025-10-21 13:15:00,Tuesday,False,Day,17.25,87.2,Normal,0,5.52,1028.0,622.6,0.512,318.77
2025-10-21 13:30:00,Tuesday,False,Day,18.17,89.6,Normal,0,5.61,1023.2,634.64,0.49,310.97
2025-10-21 13:45:00,Tuesday,False,Day,19.03,92.8,Normal,0,5.54,1062.6,631.11,0.496,313.03
2025-10-21 14:00:00,Tuesday,False,Evening,16.6,78.0,Normal,0,5.04,999.3,535.75,0.501,268.41
2025-10-21 14:15:00,Tuesday,False,Evening,16.98,72.2,Normal,0,4.9,985.7,489.02,0.512,250.38
2025-10-21 14:30:00,Tuesday,False,Evening,16.8,100.0,Normal,0,5.87,1077.1,704.22,0.496,349.29
2025-10-21 14:45:00,Tuesday,False,Evening,16.79,83.0,Normal,0,5.23,1026.4,585.43,0.488,285.69
2025-10-21 15:00:00,Tuesday,False,Evening,15.46,78.7,Normal,0,5.24,1012.5,558.76,0.515,287.76
2025-10-21 15:15:00,Tuesday,False,Evening,16.98,77.6,Normal,0,4.89,1012.7,538.75,0.493,265.6
2025-10-21 15:30:00,Tuesday,False,Evening,16.83,5.77447850224111,Stopped,0,1.64,656.3,40.37,0.489,19.74
2025-10-21 15:45:00,Tuesday,False,Evening,16.52,88.6,Normal,0,5.34,1037.9,614.06,0.503,308.87
2025-10-21 16:00:00,Tuesday,False,Evening,15.24,78.3,Normal,0,5.03,998.0,548.47,0.5,274.24
2025-10-21 16:15:00,Tuesday,False,Evening,15.85,87.8,Normal,0,5.54,1040.4,637.1,0.496,316.0
2025-10-21 16:30:00,Tuesday,False,Evening,14.93,92.2,Normal,0,5.3,1048.2,626.94,0.502,314.72
2025-10-21 16:45:00,Tuesday,False,Evening,15.27,89.3,Normal,0,5.46,1047.2,638.36,0.494,315.35
2025-10-21 17:00:00,Tuesday,False,Evening,17.16,80.6,Normal,0,5.22,1007.6,562.29,0.5,281.14
2025-10-21 17:15:00,Tuesday,False,Evening,15.44,86.4,Normal,0,5.44,1024.9,609.78,0.506,308.55
2025-10-21 17:30:00,Tuesday,False,Evening,14.36,88.0,Normal,0,5.4,1037.0,613.98,0.488,299.62
2025-10-21 17:45:00,Tuesday,False,Evening,15.42,77.8,Normal,0,4.86,1001.7,549.9,0.519,285.4
2025-10-21 18:00:00,Tuesday,False,Evening,14.19,76.2,Normal,0,5.05,985.4,607.84,0.498,302.7
2025-10-21 18:15:00,Tuesday,False,Evening,14.32,94.9,Normal,0,5.73,1052.7,658.54,0.505,332.56
2025-10-21 18:30:00,Tuesday,False,Evening,14.48,92.7,Normal,0,5.77,1052.9,655.47,0.526,344.78
2025-10-21 18:45:00,Tuesday,False,Evening,15.01,86.3,Normal,0,5.46,1029.1,612.9,0.524,321.16
2025-10-21 19:00:00,Tuesday,False,Evening,16.19,79.0,Normal,0,,1017.2,547.24,0.522,285.66
2025-10-21 19:15:00,Tuesday,False,Evening,16.0,89.3,Normal,0,5.7,1041.7,605.61,0.507,307.04
2025-10-21 19:30:00,Tuesday,False,Evening,16.07,92.8,Normal,0,5.6,1047.3,646.98,0.521,337.08
2025-10-21 19:45:00,Tuesday,False,Evening,14.9,99.2,Normal,0,6.14,1063.4,703.79,0.528,371.6
2025-10-21 20:00:00,Tuesday,False,Evening,15.5,97.9,Normal,0,6.11,1070.3,693.35,0.532,368.86
2025-10-21 20:15:00,Tuesday,False,Evening,16.33,100.0,Normal,0,6.16,1057.7,703.34,0.548,385.43
2025-10-21 20:30:00,Tuesday,False,Evening,15.8,94.5,Normal,0,5.73,1057.5,675.94,0.559,377.85
2025-10-21 20:45:00,Tuesday,False,Evening,16.29,93.2,Normal,0,6.09,1039.0,635.23,0.549,348.74
2025-10-21 21:00:00,Tuesday,False,Evening,17.09,92.9,Normal,0,5.71,1042.0,651.29,0.54,351.7
2025-10-21 21:15:00,Tuesday,False,Evening,16.69,99.2,Normal,0,6.0,1073.3,702.16,0.561,393.91
2025-10-21 21:30:00,Tuesday,False,Evening,17.4,98.3,Normal,0,5.92,1052.4,712.66,0.546,389.11
2025-10-21 21:45:00,Tuesday,False,Evening,18.76,91.9,Normal,0,5.48,1045.2,639.66,0.529,338.38
2025-10-21 22:00:00,Tuesday,False,Night,17.63,82.4,Normal,0,5.43,1041.4,581.92,0.546,317.73
2025-10-21 22:15:00,Tuesday,False,Night,19.0,70.6,Normal,0,4.62,1002.3,490.61,0.538,263.95
2025-10-21 22:30:00,Tuesday,False,Night,18.8,56.3,Normal,0,4.2,952.3,401.64,0.561,225.32
2025-10-21 22:45:00,Tuesday,False,Night,17.49,62.7,Normal,0,4.53,968.6,458.97,0.566,259.78
2025-10-21 23:00:00,Tuesday,False,Night,18.09,61.1,Normal,0,4.37,968.3,418.8,0.555,232.43
2025-10-21 23:15:00,Tuesday,False,Night,18.63,60.4,Normal,0,4.15,978.8,416.43,0.566,235.7
2025-10-21 23:30:00,Tuesday,False,Night,18.93,66.3,Normal,0,4.46,975.3,467.73,0.563,263.33
2025-10-21 23:45:00,Tuesday,False,Night,19.87,74.9,Normal,0,4.5,997.0,514.29,0.578,297.26
2025-10-22 00:00:00,Wednesday,False,Night,20.87,77.2,Normal,0,4.99,1017.8,533.05,0.574,305.97
2025-10-22 00:15:00,Wednesday,False,Night,21.71,87.7,Normal,0,5.59,1025.6,611.99,0.595,364.13
2025-10-22 00:30:00,Wednesday,False,Night,21.28,88.4,Normal,0,5.46,1033.1,624.63,0.589,367.91
2025-10-22 00:45:00,Wednesday,False,Night,21.0,87.7,Normal,0,5.38,1037.8,614.74,0.605,371.92
2025-10-22 01:00:00,Wednesday,False,Night,20.01,86.8,Normal,0,5.38,1035.1,596.75,0.586,349.7
2025-10-22 01:15:00,Wednesday,False,Night,22.05,76.8,Normal,0,5.17,1001.1,537.77,0.614,330.19
2025-10-22 01:30:00,Wednesday,False,Night,22.32,81.5,Normal,0,5.18,1026.8,565.72,0.594,336.04
2025-10-22 01:45:00,Wednesday,False,Night,22.74,65.2,Normal,0,4.75,988.0,465.09,0.591,274.87
2025-10-22 02:00:00,Wednesday,False,Night,24.57,62.0,Normal,0,4.24,971.8,429.42,0.621,266.67
2025-10-22 02:15:00,Wednesday,False,Night,24.15,62.9,Normal,0,4.4,992.3,429.88,0.58,249.33
2025-10-22 02:30:00,Wednesday,False,Night,24.05,58.8,Normal,0,4.11,971.4,420.16,0.593,249.15
2025-10-22 02:45:00,Wednesday,False,Night,22.91,57.2,Normal,0,4.41,955.7,472.91,0.583,275.71
2025-10-22 03:00:00,Wednesday,False,Night,23.51,69.5,Normal,0,4.69,1007.9,498.97,0.581,289.9
2025-10-22 03:15:00,Wednesday,False,Night,24.07,75.9,Normal,0,5.26,1007.2,518.97,0.579,300.48
2025-10-22 03:30:00,Wednesday,False,Night,23.73,70.9,Normal,0,4.66,1000.1,490.91,0.606,297.49
2025-10-22 03:45:00,Wednesday,False,Night,24.94,67.7,Normal,0,4.81,987.7,472.94,0.586,277.14
2025-10-22 04:00:00,Wednesday,False,Night,25.0,60.1,Normal,0,4.25,977.6,419.27,0.597,250.3
2025-10-22 04:15:00,Wednesday,False,Night,24.0,65.3,Normal,0,4.6,981.0,442.26,0.607,268.45
2025-10-22 04:30:00,Wednesday,False,Night,25.96,64.1,Normal,0,4.23,980.1,433.74,0.602,261.11
2025-10-22 04:45:00,Wednesday,False,Night,25.2,52.8,Normal,0,3.95,953.3,381.48,0.601,229.27
2025-10-22 05:00:00,Wednesday,False,Night,23.83,55.2,Normal,0,3.85,955.4,384.09,0.607,233.14
2025-10-22 05:15:00,Wednesday,False,Night,25.24,59.4,Normal,0,4.24,979.7,411.3,0.61,250.89
2025-10-22 05:30:00,Wednesday,False,Night,25.56,66.2,Normal,0,4.28,978.3,470.94,0.58,273.15
2025-10-22 05:45:00,Wednesday,False,Night,26.15,66.0,Normal,0,4.49,988.0,483.83,0.595,287.88
2025-10-22 06:00:00,Wednesday,False,Day,25.11,78.0,Normal,0,5.2,1018.2,543.94,0.586,318.75
2025-10-22 06:15:00,Wednesday,False,Day,26.03,90.4,Normal,0,5.67,1048.2,618.52,0.585,361.83
2025-10-22 06:30:00,Wednesday,False,Day,25.49,89.4,Normal,0,5.35,1054.0,625.66,0.569,356.0
2025-10-22 06:45:00,Wednesday,False,Day,24.23,92.8,Normal,0,5.4,1041.8,623.23,0.576,358.98
2025-10-22 07:00:00,Wednesday,False,Day,24.08,88.3,Normal,0,5.57,1047.0,604.43,0.574,346.94
2025-10-22 07:15:00,Wednesday,False,Day,26.01,91.7,Normal,0,5.88,1042.5,649.59,0.59,383.26
2025-10-22 07:30:00,Wednesday,False,Day,25.96,81.8,Normal,0,5.06,1023.6,551.82,0.561,309.57
2025-10-22 07:45:00,Wednesday,False,Day,25.12,79.0,Normal,0,5.4,1009.2,550.48,0.546,300.56
2025-10-22 08:00:00,Wednesday,False,Day,25.91,72.1,Normal,0,4.77,1000.7,485.7,0.567,275.39
2025-10-22 08:15:00,Wednesday,False,Day,25.38,69.7,Normal,0,4.37,992.3,479.5,0.551,264.2
2025-10-22 08:30:00,Wednesday,False,Day,24.9,78.7,Normal,0,4.84,1032.2,554.61,0.559,310.03
2025-10-22 08:45:00,Wednesday,False,Day,23.41,75.4,Normal,0,5.04,1011.6,519.43,0.564,292.96
2025-10-22 09:00:00,Wednesday,False,Day,25.3,80.5,Normal,0,5.17,1027.4,559.72,0.553,309.53
2025-10-22 09:15:00,Wednesday,False,Day,24.11,89.8,Normal,0,5.78,1037.3,622.55,0.547,340.53
2025-10-22 09:30:00,Wednesday,False,Day,23.12,88.7,Normal,0,5.33,1048.6,608.88,0.546,332.45
2025-10-22 09:45:00,Wednesday,False,Day,22.63,93.8,Normal,0,5.75,1068.1,650.88,0.553,359.94
2025-10-22 10:00:00,Wednesday,False,Day,23.09,95.6,Normal,0,5.81,1066.8,680.21,0.53,360.51
2025-10-22 10:15:00,Wednesday,False,Day,21.26,94.7,Normal,0,5.75,1045.7,649.34,0.545,353.89
2025-10-22 10:30:00,Wednesday,False,Day,22.86,97.7,Normal,0,5.84,1061.2,683.51,0.525,358.84
2025-10-22 10:45:00,Wednesday,False,Day,21.23,100.0,Normal,0,5.95,1070.3,709.62,0.538,381.78
2025-10-22 11:00:00,Wednesday,False,Day,21.97,100.0,Normal,0,6.03,1065.4,715.67,0.513,367.14
2025-10-22 11:15:00,Wednesday,False,Day,20.94,92.1,Normal,0,5.7,1069.7,651.46,0.531,345.93
2025-10-22 11:30:00,Wednesday,False,Day,20.82,84.8,Normal,0,5.38,1027.2,589.77,0.522,307.86
2025-10-22 11:45:00,Wednesday,False,Day,20.1,90.4,Normal,0,5.76,1044.1,629.15,0.521,327.79
2025-10-22 12:00:00,Wednesday,False,Day,20.25,96.2,Normal,0,5.66,1054.3,681.99,0.527,359.41
2025-10-22 12:15:00,Wednesday,False,Day,21.57,91.3,Normal,0,5.35,1049.8,625.18,0.507,316.97
2025-10-22 12:30:00,Wednesday,False,Day,20.84,77.3,Normal,0,5.16,1023.4,531.47,0.513,272.64
2025-10-22 12:45:00,Wednesday,False,Day,19.69,73.8,Normal,0,4.71,1003.6,523.09,0.514,268.87
2025-10-22 13:00:00,Wednesday,False,Day,19.07,78.1,Normal,0,4.99,1011.2,544.37,0.506,275.45
2025-10-22 13:15:00,Wednesday,False,Day,19.45,78.2,Normal,0,4.96,1004.9,544.28,0.514,279.76
2025-10-22 13:30:00,Wednesday,False,Day,19.37,79.7,Normal,0,5.02,1026.8,558.26,0.509,284.15
2025-10-22 13:45:00,Wednesday,False,Day,17.51,76.8,Normal,0,4.77,1007.3,527.74,0.498,262.81
2025-10-22 14:00:00,Wednesday,False,Evening,17.82,62.4,Normal,0,4.25,971.2,420.52,0.516,216.99
2025-10-22 14:15:00,Wednesday,False,Evening,16.15,79.4,Normal,0,5.2,995.1,553.66,0.508,281.26
2025-10-22 14:30:00,Wednesday,False,Evening,18.24,82.5,Normal,0,5.24,1022.2,572.95,0.493,282.46
2025-10-22 14:45:00,Wednesday,False,Evening,18.74,82.7,Normal,0,5.32,1020.9,567.13,0.492,279.03
2025-10-22 15:00:00,Wednesday,False,Evening,16.91,85.0,Normal,0,5.27,1013.8,577.82,0.498,287.75
2025-10-22 15:15:00,Wednesday,False,Evening,14.92,86.7,Normal,0,5.56,1039.0,606.33,0.504,305.59
2025-10-22 15:30:00,Wednesday,False,Evening,16.9,79.9,Normal,0,5.05,1011.4,539.22,0.478,257.75
2025-10-22 15:45:00,Wednesday,False,Evening,15.5,81.6,Normal,0,4.88,1034.0,560.57,0.492,275.8
2025-10-22 16:00:00,Wednesday,False,Evening,15.52,85.7,Normal,0,5.43,1040.4,595.53,0.495,294.79
2025-10-22 16:15:00,Wednesday,False,Evening,16.4,91.5,Normal,0,5.75,1038.5,640.28,0.487,311.82
2025-10-22 16:30:00,Wednesday,False,Evening,15.97,92.1,Normal,0,5.57,1056.4,647.67,0.492,318.65
2025-10-22 16:45:00,Wednesday,False,Evening,15.26,84.4,Normal,0,5.5,1038.5,597.25,0.505,301.61
2025-10-22 17:00:00,Wednesday,False,Evening,15.03,78.5,Normal,0,4.93,1006.2,534.59,0.5,267.3
2025-10-22 17:15:00,Wednesday,False,Evening,15.58,75.6,Normal,0,5.03,995.6,533.98,0.502,268.06
2025-10-22 17:30:00,Wednesday,False,Evening,15.1,76.8,Normal,0,5.25,989.2,533.68,0.494,263.64
2025-10-22 17:45:00,Wednesday,False,Evening,14.51,76.0,Normal,0,4.96,1007.1,544.85,0.508,276.78
2025-10-22 18:00:00,Wednesday,False,Evening,15.12,69.2,Normal,0,4.61,979.7,473.57,0.497,235.36
2025-10-22 18:15:00,Wednesday,False,Evening,15.66,63.3,Normal,0,4.36,976.5,426.02,0.529,225.36
2025-10-22 18:30:00,Wednesday,False,Evening,15.28,52.2,Normal,0,4.12,940.6,386.21,0.534,206.24
2025-10-22 18:45:00,Wednesday,False,Evening,14.35,36.3,Normal,0,3.19,898.4,289.72,0.514,148.92
2025-10-22 19:00:00,Wednesday,False,Evening,16.34,40.3,Normal,0,3.64,911.7,323.78,0.51,165.13
2025-10-22 19:15:00,Wednesday,False,Evening,13.46,58.5,Normal,0,4.2,,414.81,0.533,221.09
2025-10-22 19:30:00,Wednesday,False,Evening,15.41,71.4,Normal,0,4.65,988.7,516.79,0.533,275.45
2025-10-22 19:45:00,Wednesday,False,Evening,15.4,66.1,Normal,0,4.42,974.1,456.38,0.549,250.55
2025-10-22 20:00:00,Wednesday,False,Evening,16.17,68.2,Normal,0,4.61,985.7,484.75,0.554,268.55
2025-10-22 20:15:00,Wednesday,False,Evening,16.67,60.3,Normal,0,3.94,967.3,412.62,0.516,212.91
2025-10-22 20:30:00,Wednesday,False,Evening,17.32,54.3,Normal,0,3.9,943.4,389.44,0.551,214.58
2025-10-22 20:45:00,Wednesday,False,Evening,16.05,49.7,Normal,0,3.69,948.3,365.43,0.54,197.33
2025-10-22 21:00:00,Wednesday,False,Evening,17.32,51.5,Normal,0,3.88,943.7,378.71,0.551,208.67
2025-10-22 21:15:00,Wednesday,False,Evening,17.24,53.4,Normal,0,4.22,961.7,395.03,0.557,220.03
2025-10-22 21:30:00,Wednesday,False,Evening,15.97,57.6,Normal,0,4.13,961.1,374.41,0.56,209.67
2025-10-22 21:45:00,Wednesday,False,Evening,19.12,63.8,Normal,0,4.11,977.7,439.74,0.566,248.89
2025-10-22 22:00:00,Wednesday,False,Night,16.73,55.2,Normal,0,3.87,949.9,383.26,0.553,211.94
2025-10-22 22:15:00,Wednesday,False,Night,18.51,57.0,Normal,0,4.13,964.6,400.21,0.552,220.92
2025-10-22 22:30:00,Wednesday,False,Night,18.78,51.7,Normal,0,3.86,946.9,368.42,0.577,212.58
2025-10-22 22:45:00,Wednesday,False,Night,19.0,45.6,Normal,0,3.81,938.5,350.54,0.559,195.95
2025-10-22 23:00:00,Wednesday,False,Night,18.69,39.3,Normal,0,3.42,928.4,306.82,0.59,181.02
2025-10-22 23:15:00,Wednesday,False,Night,20.07,46.7,Normal,0,3.76,929.4,339.16,0.566,191.96
2025-10-22 23:30:00,Wednesday,False,Night,18.48,47.2,Normal,0,3.61,940.1,330.04,0.573,189.11
2025-10-22 23:45:00,Wednesday,False,Night,20.0,38.5,Normal,0,3.4,919.3,315.58,0.578,182.41
2025-10-23 00:00:00,Thursday,False,Night,20.06,41.6,Normal,0,3.25,926.1,305.15,0.567,173.02
2025-10-23 00:15:00,Thursday,False,Night,20.3,37.3,Normal,0,3.32,908.4,291.51,0.569,165.87
2025-10-23 00:30:00,Thursday,False,Night,21.51,50.9,Normal,0,3.77,943.6,386.87,0.596,230.57
2025-10-23 00:45:00,Thursday,False,Night,22.35,49.5,Normal,0,3.53,939.4,347.9,0.572,199.0
2025-10-23 01:00:00,Thursday,False,Night,21.53,55.8,Normal,0,4.13,954.3,394.31,0.616,242.89
2025-10-23 01:15:00,Thursday,False,Night,22.75,63.8,Normal,0,4.61,973.4,451.4,0.592,267.23
2025-10-23 01:30:00,Thursday,False,Night,22.47,3.816771858574704,Stopped,0,1.39,638.9,17.38,0.584,10.15
2025-10-23 01:45:00,Thursday,False,Night,22.01,60.2,Normal,0,4.47,964.4,409.44,0.6,245.66
2025-10-23 02:00:00,Thursday,False,Night,22.81,64.4,Normal,0,4.18,985.1,440.71,0.572,252.09
2025-10-23 02:15:00,Thursday,False,Night,23.05,65.6,Normal,0,4.3,985.3,449.79,0.595,267.63
2025-10-23 02:30:00,Thursday,False,Night,23.0,68.0,Normal,0,4.57,992.2,474.31,0.597,283.16
2025-10-23 02:45:00,Thursday,False,Night,24.15,60.0,Normal,0,4.18,969.5,411.02,0.587,241.27
2025-10-23 03:00:00,Thursday,False,Night,24.24,64.3,Normal,0,4.33,983.1,451.87,0.593,267.96
2025-10-23 03:15:00,Thursday,False,Night,23.0,61.8,Normal,0,4.33,973.3,411.74,0.615,253.22
2025-10-23 03:30:00,Thursday,False,Night,23.16,64.7,Normal,0,4.36,988.9,450.0,0.602,270.9
2025-10-23 03:45:00,Thursday,False,Night,25.01,70.6,Normal,0,4.66,995.4,493.13,0.604,297.85
2025-10-23 04:00:00,Thursday,False,Night,24.19,74.3,Normal,0,4.92,1010.5,520.12,0.591,307.39
2025-10-23 04:15:00,Thursday,False,Night,25.24,75.6,Normal,0,4.83,1001.1,520.5,0.585,304.49
2025-10-23 04:30:00,Thursday,False,Night,25.76,78.6,Normal,0,5.05,1025.2,539.39,0.595,320.94
2025-10-23 04:45:00,Thursday,False,Night,24.23,81.4,Normal,0,5.09,1020.8,561.58,0.572,321.22
2025-10-23 05:00:00,Thursday,False,Night,24.21,88.8,Normal,0,5.33,1036.5,628.36,0.584,366.96
2025-10-23 05:15:00,Thursday,False,Night,26.76,86.1,Normal,0,5.51,1029.9,595.33,0.581,345.89
2025-10-23 05:30:00,Thursday,False,Night,25.75,84.9,Normal,0,5.6,1025.5,604.74,0.572,345.91
2025-10-23 05:45:00,Thursday,False,Night,25.17,88.5,Normal,0,5.66,1039.9,631.65,0.597,377.1
2025-10-23 06:00:00,Thursday,False,Day,24.77,97.1,Normal,0,5.92,1077.0,668.05,0.587,392.15
2025-10-23 06:15:00,Thursday,False,Day,25.09,87.3,Normal,0,5.35,1035.6,605.31,0.58,351.08
2025-10-23 06:30:00,Thursday,False,Day,24.52,89.6,Normal,0,5.51,1028.3,614.05,0.59,362.29
2025-10-23 06:45:00,Thursday,False,Day,26.12,87.4,Normal,0,5.61,1044.7,597.63,0.565,337.66
2025-10-23 07:00:00,Thursday,False,Day,24.72,79.5,Normal,0,4.76,1012.0,553.11,0.565,312.51
2025-10-23 07:15:00,Thursday,False,Day,26.12,82.8,Normal,0,5.2,1036.8,580.19,0.587,340.57
2025-10-23 07:30:00,Thursday,False,Day,24.81,91.3,Normal,0,5.73,1047.1,643.11,0.596,383.29
2025-10-23 07:45:00,Thursday,False,Day,24.16,80.4,Normal,0,4.97,1020.5,544.3,0.577,314.06
2025-10-23 08:00:00,Thursday,False,Day,24.5,86.7,Normal,0,5.48,1048.3,608.2,0.572,347.89
2025-10-23 08:15:00,Thursday,False,Day,22.57,71.0,Normal,0,4.78,1002.9,481.47,0.558,268.66
2025-10-23 08:30:00,Thursday,False,Day,24.38,69.9,Normal,0,4.46,986.7,482.02,0.555,267.52
2025-10-23 08:45:00,Thursday,False,Day,24.14,82.4,Normal,0,5.25,1018.9,565.81,0.56,316.85
2025-10-23 09:00:00,Thursday,False,Day,24.71,80.4,Normal,0,5.05,1008.9,566.17,0.568,321.58
2025-10-23 09:15:00,Thursday,False,Day,22.3,81.1,Normal,0,5.24,1043.8,562.55,0.555,312.22
2025-10-23 09:30:00,Thursday,False,Day,24.49,85.8,Normal,0,5.48,1029.6,601.16,0.557,334.85
2025-10-23 09:45:00,Thursday,False,Day,23.95,75.0,Normal,0,4.96,1018.4,524.64,0.535,280.68
2025-10-23 10:00:00,Thursday,False,Day,24.02,76.3,Normal,0,4.97,1008.1,528.61,0.547,289.15
2025-10-23 10:15:00,Thursday,False,Day,22.68,77.4,Normal,0,5.05,1005.4,538.22,0.531,285.79
2025-10-23 10:30:00,Thursday,False,Day,23.24,89.1,Normal,0,5.35,1043.9,621.96,0.536,333.37
2025-10-23 10:45:00,Thursday,False,Day,20.94,80.8,Normal,0,5.16,1018.5,551.91,0.538,296.93
2025-10-23 11:00:00,Thursday,False,Day,22.38,78.7,Normal,0,4.95,1023.5,548.69,0.523,286.96
2025-10-23 11:15:00,Thursday,False,Day,20.87,73.5,Normal,0,4.99,1009.4,521.96,0.516,269.33
2025-10-23 11:30:00,Thursday,False,Day,19.85,68.3,Normal,0,4.71,984.3,480.51,0.527,253.23
2025-10-23 11:45:00,Thursday,False,Day,19.94,76.7,Normal,0,5.08,998.6,529.43,0.519,274.77
2025-10-23 12:00:00,Thursday,False,Day,20.52,77.5,Normal,0,5.27,1003.0,543.28,0.519,281.96
2025-10-23 12:15:00,Thursday,False,Day,19.53,74.7,Normal,0,4.84,986.5,512.18,0.522,267.36
2025-10-23 12:30:00,Thursday,False,Day,20.16,72.5,Normal,0,4.71,997.6,500.34,0.526,263.18
2025-10-23 12:45:00,Thursday,False,Day,18.09,70.3,Normal,0,4.64,992.5,475.35,0.518,246.23
2025-10-23 13:00:00,Thursday,False,Day,17.52,68.8,Normal,0,4.39,979.3,486.98,0.514,250.31
2025-10-23 13:15:00,Thursday,False,Day,20.0,62.8,Normal,0,4.13,965.3,453.76,0.502,227.79
2025-10-23 13:30:00,Thursday,False,Day,19.32,63.6,Normal,0,4.49,976.7,439.07,0.502,220.41
2025-10-23 13:45:00,Thursday,False,Day,17.46,63.6,Normal,0,4.18,970.3,447.87,0.509,227.97
2025-10-23 14:00:00,Thursday,False,Evening,18.01,55.3,Normal,0,3.86,953.4,404.19,0.499,201.69
2025-10-23 14:15:00,Thursday,False,Evening,18.55,58.7,Normal,0,4.16,961.1,403.42,0.506,204.13
2025-10-23 14:30:00,Thursday,False,Evening,17.81,62.2,Normal,0,4.27,974.1,412.84,0.493,203.53
2025-10-23 14:45:00,Thursday,False,Evening,17.34,36.2,Normal,0,3.26,902.2,301.77,0.52,156.92
2025-10-23 15:00:00,Thursday,False,Evening,17.85,39.3,Normal,0,3.28,911.0,300.78,0.502,150.99
2025-10-23 15:15:00,Thursday,False,Evening,16.17,76.2,Normal,0,4.84,990.8,519.85,0.501,260.44
2025-10-23 15:30:00,Thursday,False,Evening,16.57,88.9,Normal,0,5.66,1037.5,623.16,0.495,308.46
2025-10-23 15:45:00,Thursday,False,Evening,16.34,81.0,Normal,0,5.28,1018.7,560.59,0.519,290.95
2025-10-23 16:00:00,Thursday,False,Evening,15.97,74.9,Normal,0,4.69,1001.0,545.05,0.488,265.98
2025-10-23 16:15:00,Thursday,False,Evening,15.72,68.7,Normal,0,4.66,1002.0,473.99,0.494,234.15
2025-10-23 16:30:00,Thursday,False,Evening,15.95,75.9,Normal,0,4.84,1006.2,527.77,0.511,269.69
2025-10-23 16:45:00,Thursday,False,Evening,15.81,73.5,Normal,0,4.73,997.5,520.61,0.506,263.43
2025-10-23 17:00:00,Thursday,False,Evening,14.85,75.3,Normal,0,5.2,1006.5,540.32,0.499,269.62
2025-10-23 17:15:00,Thursday,False,Evening,16.25,87.3,Normal,0,5.47,1050.6,620.92,0.501,311.08
2025-10-23 17:30:00,Thursday,False,Evening,14.78,85.9,Normal,0,5.35,1031.0,593.0,0.505,299.46
2025-10-23 17:45:00,Thursday,False,Evening,15.35,89.0,Normal,0,5.53,1019.4,618.03,0.511,315.81
2025-10-23 18:00:00,Thursday,False,Evening,15.28,90.5,Normal,0,5.72,1044.3,613.04,0.527,323.07
2025-10-23 18:15:00,Thursday,False,Evening,15.81,85.3,Normal,0,5.25,1021.3,590.11,0.52,306.86
2025-10-23 18:30:00,Thursday,False,Evening,13.86,90.5,Normal,0,5.51,1024.4,629.75,0.527,331.88
2025-10-23 18:45:00,Thursday,False,Evening,16.32,83.7,Normal,0,5.39,1038.3,592.05,0.514,304.31
2025-10-23 19:00:00,Thursday,False,Evening,15.14,90.8,Normal,0,5.37,1053.4,649.15,0.527,342.1
2025-10-23 19:15:00,Thursday,False,Evening,16.76,85.5,Normal,0,5.52,1022.3,604.18,0.509,307.53
2025-10-23 19:30:00,Thursday,False,Evening,15.51,81.5,Normal,0,4.95,1011.4,571.55,0.529,302.35
2025-10-23 19:45:00,Thursday,False,Evening,15.99,74.3,Normal,0,4.84,1002.2,514.55,0.531,273.23
2025-10-23 20:00:00,Thursday,False,Evening,17.71,69.0,Normal,0,4.4,982.0,487.54,0.551,268.63
2025-10-23 20:15:00,Thursday,False,Evening,16.13,67.2,Normal,0,4.4,982.2,464.76,0.552,256.55
2025-10-23 20:30:00,Thursday,False,Evening,17.54,53.7,Normal,0,4.14,945.0,397.39,0.537,213.4
2025-10-23 20:45:00,Thursday,False,Evening,16.79,55.0,Normal,0,4.16,950.1,401.28,0.534,214.28
2025-10-23 21:00:00,Thursday,False,Evening,17.31,54.5,Normal,0,4.15,941.3,393.78,0.538,211.85
2025-10-23 21:15:00,Thursday,False,Evening,17.27,61.8,Normal,0,4.1,977.3,414.08,0.546,226.09
2025-10-23 21:30:00,Thursday,False,Evening,18.15,66.0,Normal,0,4.34,991.6,468.61,0.565,264.76
2025-10-23 21:45:00,Thursday,False,Evening,17.19,63.0,Normal,0,4.42,972.9,445.09,0.56,249.25
2025-10-23 22:00:00,Thursday,False,Night,17.23,53.8,Normal,0,4.05,950.4,392.32,0.564,221.27
2025-10-23 22:15:00,Thursday,False,Night,17.79,54.1,Normal,0,3.84,956.9,386.66,0.57,220.4
2025-10-23 22:30:00,Thursday,False,Night,18.68,64.7,Normal,0,4.36,979.1,454.78,0.555,252.4
2025-10-23 22:45:00,Thursday,False,Night,18.73,41.0,Normal,0,3.18,933.7,321.32,0.561,180.26
2025-10-23 23:00:00,Thursday,False,Night,19.79,78.6,Normal,0,5.31,1004.2,544.25,0.576,313.49
2025-10-23 23:15:00,Thursday,False,Night,20.58,51.3,Normal,0,3.76,954.0,372.75,0.566,210.98
2025-10-23 23:30:00,Thursday,False,Night,19.08,44.4,Normal,0,3.52,927.8,321.42,0.562,180.64
2025-10-23 23:45:00,Thursday,False,Night,19.6,49.1,Normal,0,3.74,931.9,361.14,0.569,205.49
2025-10-24 00:00:00,Friday,False,Night,19.51,52.6,Normal,0,4.06,967.5,383.42,0.593,227.37
2025-10-24 00:15:00,Friday,False,Night,22.61,62.1,Normal,0,4.18,994.8,427.62,0.581,248.45
2025-10-24 00:30:00,Friday,False,Night,21.56,69.1,Normal,0,4.82,990.7,484.46,0.589,285.35
2025-10-24 00:45:00,Friday,False,Night,22.02,83.3,Normal,0,5.08,1031.8,570.33,0.579,330.22
2025-10-24 01:00:00,Friday,False,Night,20.88,81.1,Normal,0,5.35,1018.1,562.33,0.595,334.59
2025-10-24 01:15:00,Friday,False,Night,22.27,77.9,Normal,0,4.78,1012.5,539.43,0.59,318.26
2025-10-24 01:30:00,Friday,False,Night,22.98,68.9,Normal,0,4.62,984.0,480.94,0.599,288.08
2025-10-24 01:45:00,Friday,False,Night,22.67,73.0,Normal,0,5.06,992.8,491.14,0.591,290.26
2025-10-24 02:00:00,Friday,False,Night,24.02,73.1,Normal,0,4.93,1019.1,514.39,0.602,309.66
2025-10-24 02:15:00,Friday,False,Night,25.29,76.4,Normal,0,5.03,1013.3,528.42,0.593,313.35
2025-10-24 02:30:00,Friday,False,Night,22.95,68.6,Normal,0,4.46,992.7,470.24,0.598,281.2
2025-10-24 02:45:00,Friday,False,Night,23.14,70.6,Normal,0,4.6,990.9,476.82,0.597,284.66
2025-10-24 03:00:00,Friday,False,Night,23.5,71.5,Normal,0,4.95,1001.5,499.94,0.6,299.96
2025-10-24 03:15:00,Friday,False,Night,25.71,71.9,Normal,0,4.84,990.7,494.62,0.603,298.26
2025-10-24 03:30:00,Friday,False,Night,25.46,67.4,Normal,0,4.7,985.1,484.12,0.595,288.05
2025-10-24 03:45:00,Friday,False,Night,24.71,74.6,Normal,0,4.9,999.1,499.83,0.598,298.9
2025-10-24 04:00:00,Friday,False,Night,25.02,86.1,Normal,0,5.35,1048.0,590.25,0.601,354.74
2025-10-24 04:15:00,Friday,False,Night,24.49,77.3,Normal,0,5.12,1002.0,527.24,0.604,318.45
2025-10-24 04:30:00,Friday,False,Night,25.99,80.5,Normal,0,5.19,1015.0,561.87,0.597,335.44
2025-10-24 04:45:00,Friday,False,Night,25.09,61.7,Normal,0,4.28,960.3,442.57,0.588,260.23
2025-10-24 05:00:00,Friday,False,Night,25.28,66.5,Normal,0,4.31,981.8,464.14,0.596,276.63
2025-10-24 05:15:00,Friday,False,Night,26.05,55.4,Normal,0,4.16,958.1,384.94,0.6,230.96
2025-10-24 05:30:00,Friday,False,Night,25.47,53.8,Normal,0,4.01,965.1,497.69,0.579,288.16
2025-10-24 05:45:00,Friday,False,Night,25.46,47.6,Normal,0,3.57,940.0,337.77,0.577,194.89
2025-10-24 06:00:00,Friday,False,Day,25.67,62.8,Normal,0,4.53,976.7,447.6,0.582,260.5
2025-10-24 06:15:00,Friday,False,Day,26.29,70.1,Normal,0,4.72,1001.1,483.72,0.584,282.49
2025-10-24 06:30:00,Friday,False,Day,26.94,60.4,Normal,0,4.29,971.4,410.9,0.562,230.93
2025-10-24 06:45:00,Friday,False,Day,26.03,60.8,Normal,0,4.4,994.5,436.81,0.587,256.41
2025-10-24 07:00:00,Friday,False,Day,26.13,60.3,Normal,0,4.34,969.3,437.87,0.577,252.65
2025-10-24 07:15:00,Friday,False,Day,25.24,72.4,Normal,0,4.83,1006.9,502.06,0.552,277.14
2025-10-24 07:30:00,Friday,False,Day,24.71,76.1,Normal,0,4.93,1019.0,529.53,0.562,297.6
2025-10-24 07:45:00,Friday,False,Day,25.67,69.8,Normal,0,4.97,992.5,475.26,0.567,269.47
2025-10-24 08:00:00,Friday,False,Day,25.13,68.4,Normal,0,4.5,994.8,453.56,0.549,249.0
2025-10-24 08:15:00,Friday,False,Day,23.68,79.4,Normal,0,5.21,1015.8,534.49,0.574,306.8
2025-10-24 08:30:00,Friday,False,Day,24.37,84.0,Normal,0,5.29,1034.1,583.93,0.563,328.75
2025-10-24 08:45:00,Friday,False,Day,24.35,78.2,Normal,0,5.12,1018.2,541.19,0.564,305.23
2025-10-24 09:00:00,Friday,False,Day,23.79,77.1,Normal,0,5.18,1013.1,543.79,0.544,295.82
2025-10-24 09:15:00,Friday,False,Day,25.14,76.3,Normal,0,4.92,1004.0,526.16,0.555,292.02
2025-10-24 09:30:00,Friday,False,Day,24.09,73.7,Normal,0,4.94,1020.8,524.38,0.541,283.69
2025-10-24 09:45:00,Friday,False,Day,24.54,64.5,Normal,0,4.47,988.0,460.25,0.543,249.92
2025-10-24 10:00:00,Friday,False,Day,23.37,62.5,Normal,0,4.25,964.6,431.68,0.545,235.27
2025-10-24 10:15:00,Friday,False,Day,22.94,73.2,Normal,0,5.01,1000.4,501.18,0.537,269.13
2025-10-24 10:30:00,Friday,False,Day,21.83,71.9,Normal,0,4.87,987.1,480.94,0.543,261.15
2025-10-24 10:45:00,Friday,False,Day,22.28,72.5,Normal,0,4.73,1007.6,517.02,0.533,275.57
2025-10-24 11:00:00,Friday,False,Day,21.97,74.5,Normal,0,5.05,1006.1,510.57,0.524,267.54
2025-10-24 11:15:00,Friday,False,Day,20.54,88.7,Normal,0,5.38,1040.6,601.63,0.534,321.27
2025-10-24 11:30:00,Friday,False,Day,20.88,88.0,Normal,0,5.47,1032.4,614.32,0.534,328.05
2025-10-24 11:45:00,Friday,False,Day,20.73,93.8,Normal,0,5.67,1051.0,641.51,0.521,334.23
2025-10-24 12:00:00,Friday,False,Day,20.99,88.8,Normal,0,5.63,1047.5,623.59,0.531,331.13
2025-10-24 12:15:00,Friday,False,Day,20.7,86.4,Normal,0,5.34,1043.4,597.9,0.513,306.72
2025-10-24 12:30:00,Friday,False,Day,19.54,86.0,Normal,0,5.5,1039.8,610.53,0.512,312.59
2025-10-24 12:45:00,Friday,False,Day,20.06,80.9,Normal,0,5.26,1008.3,570.84,0.511,291.7
2025-10-24 13:00:00,Friday,False,Day,19.22,79.8,Normal,0,5.06,1015.8,563.75,0.508,286.38
2025-10-24 13:15:00,Friday,False,Day,16.76,63.4,Normal,0,4.66,976.3,450.12,0.504,226.86
2025-10-24 13:30:00,Friday,False,Day,18.36,80.2,Normal,0,5.02,1011.7,545.54,0.498,271.68
2025-10-24 13:45:00,Friday,False,Day,19.31,80.4,Normal,0,4.93,1005.6,542.87,0.494,268.18
2025-10-24 14:00:00,Friday,False,Evening,16.82,78.8,Normal,0,5.2,1002.6,542.79,0.504,273.57
2025-10-24 14:15:00,Friday,False,Evening,17.97,73.5,Normal,0,4.52,1012.5,525.05,0.514,269.88
2025-10-24 14:30:00,Friday,False,Evening,18.89,80.4,Normal,0,5.37,1009.0,558.94,0.509,284.5
2025-10-24 14:45:00,Friday,False,Evening,16.76,80.3,Normal,0,5.16,1016.9,559.28,0.504,281.88
2025-10-24 15:00:00,Friday,False,Evening,17.13,78.8,Normal,0,4.86,1011.9,557.91,0.513,286.21
2025-10-24 15:15:00,Friday,False,Evening,15.86,66.4,Normal,0,4.38,979.9,462.22,0.5,231.11
2025-10-24 15:30:00,Friday,False,Evening,18.0,65.3,Normal,0,4.23,977.5,443.24,0.49,217.19
2025-10-24 15:45:00,Friday,False,Evening,16.44,68.8,Normal,0,4.69,993.9,487.05,0.497,242.06
2025-10-24 16:00:00,Friday,False,Evening,16.37,80.2,Normal,0,4.94,1016.3,548.76,0.5,274.38
2025-10-24 16:15:00,Friday,False,Evening,17.26,83.1,Normal,0,5.34,1019.0,581.31,0.496,288.33
2025-10-24 16:30:00,Friday,False,Evening,16.57,89.0,Normal,0,5.48,1038.6,625.31,0.508,317.66
2025-10-24 16:45:00,Friday,False,Evening,15.23,80.2,Normal,0,5.06,1004.9,549.35,0.513,281.82
2025-10-24 17:00:00,Friday,False,Evening,15.31,78.9,Normal,0,5.15,1015.7,550.71,0.487,268.2
2025-10-24 17:15:00,Friday,False,Evening,16.15,85.9,Normal,0,5.48,1024.6,615.08,0.505,310.62
2025-10-24 17:30:00,Friday,False,Evening,15.21,79.4,Normal,0,5.27,1008.1,547.18,0.479,262.1
2025-10-24 17:45:00,Friday,False,Evening,13.98,84.8,Normal,0,5.24,1029.7,601.35,0.509,306.09
2025-10-24 18:00:00,Friday,False,Evening,15.62,88.1,Normal,0,5.48,1031.9,607.9,0.511,310.64
2025-10-24 18:15:00,Friday,False,Evening,14.49,88.3,Normal,0,5.4,1031.9,631.68,0.532,336.05
2025-10-24 18:30:00,Friday,False,Evening,17.0,84.9,Normal,0,5.37,1037.6,583.23,0.531,309.7
2025-10-24 18:45:00,Friday,False,Evening,15.9,77.9,Normal,0,4.92,1002.1,533.63,0.528,281.76
2025-10-24 19:00:00,Friday,False,Evening,15.11,88.3,Normal,0,5.43,1039.2,629.87,0.512,322.49
2025-10-24 19:15:00,Friday,False,Evening,15.37,90.6,Normal,0,5.53,1048.8,647.91,0.514,333.03
2025-10-24 19:30:00,Friday,False,Evening,14.53,90.9,Normal,0,5.65,1050.6,644.85,0.516,332.74
2025-10-24 19:45:00,Friday,False,Evening,15.3,86.6,Normal,0,5.42,1048.6,593.58,0.545,323.5
2025-10-24 20:00:00,Friday,False,Evening,17.14,85.6,Normal,0,5.45,1025.0,597.49,0.524,313.08
2025-10-24 20:15:00,Friday,False,Evening,18.29,85.4,Normal,0,5.35,1023.6,593.49,0.532,315.74
2025-10-24 20:30:00,Friday,False,Evening,17.28,86.7,Normal,0,5.33,1039.5,594.13,0.53,314.89
2025-10-24 20:45:00,Friday,False,Evening,16.83,89.8,Normal,0,5.59,1047.9,635.11,0.53,336.61
2025-10-24 21:00:00,Friday,False,Evening,16.78,83.5,Normal,0,5.14,1018.2,569.5,0.549,312.66
2025-10-24 21:15:00,Friday,False,Evening,16.6,73.8,Normal,0,4.94,1004.1,500.84,0.551,275.96
2025-10-24 21:30:00,Friday,False,Evening,19.27,74.5,Normal,0,4.84,1025.9,501.59,0.53,265.84
2025-10-24 21:45:00,Friday,False,Evening,17.73,64.2,Normal,0,4.45,977.9,465.85,0.543,252.96
2025-10-24 22:00:00,Friday,False,Night,19.85,55.7,Normal,0,4.07,964.9,391.22,0.561,219.47
2025-10-24 22:15:00,Friday,False,Night,19.57,54.1,Normal,0,4.2,965.9,385.83,0.561,216.45
2025-10-24 22:30:00,Friday,False,Night,17.36,58.7,Normal,0,4.23,983.1,405.71,0.561,227.6
2025-10-24 22:45:00,Friday,False,Night,18.52,71.7,Normal,0,4.77,998.4,511.73,0.574,293.73
2025-10-24 23:00:00,Friday,False,Night,18.83,59.6,Normal,0,4.11,976.5,404.21,0.557,225.14
2025-10-24 23:15:00,Friday,False,Night,19.62,74.3,Normal,0,4.99,997.5,505.01,0.568,286.85
2025-10-24 23:30:00,Friday,False,Night,19.96,72.1,Normal,0,4.74,998.8,496.63,0.582,289.04
2025-10-24 23:45:00,Friday,False,Night,22.73,73.7,Normal,0,4.62,1001.3,506.97,0.573,290.49
2025-10-25 00:00:00,Saturday,True,Night,19.96,39.5,Normal,0,3.25,902.0,289.07,0.585,169.11
2025-10-25 00:15:00,Saturday,True,Night,21.33,45.9,Normal,0,3.61,921.4,312.43,0.573,179.02
2025-10-25 00:30:00,Saturday,True,Night,21.97,45.8,Normal,0,3.45,937.9,332.6,0.579,192.58
2025-10-25 00:45:00,Saturday,True,Night,21.8,45.1,Normal,0,3.53,936.2,308.56,0.571,176.19
2025-10-25 01:00:00,Saturday,True,Night,22.21,33.2,Normal,0,2.97,894.8,240.33,0.57,136.99
2025-10-25 01:15:00,Saturday,True,Night,21.6,34.9,Normal,0,3.05,919.4,249.75,0.588,146.85
2025-10-25 01:30:00,Saturday,True,Night,22.82,40.9,Normal,0,3.53,914.0,286.86,0.599,171.83
2025-10-25 01:45:00,Saturday,True,Night,23.44,39.7,Normal,0,3.09,922.5,270.43,0.595,160.91
2025-10-25 02:00:00,Saturday,True,Night,23.59,47.2,Normal,0,3.95,936.0,340.02,0.609,207.07
2025-10-25 02:15:00,Saturday,True,Night,24.06,53.5,Normal,0,3.93,956.3,354.11,0.594,210.34
2025-10-25 02:30:00,Saturday,True,Night,25.0,48.4,Normal,0,3.79,950.6,335.12,0.578,193.7
2025-10-25 02:45:00,Saturday,True,Night,24.87,57.3,Normal,0,4.13,971.6,377.78,0.603,227.8
2025-10-25 03:00:00,Saturday,True,Night,24.42,55.9,Normal,0,3.78,967.3,362.57,0.589,213.55
2025-10-25 03:15:00,Saturday,True,Night,23.65,54.6,Normal,0,3.83,962.5,379.35,0.601,227.99
2025-10-25 03:30:00,Saturday,True,Night,24.31,53.8,Normal,0,3.87,946.2,379.74,0.577,219.11
2025-10-25 03:45:00,Saturday,True,Night,24.81,52.9,Normal,0,4.06,963.6,376.76,0.597,224.93
2025-10-25 04:00:00,Saturday,True,Night,25.36,36.0,Normal,0,2.91,904.2,246.91,0.606,149.63
2025-10-25 04:15:00,Saturday,True,Night,24.93,35.7,Normal,0,2.97,910.7,248.65,0.604,150.18
2025-10-25 04:30:00,Saturday,True,Night,24.7,28.4,Normal,0,2.77,890.3,247.25,0.595,147.11
2025-10-25 04:45:00,Saturday,True,Night,24.61,39.9,Normal,0,3.37,924.6,285.65,0.596,170.25
2025-10-25 05:00:00,Saturday,True,Night,24.33,49.8,Normal,0,3.83,942.5,329.43,0.59,194.36
2025-10-25 05:15:00,Saturday,True,Night,25.54,54.1,Normal,0,3.81,956.8,375.8,0.591,222.1
2025-10-25 05:30:00,Saturday,True,Night,24.61,51.3,Normal,0,3.59,963.3,348.44,0.598,208.37
2025-10-25 05:45:00,Saturday,True,Night,25.01,44.3,Normal,0,3.59,922.8,317.29,0.583,184.98
2025-10-25 06:00:00,Saturday,True,Day,25.51,54.2,Normal,0,4.18,958.3,349.87,0.582,203.62
2025-10-25 06:15:00,Saturday,True,Day,24.74,66.2,Normal,0,4.46,978.8,438.65,0.57,250.03
2025-10-25 06:30:00,Saturday,True,Day,26.09,60.9,Normal,0,4.1,980.9,416.49,0.59,245.73
2025-10-25 06:45:00,Saturday,True,Day,26.32,46.3,Normal,0,3.54,933.4,314.33,0.578,181.68
2025-10-25 07:00:00,Saturday,True,Day,25.21,53.8,Normal,0,4.01,957.4,379.48,0.566,214.79
2025-10-25 07:15:00,Saturday,True,Day,25.21,63.2,Normal,0,4.34,970.0,409.55,0.584,239.18
2025-10-25 07:30:00,Saturday,True,Day,25.87,72.4,Normal,0,5.0,1014.4,488.38,0.572,279.35
2025-10-25 07:45:00,Saturday,True,Day,24.74,76.8,Normal,0,5.12,1014.8,534.03,0.562,300.12
2025-10-25 08:00:00,Saturday,True,Day,24.53,81.6,Normal,0,5.22,1027.1,538.07,0.575,309.39
2025-10-25 08:15:00,Saturday,True,Day,25.94,79.0,Normal,0,4.79,1027.3,528.62,0.56,296.03
2025-10-25 08:30:00,Saturday,True,Day,25.5,63.9,Normal,0,4.3,972.5,431.82,0.544,234.91
2025-10-25 08:45:00,Saturday,True,Day,25.06,63.2,Normal,0,4.29,975.5,423.17,0.567,239.94
2025-10-25 09:00:00,Saturday,True,Day,25.1,66.2,Normal,0,4.4,989.3,439.18,0.545,239.35
2025-10-25 09:15:00,Saturday,True,Day,22.54,64.3,Normal,0,4.45,967.1,421.64,0.581,244.97
2025-10-25 09:30:00,Saturday,True,Day,24.95,62.3,Normal,0,4.37,964.9,419.99,0.543,228.05
2025-10-25 09:45:00,Saturday,True,Day,23.92,55.9,Normal,0,3.79,954.7,372.46,0.524,195.17
2025-10-25 10:00:00,Saturday,True,Day,24.13,50.0,Normal,0,3.89,937.6,330.47,0.558,184.4
2025-10-25 10:15:00,Saturday,True,Day,23.35,61.9,Normal,0,4.32,973.1,426.64,0.537,229.11
2025-10-25 10:30:00,Saturday,True,Day,22.78,72.5,Normal,0,4.85,1006.1,477.62,0.537,256.48
2025-10-25 10:45:00,Saturday,True,Day,22.21,70.7,Normal,0,4.83,1002.9,461.66,0.535,246.99
2025-10-25 11:00:00,Saturday,True,Day,22.41,70.7,Normal,0,4.6,1011.6,466.36,0.515,240.18
2025-10-25 11:15:00,Saturday,True,Day,21.55,63.2,Normal,0,4.56,977.5,418.35,0.504,210.85
2025-10-25 11:30:00,Saturday,True,Day,22.17,66.3,Normal,0,4.49,987.1,441.09,0.542,239.07
2025-10-25 11:45:00,Saturday,True,Day,19.88,75.7,Normal,0,5.16,1007.4,498.74,0.504,251.36
2025-10-25 12:00:00,Saturday,True,Day,20.39,64.3,Normal,0,4.29,982.0,433.2,0.534,231.33
2025-10-25 12:15:00,Saturday,True,Day,22.13,66.2,Normal,0,4.73,988.8,461.39,0.52,239.92
2025-10-25 12:30:00,Saturday,True,Day,19.67,68.3,Normal,0,4.47,996.3,456.23,0.514,234.5
2025-10-25 12:45:00,Saturday,True,Day,19.66,70.2,Normal,0,5.07,1001.0,462.63,0.506,234.09
2025-10-25 13:00:00,Saturday,True,Day,18.82,78.4,Normal,0,4.91,1017.6,514.52,0.532,273.72
2025-10-25 13:15:00,Saturday,True,Day,19.49,88.1,Normal,0,5.64,1050.3,602.37,0.5,301.18
2025-10-25 13:30:00,Saturday,True,Day,18.32,82.9,Normal,0,5.2,1024.5,537.42,0.498,267.64
2025-10-25 13:45:00,Saturday,True,Day,18.46,83.9,Normal,0,5.41,1022.0,554.61,0.51,282.85
2025-10-25 14:00:00,Saturday,True,Evening,19.0,75.2,Normal,0,4.91,1002.0,486.8,0.496,241.45
2025-10-25 14:15:00,Saturday,True,Evening,17.49,68.5,Normal,0,4.45,986.8,456.33,0.491,224.06
2025-10-25 14:30:00,Saturday,True,Evening,18.41,68.0,Normal,0,4.17,978.5,468.29,0.5,234.14
2025-10-25 14:45:00,Saturday,True,Evening,18.19,70.0,Normal,0,5.06,987.0,462.03,0.507,234.25
2025-10-25 15:00:00,Saturday,True,Evening,18.13,69.0,Normal,0,4.65,980.3,469.23,0.518,243.06
2025-10-25 15:15:00,Saturday,True,Evening,17.18,61.6,Normal,0,3.86,972.9,400.11,0.52,208.06
2025-10-25 15:30:00,Saturday,True,Evening,19.45,57.5,Normal,0,4.16,964.5,375.88,0.482,181.17
2025-10-25 15:45:00,Saturday,True,Evening,17.51,54.0,Normal,0,4.06,937.3,383.06,0.51,195.36
2025-10-25 16:00:00,Saturday,True,Evening,16.75,48.6,Normal,0,3.6,932.1,354.09,0.49,173.5
2025-10-25 16:15:00,Saturday,True,Evening,15.64,50.8,Normal,0,3.7,956.5,350.89,0.492,172.64
2025-10-25 16:30:00,Saturday,True,Evening,16.13,53.3,Normal,0,3.92,953.6,366.35,0.496,181.71
2025-10-25 16:45:00,Saturday,True,Evening,17.23,58.9,Normal,0,4.36,967.1,400.73,0.497,199.16
2025-10-25 17:00:00,Saturday,True,Evening,17.36,52.8,Normal,0,3.92,943.0,357.93,0.494,176.82
2025-10-25 17:15:00,Saturday,True,Evening,17.1,49.1,Normal,0,3.95,941.1,345.29,0.482,166.43
2025-10-25 17:30:00,Saturday,True,Evening,16.5,58.7,Normal,0,4.34,962.2,405.08,0.522,211.45
2025-10-25 17:45:00,Saturday,True,Evening,14.83,56.8,Normal,0,4.05,949.9,398.98,0.518,206.67
2025-10-25 18:00:00,Saturday,True,Evening,16.21,56.3,Normal,0,3.83,952.2,370.8,0.511,189.48
2025-10-25 18:15:00,Saturday,True,Evening,14.84,54.6,Normal,0,3.95,947.0,370.48,0.504,186.72
2025-10-25 18:30:00,Saturday,True,Evening,14.68,60.9,Normal,0,4.35,954.5,408.51,0.528,215.69
2025-10-25 18:45:00,Saturday,True,Evening,16.11,66.8,Normal,0,4.55,971.7,456.53,0.518,236.48
2025-10-25 19:00:00,Saturday,True,Evening,16.41,71.6,Normal,0,4.85,992.9,504.48,0.515,259.81
2025-10-25 19:15:00,Saturday,True,Evening,16.81,69.3,Normal,0,4.78,982.3,524.06,0.507,265.7
2025-10-25 19:30:00,Saturday,True,Evening,16.6,61.8,Normal,0,4.39,967.8,423.93,0.532,225.53
2025-10-25 19:45:00,Saturday,True,Evening,16.77,72.1,Normal,0,4.73,983.2,570.58,0.526,300.13
2025-10-25 20:00:00,Saturday,True,Evening,15.71,74.7,Normal,0,4.97,1008.1,514.56,0.535,275.29
2025-10-25 20:15:00,Saturday,True,Evening,16.58,69.1,Normal,0,4.98,1005.1,493.7,0.537,265.12
2025-10-25 20:30:00,Saturday,True,Evening,15.65,75.5,Normal,0,4.7,1011.9,485.2,0.545,264.43
2025-10-25 20:45:00,Saturday,True,Evening,15.46,69.3,Normal,0,4.72,997.1,471.36,0.544,256.42
2025-10-25 21:00:00,Saturday,True,Evening,17.88,75.6,Normal,0,5.21,1010.7,485.92,0.542,263.37
2025-10-25 21:15:00,Saturday,True,Evening,16.93,81.5,Normal,0,5.02,1021.8,554.45,0.554,307.17
2025-10-25 21:30:00,Saturday,True,Evening,18.48,72.3,Normal,0,4.93,998.6,491.92,0.561,275.97
2025-10-25 21:45:00,Saturday,True,Evening,18.93,73.3,Normal,0,5.0,993.5,487.6,0.57,277.93
2025-10-25 22:00:00,Saturday,True,Night,17.83,67.3,Normal,0,4.34,990.4,420.08,0.547,229.78
2025-10-25 22:15:00,Saturday,True,Night,19.09,80.1,Normal,0,5.24,1023.0,540.23,0.573,309.55
2025-10-25 22:30:00,Saturday,True,Night,18.38,71.2,Normal,0,4.69,991.4,477.41,0.549,262.1
2025-10-25 22:45:00,Saturday,True,Night,17.74,76.4,Normal,0,4.96,1011.8,511.45,0.578,295.62
2025-10-25 23:00:00,Saturday,True,Night,19.63,72.5,Normal,0,4.74,993.8,477.55,0.565,269.82
2025-10-25 23:15:00,Saturday,True,Night,19.47,61.5,Normal,0,4.5,966.7,407.28,0.582,237.04
2025-10-25 23:30:00,Saturday,True,Night,19.82,58.5,Normal,0,4.15,970.7,394.03,0.591,232.87
2025-10-25 23:45:00,Saturday,True,Night,22.08,56.7,Normal,0,4.01,965.3,374.33,0.581,217.49
2025-10-26 00:00:00,Sunday,True,Night,19.78,48.7,Normal,0,3.65,938.1,412.55,0.582,240.1
2025-10-26 00:15:00,Sunday,True,Night,21.63,49.9,Normal,0,3.72,941.7,340.83,0.584,199.04
2025-10-26 00:30:00,Sunday,True,Night,20.86,54.8,Normal,0,3.83,957.5,351.64,0.582,204.65
2025-10-26 00:45:00,Sunday,True,Night,22.7,54.8,Normal,0,3.92,942.9,371.11,0.6,222.67
2025-10-26 01:00:00,Sunday,True,Night,22.53,50.2,Normal,0,3.8,939.9,348.49,0.59,205.61
2025-10-26 01:15:00,Sunday,True,Night,22.91,48.4,Normal,0,3.76,931.6,350.56,0.571,200.17
2025-10-26 01:30:00,Sunday,True,Night,22.16,47.7,Normal,0,3.85,939.5,342.62,0.603,206.6
2025-10-26 01:45:00,Sunday,True,Night,22.6,48.5,Normal,0,3.74,950.4,327.01,0.604,197.51
2025-10-26 02:00:00,Sunday,True,Night,24.24,54.5,Normal,0,3.91,961.9,383.44,0.597,228.91
2025-10-26 02:15:00,Sunday,True,Night,25.19,54.7,Normal,0,3.84,955.2,354.52,0.59,209.17
2025-10-26 02:30:00,Sunday,True,Night,24.43,44.9,Normal,0,3.58,928.5,314.89,0.587,184.84
2025-10-26 02:45:00,Sunday,True,Night,23.58,41.3,Normal,0,3.35,918.5,301.03,0.592,178.21
2025-10-26 03:00:00,Sunday,True,Night,24.81,42.5,Normal,0,3.41,944.5,316.56,0.602,190.57
2025-10-26 03:15:00,Sunday,True,Night,26.7,49.3,Normal,0,3.78,947.6,359.19,0.582,209.05
2025-10-26 03:30:00,Sunday,True,Night,25.05,56.3,Normal,0,4.14,964.8,395.36,0.604,238.8
2025-10-26 03:45:00,Sunday,True,Night,26.33,65.4,Normal,0,4.52,970.1,436.54,0.6,261.92
2025-10-26 04:00:00,Sunday,True,Night,24.74,63.5,Normal,0,4.36,971.5,430.61,0.612,263.53
2025-10-26 04:15:00,Sunday,True,Night,25.45,65.6,Normal,0,4.36,986.4,439.67,0.606,266.44
2025-10-26 04:30:00,Sunday,True,Night,26.12,54.2,Normal,0,3.87,954.8,359.3,0.59,211.99
2025-10-26 04:45:00,Sunday,True,Night,26.05,55.4,Normal,0,4.15,962.8,376.93,0.58,218.62
2025-10-26 05:00:00,Sunday,True,Night,25.22,66.3,Normal,0,4.45,989.3,461.11,0.587,270.67
2025-10-26 05:15:00,Sunday,True,Night,25.26,46.6,Normal,0,3.41,943.9,327.09,0.608,198.87
2025-10-26 05:30:00,Sunday,True,Night,26.75,64.3,Normal,0,4.6,969.6,453.9,0.595,270.07
2025-10-26 05:45:00,Sunday,True,Night,26.94,63.6,Normal,0,4.25,974.1,412.75,0.596,246.0
2025-10-26 06:00:00,Sunday,True,Day,27.21,69.9,Normal,0,4.68,998.1,464.3,0.582,270.22
2025-10-26 06:15:00,Sunday,True,Day,27.43,70.8,Normal,0,4.79,996.2,479.23,0.591,283.22
2025-10-26 06:30:00,Sunday,True,Day,26.06,66.1,Normal,0,4.51,986.0,450.27,0.569,256.2
2025-10-26 06:45:00,Sunday,True,Day,25.65,59.2,Normal,0,3.82,971.8,391.16,0.591,231.18
2025-10-26 07:00:00,Sunday,True,Day,26.91,71.6,Normal,0,4.81,997.0,488.09,0.567,276.75
2025-10-26 07:15:00,Sunday,True,Day,26.31,76.2,Normal,0,5.16,1015.5,522.71,0.556,290.63
2025-10-26 07:30:00,Sunday,True,Day,24.83,76.0,Normal,0,5.07,1016.6,498.18,0.596,296.92
2025-10-26 07:45:00,Sunday,True,Day,24.66,71.4,Normal,0,4.43,1001.1,479.96,0.571,274.06
2025-10-26 08:00:00,Sunday,True,Day,25.72,47.8,Normal,0,3.99,948.2,347.76,0.568,197.53
2025-10-26 08:15:00,Sunday,True,Day,25.02,75.7,Normal,0,4.74,994.3,505.52,0.545,275.51
2025-10-26 08:30:00,Sunday,True,Day,24.95,75.3,Normal,0,4.76,1005.9,483.07,0.567,273.9
2025-10-26 08:45:00,Sunday,True,Day,25.62,54.6,Normal,0,4.1,966.5,370.7,0.566,209.82
2025-10-26 09:00:00,Sunday,True,Day,25.14,69.4,Normal,0,4.72,989.1,469.67,0.552,259.26
2025-10-26 09:15:00,Sunday,True,Day,25.36,69.0,Normal,0,4.65,987.2,452.96,0.56,253.66
2025-10-26 09:30:00,Sunday,True,Day,22.5,69.7,Normal,0,4.58,993.6,474.01,0.559,264.97
2025-10-26 09:45:00,Sunday,True,Day,23.98,74.7,Normal,0,5.09,1008.2,511.35,0.55,281.24
2025-10-26 10:00:00,Sunday,True,Day,24.06,75.3,Normal,0,4.91,1005.6,505.49,0.52,262.85
2025-10-26 10:15:00,Sunday,True,Day,21.99,77.6,Normal,0,4.79,1028.7,517.73,0.527,272.84
2025-10-26 10:30:00,Sunday,True,Day,22.39,72.6,Normal,0,4.98,1004.1,491.41,0.552,271.26
2025-10-26 10:45:00,Sunday,True,Day,21.93,63.3,Normal,0,4.41,971.0,424.55,0.533,226.29
2025-10-26 11:00:00,Sunday,True,Day,22.31,64.3,Normal,0,4.59,969.5,420.26,0.53,222.74
2025-10-26 11:15:00,Sunday,True,Day,23.28,72.0,Normal,0,4.86,1004.3,479.57,0.518,248.42
2025-10-26 11:30:00,Sunday,True,Day,23.27,66.3,Normal,0,4.87,979.4,450.62,0.517,232.97
2025-10-26 11:45:00,Sunday,True,Day,20.68,60.8,Normal,0,4.22,988.2,423.41,0.532,225.25
2025-10-26 12:00:00,Sunday,True,Day,21.42,67.7,Normal,0,4.58,992.2,460.39,0.533,245.39
2025-10-26 12:15:00,Sunday,True,Day,,63.7,Normal,0,4.51,983.0,444.23,0.523,232.33
2025-10-26 12:30:00,Sunday,True,Day,20.66,60.4,Normal,0,4.2,971.9,391.4,0.519,203.14
2025-10-26 12:45:00,Sunday,True,Day,20.34,57.7,Normal,0,4.25,971.9,388.75,0.517,200.98
2025-10-26 13:00:00,Sunday,True,Day,19.95,57.3,Normal,0,3.67,942.4,398.2,0.508,202.29
2025-10-26 13:15:00,Sunday,True,Day,20.74,47.8,Normal,0,3.66,928.9,322.11,0.495,159.44
2025-10-26 13:30:00,Sunday,True,Day,19.97,45.7,Normal,0,3.56,940.9,311.29,0.491,152.84
2025-10-26 13:45:00,Sunday,True,Day,17.94,48.4,Normal,0,3.68,949.8,331.68,0.517,171.48
2025-10-26 14:00:00,Sunday,True,Evening,19.14,44.8,Normal,0,3.4,919.8,330.4,0.503,166.19
2025-10-26 14:15:00,Sunday,True,Evening,18.94,52.5,Normal,0,4.02,934.3,352.33,0.507,178.63
2025-10-26 14:30:00,Sunday,True,Evening,18.21,63.3,Normal,0,4.3,976.6,428.63,0.503,215.6
2025-10-26 14:45:00,Sunday,True,Evening,18.61,70.9,Normal,0,4.75,998.4,479.02,0.503,240.95
2025-10-26 15:00:00,Sunday,True,Evening,17.61,74.0,Normal,0,4.86,1002.7,476.08,0.504,239.94
2025-10-26 15:15:00,Sunday,True,Evening,17.4,70.4,Normal,0,4.77,991.8,471.92,0.507,239.26
2025-10-26 15:30:00,Sunday,True,Evening,17.13,64.3,Normal,0,4.64,962.0,427.89,0.492,210.52
2025-10-26 15:45:00,Sunday,True,Evening,15.23,62.8,Normal,0,4.39,968.6,428.13,0.512,219.2
2025-10-26 16:00:00,Sunday,True,Evening,16.61,64.9,Normal,0,4.58,976.1,454.12,0.493,223.88
2025-10-26 16:15:00,Sunday,True,Evening,15.98,68.2,Normal,0,4.62,981.3,452.67,0.504,228.15
2025-10-26 16:30:00,Sunday,True,Evening,15.43,69.9,Normal,0,4.6,974.1,461.31,0.491,226.5
2025-10-26 16:45:00,Sunday,True,Evening,17.41,66.9,Normal,0,4.52,988.3,472.81,0.502,237.35
2025-10-26 17:00:00,Sunday,True,Evening,16.57,69.7,Normal,0,4.63,996.8,458.87,0.498,228.52
2025-10-26 17:15:00,Sunday,True,Evening,16.07,75.0,Normal,0,4.99,996.4,489.65,0.506,247.76
2025-10-26 17:30:00,Sunday,True,Evening,15.59,58.1,Normal,0,4.16,958.6,405.47,0.515,208.82
2025-10-26 17:45:00,Sunday,True,Evening,16.25,74.0,Normal,0,4.74,996.4,492.2,0.51,251.02
2025-10-26 18:00:00,Sunday,True,Evening,16.79,66.3,Normal,0,4.48,977.7,445.57,0.531,236.6
2025-10-26 18:15:00,Sunday,True,Evening,15.35,59.3,Normal,0,3.97,966.9,417.47,0.522,217.92
2025-10-26 18:30:00,Sunday,True,Evening,16.04,54.2,Normal,0,3.94,954.9,353.63,0.514,181.77
2025-10-26 18:45:00,Sunday,True,Evening,16.79,55.4,Normal,0,4.02,962.9,373.8,0.518,193.63
2025-10-26 19:00:00,Sunday,True,Evening,14.62,58.0,Normal,0,4.41,967.5,384.03,0.525,201.62
2025-10-26 19:15:00,Sunday,True,Evening,16.22,48.6,Normal,0,3.91,935.5,341.69,0.531,181.44
2025-10-26 19:30:00,Sunday,True,Evening,16.04,45.9,Normal,0,3.43,952.7,312.92,0.515,161.15
2025-10-26 19:45:00,Sunday,True,Evening,16.41,48.0,Normal,0,3.71,947.9,321.17,0.536,172.15
2025-10-26 20:00:00,Sunday,True,Evening,16.27,42.9,Normal,0,3.47,917.4,310.0,0.521,161.51
2025-10-26 20:15:00,Sunday,True,Evening,16.95,46.5,Normal,0,3.58,,322.47,0.541,174.46
2025-10-26 20:30:00,Sunday,True,Evening,18.57,45.2,Normal,0,3.52,914.4,301.26,0.55,165.69
2025-10-26 20:45:00,Sunday,True,Evening,16.98,41.6,Normal,0,3.33,920.2,282.68,0.545,154.06
2025-10-26 21:00:00,Sunday,True,Evening,17.7,43.0,Normal,0,3.73,937.4,311.49,0.522,162.6
2025-10-26 21:15:00,Sunday,True,Evening,19.3,46.3,Normal,0,3.54,955.8,305.82,0.531,162.39
2025-10-26 21:30:00,Sunday,True,Evening,17.52,41.8,Normal,0,3.44,919.9,299.71,0.558,167.24
2025-10-26 21:45:00,Sunday,True,Evening,19.67,41.4,Normal,0,2.99,924.3,301.31,0.531,160.0
2025-10-26 22:00:00,Sunday,True,Night,18.5,37.4,Normal,0,3.3,915.5,282.12,0.565,159.4
2025-10-26 22:15:00,Sunday,True,Night,20.21,33.5,Normal,0,3.17,918.2,250.87,0.572,143.5
2025-10-26 22:30:00,Sunday,True,Night,19.69,24.7,Normal,0,2.41,872.0,208.33,0.576,120.0
2025-10-26 22:45:00,Sunday,True,Night,19.64,17.7,Normal,0,2.13,883.6,164.22,0.566,92.95
2025-10-26 23:00:00,Sunday,True,Night,19.65,18.2,Normal,0,2.3,861.1,181.06,0.576,104.29
2025-10-26 23:15:00,Sunday,True,Night,19.53,13.3,Normal,0,1.98,841.9,153.0,0.576,88.13
2025-10-26 23:30:00,Sunday,True,Night,20.41,14.7,Normal,0,2.12,853.0,153.78,0.562,86.42
2025-10-26 23:45:00,Sunday,True,Night,21.39,28.1,Normal,0,2.69,883.3,230.55,0.587,135.33
2025-10-27 00:00:00,Monday,False,Night,21.18,46.6,Normal,0,3.89,939.2,327.12,0.596,194.96
2025-10-27 00:15:00,Monday,False,Night,21.26,47.5,Normal,0,3.56,924.9,448.18,0.592,265.32
2025-10-27 00:30:00,Monday,False,Night,21.64,62.8,Normal,0,4.76,977.8,436.09,0.582,253.8
2025-10-27 00:45:00,Monday,False,Night,22.96,65.8,Normal,0,4.68,990.6,457.57,0.596,272.71
2025-10-27 01:00:00,Monday,False,Night,23.46,63.9,Normal,0,4.53,992.8,462.73,0.604,279.49
2025-10-27 01:15:00,Monday,False,Night,22.26,63.4,Normal,0,4.23,984.2,448.49,0.604,270.89
2025-10-27 01:30:00,Monday,False,Night,22.57,66.6,Normal,0,4.67,998.3,468.52,0.605,283.45
2025-10-27 01:45:00,Monday,False,Night,23.7,76.9,Normal,0,5.08,1008.8,535.57,0.58,310.63
2025-10-27 02:00:00,Monday,False,Night,24.91,72.7,Normal,0,4.48,1007.2,499.19,0.601,300.01
2025-10-27 02:15:00,Monday,False,Night,24.88,67.6,Normal,0,4.36,973.5,479.17,0.604,289.42
2025-10-27 02:30:00,Monday,False,Night,23.23,59.3,Normal,0,4.25,968.3,400.15,0.609,243.69
2025-10-27 02:45:00,Monday,False,Night,24.27,61.0,Normal,0,4.26,977.4,435.85,0.605,263.69
2025-10-27 03:00:00,Monday,False,Night,23.98,53.4,Normal,0,3.85,958.9,375.3,0.615,230.81
2025-10-27 03:15:00,Monday,False,Night,24.73,52.4,Normal,0,4.04,940.6,382.44,0.582,222.58
2025-10-27 03:30:00,Monday,False,Night,26.44,48.8,Normal,0,3.58,942.4,356.98,0.606,216.33
2025-10-27 03:45:00,Monday,False,Night,24.21,57.5,Normal,0,4.05,963.5,412.35,0.604,249.06
2025-10-27 04:00:00,Monday,False,Night,24.22,55.7,Normal,0,3.94,957.6,409.24,0.608,248.82
2025-10-27 04:15:00,Monday,False,Night,25.01,59.6,Normal,0,4.29,977.2,407.59,0.614,250.26
2025-10-27 04:30:00,Monday,False,Night,26.04,51.0,Normal,0,3.56,949.0,372.68,0.589,219.51
2025-10-27 04:45:00,Monday,False,Night,26.42,53.8,Normal,0,3.87,958.8,382.08,0.612,233.83
2025-10-27 05:00:00,Monday,False,Night,26.37,48.3,Normal,0,3.43,940.3,342.06,0.603,206.26
2025-10-27 05:15:00,Monday,False,Night,27.03,48.1,Normal,0,3.64,952.8,370.84,0.592,219.54
2025-10-27 05:30:00,Monday,False,Night,24.73,63.8,Normal,0,4.51,990.8,455.69,0.583,265.67
2025-10-27 05:45:00,Monday,False,Night,27.13,69.9,Normal,0,4.79,996.4,483.79,0.592,286.4
2025-10-27 06:00:00,Monday,False,Day,25.94,82.9,Normal,0,5.15,1053.2,586.06,0.591,346.36
2025-10-27 06:15:00,Monday,False,Day,26.76,100.0,Normal,0,6.08,1067.7,707.2,0.589,416.54
2025-10-27 06:30:00,Monday,False,Day,25.09,94.1,Normal,0,5.72,1065.8,656.16,0.577,378.6
2025-10-27 06:45:00,Monday,False,Day,26.09,99.6,Normal,0,6.19,1064.7,700.54,0.587,411.22
2025-10-27 07:00:00,Monday,False,Day,26.21,88.3,Normal,0,5.47,1050.3,735.49,0.575,422.91
2025-10-27 07:15:00,Monday,False,Day,26.85,86.1,Normal,0,4.95,1044.7,586.29,0.588,344.74
2025-10-27 07:30:00,Monday,False,Day,24.54,77.5,Normal,0,5.15,1007.7,541.31,0.59,319.37
2025-10-27 07:45:00,Monday,False,Day,25.7,79.6,Normal,0,5.04,1020.9,560.42,0.562,314.96
2025-10-27 08:00:00,Monday,False,Day,24.65,80.2,Normal,0,5.09,1037.6,558.56,0.568,317.26
2025-10-27 08:15:00,Monday,False,Day,25.75,78.6,Normal,0,5.12,1013.0,566.04,0.574,324.91
2025-10-27 08:30:00,Monday,False,Day,25.78,85.5,Normal,0,5.16,1040.0,592.14,0.563,333.37
2025-10-27 08:45:00,Monday,False,Day,25.98,81.7,Normal,0,5.21,1030.1,581.75,0.544,316.47
2025-10-27 09:00:00,Monday,False,Day,24.29,83.7,Normal,0,5.37,1030.7,593.42,0.563,334.1
2025-10-27 09:15:00,Monday,False,Day,25.23,69.4,Normal,0,4.71,982.2,497.81,0.545,271.31
2025-10-27 09:30:00,Monday,False,Day,25.32,78.8,Normal,0,4.98,1026.3,565.75,0.55,311.16
2025-10-27 09:45:00,Monday,False,Day,22.65,74.7,Normal,0,5.04,1007.4,503.48,0.535,269.36
2025-10-27 10:00:00,Monday,False,Day,24.18,75.9,Normal,0,4.8,1020.3,527.55,0.549,289.62
2025-10-27 10:15:00,Monday,False,Day,24.16,80.4,Normal,0,5.05,1024.6,555.8,0.534,296.8
2025-10-27 10:30:00,Monday,False,Day,22.89,89.1,Normal,0,5.51,1044.0,622.93,0.544,338.87
2025-10-27 10:45:00,Monday,False,Day,21.83,87.0,Normal,0,5.48,1040.3,603.41,0.53,319.81
2025-10-27 11:00:00,Monday,False,Day,23.23,84.5,Normal,0,5.28,1024.3,581.13,0.524,304.51
2025-10-27 11:15:00,Monday,False,Day,21.2,78.9,Normal,0,5.26,1029.1,540.91,0.53,286.68
2025-10-27 11:30:00,Monday,False,Day,21.7,81.3,Normal,0,5.23,1020.0,566.31,0.512,289.95
2025-10-27 11:45:00,Monday,False,Day,21.48,79.6,Normal,0,5.12,1015.7,561.91,0.538,302.31
2025-10-27 12:00:00,Monday,False,Day,21.76,6.197055179669528,Stopped,0,1.63,617.6,33.37,0.52,17.35
2025-10-27 12:15:00,Monday,False,Day,20.36,78.1,Normal,0,5.15,1015.9,540.74,0.51,275.78
2025-10-27 12:30:00,Monday,False,Day,19.99,81.9,Normal,0,5.25,1021.3,562.53,0.509,286.33
2025-10-27 12:45:00,Monday,False,Day,20.29,78.5,Normal,0,4.79,1018.2,530.2,0.511,270.93
2025-10-27 13:00:00,Monday,False,Day,20.7,74.3,Normal,0,5.04,1009.7,516.57,0.519,268.1
2025-10-27 13:15:00,Monday,False,Day,21.41,7.726227100741098,Stopped,0,1.7,590.1,47.02,0.498,23.42
2025-10-27 13:30:00,Monday,False,Day,18.07,60.2,Normal,0,4.34,974.7,437.72,0.502,219.74
2025-10-27 13:45:00,Monday,False,Day,19.23,59.2,Normal,0,4.13,955.6,402.69,0.504,202.96
2025-10-27 14:00:00,Monday,False,Evening,17.82,49.0,Normal,0,3.45,941.3,350.12,0.518,181.36
2025-10-27 14:15:00,Monday,False,Evening,19.22,59.5,Normal,0,3.87,972.9,424.66,0.512,217.43
2025-10-27 14:30:00,Monday,False,Evening,17.39,58.8,Normal,0,4.03,968.3,399.96,0.517,206.78
2025-10-27 14:45:00,Monday,False,Evening,17.35,57.5,Normal,0,4.19,942.1,418.5,0.501,209.67
2025-10-27 15:00:00,Monday,False,Evening,17.18,59.4,Normal,0,4.4,963.6,416.76,0.515,214.63
2025-10-27 15:15:00,Monday,False,Evening,17.37,57.8,Normal,0,4.18,951.1,415.02,0.513,212.91
2025-10-27 15:30:00,Monday,False,Evening,17.48,57.6,Normal,0,3.96,970.7,402.31,0.507,203.97
2025-10-27 15:45:00,Monday,False,Evening,17.42,60.4,Normal,0,4.13,964.2,426.16,0.508,216.49
2025-10-27 16:00:00,Monday,False,Evening,16.85,59.7,Normal,0,4.42,974.5,440.04,0.495,217.82
2025-10-27 16:15:00,Monday,False,Evening,15.64,59.1,Normal,0,3.99,952.9,410.14,0.52,213.27
2025-10-27 16:30:00,Monday,False,Evening,17.15,55.1,Normal,0,4.32,957.0,407.14,0.5,203.57
2025-10-27 16:45:00,Monday,False,Evening,16.41,50.7,Normal,0,4.09,942.3,372.92,0.509,189.82
2025-10-27 17:00:00,Monday,False,Evening,17.29,54.1,Normal,0,4.28,973.6,384.92,0.511,196.69
2025-10-27 17:15:00,Monday,False,Evening,15.72,58.5,Normal,0,4.22,970.6,412.34,0.492,202.87
2025-10-27 17:30:00,Monday,False,Evening,14.95,52.1,Normal,0,3.82,953.5,370.94,0.507,188.07
2025-10-27 17:45:00,Monday,False,Evening,16.17,59.5,Normal,0,4.26,980.3,406.37,0.512,208.06
2025-10-27 18:00:00,Monday,False,Evening,17.22,66.1,Normal,0,4.64,983.7,467.59,0.511,238.94
2025-10-27 18:15:00,Monday,False,Evening,16.33,73.1,Normal,0,4.72,997.4,511.75,0.514,263.04
2025-10-27 18:30:00,Monday,False,Evening,16.07,75.3,Normal,0,4.75,1001.8,527.09,0.531,279.88
2025-10-27 18:45:00,Monday,False,Evening,15.59,79.2,Normal,0,5.05,1015.5,563.16,0.511,287.77
2025-10-27 19:00:00,Monday,False,Evening,17.76,91.9,Normal,0,5.53,1024.2,648.56,0.509,330.12
2025-10-27 19:15:00,Monday,False,Evening,15.63,88.2,Normal,0,5.67,1035.4,612.13,0.518,317.08
2025-10-27 19:30:00,Monday,False,Evening,15.99,80.4,Normal,0,5.05,1018.0,552.49,0.534,295.03
2025-10-27 19:45:00,Monday,False,Evening,17.16,70.7,Normal,0,4.73,991.6,499.44,0.538,268.7
2025-10-27 20:00:00,Monday,False,Evening,15.37,81.9,Normal,0,5.36,1007.2,574.26,0.539,309.53
2025-10-27 20:15:00,Monday,False,Evening,18.05,91.8,Normal,0,5.84,1045.1,645.43,0.545,351.76
2025-10-27 20:30:00,Monday,False,Evening,17.72,84.3,Normal,0,5.35,1015.1,577.08,0.542,312.78
2025-10-27 20:45:00,Monday,False,Evening,18.15,79.0,Normal,0,5.14,1028.6,545.0,0.537,292.67
2025-10-27 21:00:00,Monday,False,Evening,18.1,76.7,Normal,0,4.83,1006.6,534.94,0.536,286.73
2025-10-27 21:15:00,Monday,False,Evening,17.76,83.9,Normal,0,5.45,1009.9,565.19,0.536,302.94
2025-10-27 21:30:00,Monday,False,Evening,17.29,75.3,Normal,0,5.11,1002.8,502.13,0.55,276.17
2025-10-27 21:45:00,Monday,False,Evening,18.3,63.6,Normal,0,4.11,983.2,446.72,0.563,251.5
2025-10-27 22:00:00,Monday,False,Night,17.91,70.1,Normal,0,4.95,993.4,486.41,0.561,272.88
2025-10-27 22:15:00,Monday,False,Night,19.36,71.7,Normal,0,4.65,989.8,499.89,0.562,280.94
2025-10-27 22:30:00,Monday,False,Night,19.92,74.0,Normal,0,4.95,997.9,530.37,0.555,294.36
2025-10-27 22:45:00,Monday,False,Night,20.76,72.0,Normal,0,4.78,996.7,489.69,0.594,290.88
2025-10-27 23:00:00,Monday,False,Night,20.19,74.3,Normal,0,4.86,1000.8,594.25,0.563,334.56
2025-10-27 23:15:00,Monday,False,Night,20.95,64.5,Normal,0,4.4,970.3,446.09,0.575,256.5
2025-10-27 23:30:00,Monday,False,Night,20.3,59.9,Normal,0,4.08,967.8,411.49,0.587,241.54
2025-10-27 23:45:00,Monday,False,Night,20.48,61.5,Normal,0,4.38,961.9,431.45,0.58,250.24
2025-10-28 00:00:00,Tuesday,False,Night,21.76,48.6,Normal,0,3.66,948.9,358.3,0.574,205.66
2025-10-28 00:15:00,Tuesday,False,Night,21.4,49.1,Normal,0,3.53,950.8,356.37,0.593,211.33
2025-10-28 00:30:00,Tuesday,False,Night,22.25,49.2,Normal,0,3.58,935.2,353.69,0.574,203.02
2025-10-28 00:45:00,Tuesday,False,Night,21.51,49.7,Normal,0,3.56,938.1,366.07,0.606,221.84
2025-10-28 01:00:00,Tuesday,False,Night,21.97,48.5,Normal,0,3.62,937.8,357.54,0.594,212.38
2025-10-28 01:15:00,Tuesday,False,Night,23.5,44.9,Normal,0,3.61,933.2,331.71,0.59,195.71
2025-10-28 01:30:00,Tuesday,False,Night,24.0,36.7,Normal,0,3.04,915.4,292.16,0.58,169.45
2025-10-28 01:45:00,Tuesday,False,Night,22.8,41.4,Normal,0,3.52,927.8,300.27,0.584,175.36
2025-10-28 02:00:00,Tuesday,False,Night,24.42,42.8,Normal,0,3.42,932.5,331.18,0.596,197.38
2025-10-28 02:15:00,Tuesday,False,Night,23.73,37.5,Normal,0,3.14,927.6,292.19,0.617,180.28
2025-10-28 02:30:00,Tuesday,False,Night,24.44,41.6,Normal,0,3.38,926.4,301.98,0.601,181.49
2025-10-28 02:45:00,Tuesday,False,Night,25.81,43.0,Normal,0,3.66,920.1,320.6,0.603,193.32
2025-10-28 03:00:00,Tuesday,False,Night,25.56,43.2,Normal,0,3.25,918.0,328.49,0.604,198.41
2025-10-28 03:15:00,Tuesday,False,Night,25.78,33.2,Normal,0,3.23,919.1,267.36,0.624,166.83
2025-10-28 03:30:00,Tuesday,False,Night,26.88,41.5,Normal,0,3.52,931.7,320.59,0.596,191.07
2025-10-28 03:45:00,Tuesday,False,Night,24.98,37.3,Normal,0,3.17,917.3,299.62,0.615,184.27
2025-10-28 04:00:00,Tuesday,False,Night,24.92,41.4,Normal,0,3.55,929.4,316.64,0.595,188.4
2025-10-28 04:15:00,Tuesday,False,Night,25.29,39.7,Normal,0,3.24,923.2,294.22,0.592,174.18
2025-10-28 04:30:00,Tuesday,False,Night,,40.8,Normal,0,3.38,928.5,309.98,0.597,185.06
2025-10-28 04:45:00,Tuesday,False,Night,24.23,50.9,Normal,0,3.73,946.1,350.87,0.596,209.12
2025-10-28 05:00:00,Tuesday,False,Night,26.05,56.2,Normal,0,4.2,972.2,396.9,0.601,238.54
2025-10-28 05:15:00,Tuesday,False,Night,25.85,64.4,Normal,0,4.32,979.9,436.56,0.571,249.28
2025-10-28 05:30:00,Tuesday,False,Night,26.97,66.8,Normal,0,4.53,983.7,464.42,0.594,275.87
2025-10-28 05:45:00,Tuesday,False,Night,26.65,69.3,Normal,0,4.75,983.4,470.11,0.584,274.54
2025-10-28 06:00:00,Tuesday,False,Day,25.9,72.5,Normal,0,4.95,1002.5,507.07,0.581,294.61
2025-10-28 06:15:00,Tuesday,False,Day,26.84,71.7,Normal,0,4.63,1013.3,508.05,0.573,291.11
2025-10-28 06:30:00,Tuesday,False,Day,26.92,71.6,Normal,0,4.87,999.3,511.3,0.58,296.55
2025-10-28 06:45:00,Tuesday,False,Day,25.67,80.2,Normal,0,4.99,1012.4,541.18,0.576,311.72
2025-10-28 07:00:00,Tuesday,False,Day,25.82,77.4,Normal,0,4.69,1018.8,525.1,0.574,301.41
2025-10-28 07:15:00,Tuesday,False,Day,24.34,98.4,Normal,0,5.82,1062.7,699.96,0.559,391.28
2025-10-28 07:30:00,Tuesday,False,Day,25.13,81.2,Normal,0,5.3,1037.9,574.45,0.574,329.73
2025-10-28 07:45:00,Tuesday,False,Day,25.27,88.2,Normal,0,5.49,1051.7,610.07,0.562,342.86
2025-10-28 08:00:00,Tuesday,False,Day,25.77,86.7,Normal,0,5.34,1029.6,597.21,0.551,329.06
2025-10-28 08:15:00,Tuesday,False,Day,24.78,91.1,Normal,0,5.62,1048.6,638.11,0.558,356.07
2025-10-28 08:30:00,Tuesday,False,Day,24.94,79.8,Normal,0,5.12,1015.8,535.47,0.553,296.11
2025-10-28 08:45:00,Tuesday,False,Day,24.16,70.3,Normal,0,4.79,988.2,494.84,0.558,276.12
2025-10-28 09:00:00,Tuesday,False,Day,25.05,58.0,Normal,0,3.9,967.0,416.0,0.549,228.38
2025-10-28 09:15:00,Tuesday,False,Day,25.02,65.6,Normal,0,4.47,993.0,454.04,0.537,243.82
2025-10-28 09:30:00,Tuesday,False,Day,24.75,71.6,Normal,0,4.77,1000.5,483.45,0.539,260.58
2025-10-28 09:45:00,Tuesday,False,Day,24.17,78.3,Normal,0,4.85,1013.4,553.76,0.527,291.83
2025-10-28 10:00:00,Tuesday,False,Day,22.65,74.6,Normal,0,4.68,989.4,514.78,0.553,284.67
2025-10-28 10:15:00,Tuesday,False,Day,23.1,72.1,Normal,0,4.72,995.8,506.34,0.551,278.99
2025-10-28 10:30:00,Tuesday,False,Day,22.97,72.6,Normal,0,4.8,1006.7,491.24,0.549,269.69
2025-10-28 10:45:00,Tuesday,False,Day,22.67,82.4,Normal,0,5.23,1015.8,558.64,0.526,293.84
2025-10-28 11:00:00,Tuesday,False,Day,22.74,92.5,Normal,0,5.59,1062.1,651.27,0.542,352.99
2025-10-28 11:15:00,Tuesday,False,Day,23.5,96.0,Normal,0,5.74,1056.5,683.27,0.53,362.13
2025-10-28 11:30:00,Tuesday,False,Day,22.68,96.3,Normal,0,5.78,1062.8,664.97,0.515,342.46
2025-10-28 11:45:00,Tuesday,False,Day,20.92,100.0,Normal,0,6.04,1065.9,705.77,0.514,362.77
2025-10-28 12:00:00,Tuesday,False,Day,21.92,98.6,Normal,0,6.13,1057.0,682.07,0.516,351.95
2025-10-28 12:15:00,Tuesday,False,Day,21.57,94.3,Normal,0,5.42,1058.9,648.87,0.516,334.82
2025-10-28 12:30:00,Tuesday,False,Day,20.08,92.0,Normal,0,5.75,1043.7,642.63,0.517,332.24
2025-10-28 12:45:00,Tuesday,False,Day,21.09,84.9,Normal,0,5.33,1024.9,594.94,0.511,304.01
2025-10-28 13:00:00,Tuesday,False,Day,19.96,83.5,Normal,0,5.36,1008.1,559.36,0.506,283.04
2025-10-28 13:15:00,Tuesday,False,Day,18.65,76.7,Normal,0,5.16,1019.5,549.29,0.521,286.18
2025-10-28 13:30:00,Tuesday,False,Day,19.83,83.4,Normal,0,5.16,1026.8,575.98,0.504,290.29
2025-10-28 13:45:00,Tuesday,False,Day,19.34,86.5,Normal,0,5.55,1043.0,618.59,0.502,310.53
2025-10-28 14:00:00,Tuesday,False,Evening,18.7,88.6,Normal,0,5.32,1043.8,622.11,0.501,311.68
2025-10-28 14:15:00,Tuesday,False,Evening,18.57,77.3,Normal,0,5.03,1019.4,545.85,0.501,273.47
2025-10-28 14:30:00,Tuesday,False,Evening,17.76,88.5,Normal,0,5.46,1033.3,636.36,0.488,310.54
2025-10-28 14:45:00,Tuesday,False,Evening,18.57,77.6,Normal,0,5.03,1000.3,529.79,0.491,260.13
2025-10-28 15:00:00,Tuesday,False,Evening,17.81,70.2,Normal,0,4.54,998.2,486.67,0.525,255.5
2025-10-28 15:15:00,Tuesday,False,Evening,17.76,67.2,Normal,0,4.62,985.6,458.97,0.484,222.14
2025-10-28 15:30:00,Tuesday,False,Evening,17.7,76.1,Normal,0,5.19,1003.1,530.71,0.503,266.95
2025-10-28 15:45:00,Tuesday,False,Evening,16.3,77.4,Normal,0,4.87,1014.9,620.02,0.504,312.49
2025-10-28 16:00:00,Tuesday,False,Evening,16.34,75.8,Normal,0,4.97,1007.4,537.61,0.511,274.72
2025-10-28 16:15:00,Tuesday,False,Evening,15.13,71.1,Normal,0,4.86,997.4,492.32,0.505,248.62
2025-10-28 16:30:00,Tuesday,False,Evening,17.21,63.4,Normal,0,4.34,966.5,429.46,0.521,223.75
2025-10-28 16:45:00,Tuesday,False,Evening,15.68,71.7,Normal,0,4.96,1002.0,502.49,0.506,254.26
2025-10-28 17:00:00,Tuesday,False,Evening,16.66,77.0,Normal,0,4.93,1008.2,524.31,0.518,271.59
2025-10-28 17:15:00,Tuesday,False,Evening,16.77,85.0,Normal,0,5.33,1037.0,585.87,0.517,302.89
2025-10-28 17:30:00,Tuesday,False,Evening,16.91,86.3,Normal,0,5.25,1039.4,605.4,0.523,316.62
2025-10-28 17:45:00,Tuesday,False,Evening,15.43,69.2,Normal,0,4.67,993.2,486.44,0.51,248.08
2025-10-28 18:00:00,Tuesday,False,Evening,16.33,62.6,Normal,0,4.35,971.1,446.1,0.516,230.19
2025-10-28 18:15:00,Tuesday,False,Evening,17.73,67.0,Normal,0,4.64,989.8,465.09,0.51,237.2
2025-10-28 18:30:00,Tuesday,False,Evening,17.8,65.8,Normal,0,4.4,990.0,467.62,0.518,242.23
2025-10-28 18:45:00,Tuesday,False,Evening,17.27,63.7,Normal,0,4.3,980.3,443.66,0.521,231.15
2025-10-28 19:00:00,Tuesday,False,Evening,16.82,58.6,Normal,0,4.24,964.0,411.31,0.501,206.07
2025-10-28 19:15:00,Tuesday,False,Evening,15.84,66.3,Normal,0,4.73,986.5,454.96,0.523,237.94
2025-10-28 19:30:00,Tuesday,False,Evening,17.34,70.2,Normal,0,4.79,987.6,468.07,0.536,250.89
2025-10-28 19:45:00,Tuesday,False,Evening,16.77,73.9,Normal,0,5.13,1012.7,502.8,0.516,259.44
2025-10-28 20:00:00,Tuesday,False,Evening,17.5,70.4,Normal,0,4.78,978.9,491.38,0.523,256.99
2025-10-28 20:15:00,Tuesday,False,Evening,16.72,72.1,Normal,0,4.85,996.3,492.55,0.548,269.92
2025-10-28 20:30:00,Tuesday,False,Evening,17.28,64.6,Normal,0,4.54,974.5,435.8,0.553,241.0
2025-10-28 20:45:00,Tuesday,False,Evening,17.75,65.1,Normal,0,4.69,974.2,453.46,0.536,243.05
2025-10-28 21:00:00,Tuesday,False,Evening,18.04,51.3,Normal,0,4.02,947.5,375.03,0.547,205.14
2025-10-28 21:15:00,Tuesday,False,Evening,18.48,44.8,Normal,0,3.37,920.2,331.86,0.548,181.86
2025-10-28 21:30:00,Tuesday,False,Evening,17.87,46.6,Normal,0,3.73,950.4,344.62,0.564,194.37
2025-10-28 21:45:00,Tuesday,False,Evening,17.53,64.4,Normal,0,4.47,,448.66,0.55,246.76
2025-10-28 22:00:00,Tuesday,False,Night,20.18,47.0,Normal,0,3.6,928.4,337.29,0.555,187.2
2025-10-28 22:15:00,Tuesday,False,Night,21.16,42.1,Normal,0,3.14,916.2,317.41,0.575,182.51
2025-10-28 22:30:00,Tuesday,False,Night,19.83,46.5,Normal,0,3.38,936.1,335.23,0.555,186.05
2025-10-28 22:45:00,Tuesday,False,Night,18.72,59.7,Normal,0,4.16,974.7,418.52,0.563,235.63
2025-10-28 23:00:00,Tuesday,False,Night,19.47,61.9,Normal,0,4.1,976.9,440.37,0.573,252.33
2025-10-28 23:15:00,Tuesday,False,Night,20.81,66.8,Normal,0,4.49,997.8,473.21,0.589,278.72
2025-10-28 23:30:00,Tuesday,False,Night,21.8,64.9,Normal,0,4.56,975.5,452.48,0.565,255.65
2025-10-28 23:45:00,Tuesday,False,Night,20.08,62.2,Normal,0,4.24,979.2,431.02,0.573,246.97
2025-10-29 00:00:00,Wednesday,False,Night,21.48,63.4,Normal,0,4.4,975.7,439.98,0.588,258.71
2025-10-29 00:15:00,Wednesday,False,Night,22.07,60.0,Normal,0,4.07,971.9,398.8,0.592,236.09
2025-10-29 00:30:00,Wednesday,False,Night,22.93,65.3,Normal,0,4.52,992.9,468.15,0.589,275.74
2025-10-29 00:45:00,Wednesday,False,Night,22.28,56.0,Normal,0,4.12,946.7,390.44,0.588,229.58
2025-10-29 01:00:00,Wednesday,False,Night,21.63,62.8,Normal,0,4.14,992.6,445.32,0.592,263.63
2025-10-29 01:15:00,Wednesday,False,Night,23.69,63.7,Normal,0,4.29,979.4,443.68,0.578,256.45
2025-10-29 01:30:00,Wednesday,False,Night,24.4,62.9,Normal,0,4.17,966.3,449.66,0.595,267.55
2025-10-29 01:45:00,Wednesday,False,Night,23.73,53.6,Normal,0,4.01,949.8,388.82,0.611,237.57
2025-10-29 02:00:00,Wednesday,False,Night,24.41,49.5,Normal,0,3.77,946.5,368.11,0.584,214.98
2025-10-29 02:15:00,Wednesday,False,Night,23.98,58.9,Normal,0,4.17,963.3,408.47,0.59,241.0
2025-10-29 02:30:00,Wednesday,False,Night,23.95,58.7,Normal,0,4.15,951.9,399.22,0.595,237.54
2025-10-29 02:45:00,Wednesday,False,Night,25.7,61.5,Normal,0,4.35,977.5,433.88,0.596,258.59
2025-10-29 03:00:00,Wednesday,False,Night,25.43,57.0,Normal,0,4.15,959.5,384.77,0.618,237.79
2025-10-29 03:15:00,Wednesday,False,Night,25.74,58.2,Normal,0,4.07,973.7,405.12,0.591,239.43
2025-10-29 03:30:00,Wednesday,False,Night,26.75,51.1,Normal,0,3.73,943.0,353.79,0.589,208.38
2025-10-29 03:45:00,Wednesday,False,Night,24.9,53.7,Normal,0,3.93,974.7,376.18,0.607,228.34
2025-10-29 04:00:00,Wednesday,False,Night,25.47,57.7,Normal,0,4.1,971.1,413.51,0.593,245.21
2025-10-29 04:15:00,Wednesday,False,Night,26.19,60.8,Normal,0,4.58,976.9,438.1,0.606,265.49
2025-10-29 04:30:00,Wednesday,False,Night,25.75,56.3,Normal,0,4.0,968.7,396.79,0.596,236.49
2025-10-29 04:45:00,Wednesday,False,Night,26.95,55.6,Normal,0,4.07,948.4,397.7,0.601,239.02
2025-10-29 05:00:00,Wednesday,False,Night,26.26,60.3,Normal,0,4.31,970.2,419.36,0.58,243.23
2025-10-29 05:15:00,Wednesday,False,Night,25.69,60.0,Normal,0,4.44,987.2,451.16,0.598,269.79
2025-10-29 05:30:00,Wednesday,False,Night,26.59,59.2,Normal,0,4.07,969.1,417.62,0.594,248.07
2025-10-29 05:45:00,Wednesday,False,Night,26.71,90.4,Normal,0,5.78,1049.3,629.71,0.588,370.27
2025-10-29 06:00:00,Wednesday,False,Day,27.33,79.5,Normal,0,5.08,1019.3,560.28,0.576,322.72
2025-10-29 06:15:00,Wednesday,False,Day,26.89,86.3,Normal,0,5.78,1051.4,621.58,0.588,365.49
2025-10-29 06:30:00,Wednesday,False,Day,26.91,78.9,Normal,0,5.13,1019.2,541.03,0.591,319.75
2025-10-29 06:45:00,Wednesday,False,Day,26.74,83.2,Normal,0,5.08,1021.8,560.41,0.576,322.8
2025-10-29 07:00:00,Wednesday,False,Day,26.26,87.3,Normal,0,5.42,1062.3,597.79,0.573,342.53
2025-10-29 07:15:00,Wednesday,False,Day,25.75,83.6,Normal,0,5.49,1021.0,577.72,0.584,337.39
2025-10-29 07:30:00,Wednesday,False,Day,26.43,76.1,Normal,0,4.97,1013.0,528.02,0.59,311.53
2025-10-29 07:45:00,Wednesday,False,Day,25.8,65.0,Normal,0,4.45,978.8,436.86,0.579,252.94
2025-10-29 08:00:00,Wednesday,False,Day,27.27,63.3,Normal,0,4.49,976.9,440.32,0.569,250.54
2025-10-29 08:15:00,Wednesday,False,Day,26.82,68.7,Normal,0,4.57,987.1,474.4,0.561,266.14
2025-10-29 08:30:00,Wednesday,False,Day,26.06,63.9,Normal,0,4.38,978.7,449.16,0.56,251.53
2025-10-29 08:45:00,Wednesday,False,Day,25.65,66.6,Normal,0,4.39,997.3,468.46,0.544,254.84
2025-10-29 09:00:00,Wednesday,False,Day,25.05,59.6,Normal,0,4.47,956.2,426.88,0.553,236.06
2025-10-29 09:15:00,Wednesday,False,Day,23.87,60.9,Normal,0,4.09,983.8,442.98,0.562,248.95
2025-10-29 09:30:00,Wednesday,False,Day,24.46,56.5,Normal,0,4.1,971.9,412.42,0.548,226.01
2025-10-29 09:45:00,Wednesday,False,Day,24.44,59.1,Normal,0,4.26,973.8,420.11,0.538,226.02
2025-10-29 10:00:00,Wednesday,False,Day,24.27,58.9,Normal,0,4.18,970.1,405.41,0.534,216.49
2025-10-29 10:15:00,Wednesday,False,Day,24.17,54.5,Normal,0,3.79,960.2,378.13,0.538,203.43
2025-10-29 10:30:00,Wednesday,False,Day,24.23,53.8,Normal,0,3.8,967.7,367.89,0.523,192.41
2025-10-29 10:45:00,Wednesday,False,Day,22.64,51.6,Normal,0,3.92,935.5,372.47,0.523,194.8
2025-10-29 11:00:00,Wednesday,False,Day,22.33,47.4,Normal,0,3.53,944.6,347.89,0.544,189.25
2025-10-29 11:15:00,Wednesday,False,Day,23.72,58.0,Normal,0,3.83,960.4,412.31,0.516,212.75
2025-10-29 11:30:00,Wednesday,False,Day,22.85,58.7,Normal,0,4.23,974.0,417.96,0.515,215.25
2025-10-29 11:45:00,Wednesday,False,Day,21.6,48.3,Normal,0,3.56,935.5,359.16,0.523,187.84
2025-10-29 12:00:00,Wednesday,False,Day,21.5,48.6,Normal,0,3.8,946.8,366.01,0.513,187.76
2025-10-29 12:15:00,Wednesday,False,Day,21.17,58.1,Normal,0,4.11,952.2,398.0,0.516,205.37
2025-10-29 12:30:00,Wednesday,False,Day,20.96,56.4,Normal,0,4.03,946.6,392.51,0.522,204.89
2025-10-29 12:45:00,Wednesday,False,Day,20.99,68.5,Normal,0,4.62,989.5,476.34,0.495,235.79
2025-10-29 13:00:00,Wednesday,False,Day,22.32,65.0,Normal,0,4.29,994.2,444.45,0.517,229.78
2025-10-29 13:15:00,Wednesday,False,Day,20.13,70.0,Normal,0,4.56,997.8,482.07,0.501,241.52
2025-10-29 13:30:00,Wednesday,False,Day,20.2,77.7,Normal,0,4.99,1017.0,541.83,0.503,272.54
2025-10-29 13:45:00,Wednesday,False,Day,18.02,80.9,Normal,0,4.99,1025.9,557.79,0.523,291.72
2025-10-29 14:00:00,Wednesday,False,Evening,18.7,66.8,Normal,0,4.65,981.2,466.85,0.489,228.29
2025-10-29 14:15:00,Wednesday,False,Evening,19.79,62.2,Normal,0,4.28,978.6,425.54,0.508,216.17
2025-10-29 14:30:00,Wednesday,False,Evening,18.86,70.9,Normal,0,4.5,990.1,493.0,0.512,252.42
2025-10-29 14:45:00,Wednesday,False,Evening,14.78,66.7,Normal,0,4.45,978.5,466.81,0.494,230.6
2025-10-29 15:00:00,Wednesday,False,Evening,18.59,73.7,Normal,0,4.86,1000.0,503.77,0.494,248.86
2025-10-29 15:15:00,Wednesday,False,Evening,19.36,71.4,Normal,0,4.68,992.0,481.26,0.496,238.7
2025-10-29 15:30:00,Wednesday,False,Evening,16.02,72.8,Normal,0,4.87,996.7,518.37,0.493,255.56
2025-10-29 15:45:00,Wednesday,False,Evening,18.64,64.8,Normal,0,4.53,977.3,470.86,0.501,235.9
2025-10-29 16:00:00,Wednesday,False,Evening,15.04,62.5,Normal,0,4.7,965.0,445.38,0.51,227.14
2025-10-29 16:15:00,Wednesday,False,Evening,17.85,58.9,Normal,0,4.35,962.8,413.97,0.498,206.16
2025-10-29 16:30:00,Wednesday,False,Evening,16.96,62.3,Normal,0,4.09,973.0,442.09,0.512,226.35
2025-10-29 16:45:00,Wednesday,False,Evening,14.97,64.5,Normal,0,4.38,966.8,452.91,0.517,234.15
2025-10-29 17:00:00,Wednesday,False,Evening,17.11,68.7,Normal,0,4.58,991.2,474.88,0.509,241.71
2025-10-29 17:15:00,Wednesday,False,Evening,17.6,66.6,Normal,0,4.62,979.0,474.7,0.511,242.57
2025-10-29 17:30:00,Wednesday,False,Evening,16.92,1.6048590062965653,Stopped,0,1.18,616.9,25.76,0.502,12.93
2025-10-29 17:45:00,Wednesday,False,Evening,17.06,64.9,Normal,0,4.37,973.0,443.8,0.484,214.8
2025-10-29 18:00:00,Wednesday,False,Evening,16.25,60.1,Normal,0,4.05,974.1,422.99,0.518,219.11
2025-10-29 18:15:00,Wednesday,False,Evening,15.11,68.4,Normal,0,4.52,993.1,475.52,0.522,248.22
2025-10-29 18:30:00,Wednesday,False,Evening,17.18,68.7,Normal,0,4.54,979.5,481.71,0.519,250.01
2025-10-29 18:45:00,Wednesday,False,Evening,18.08,67.6,Normal,0,4.53,990.1,481.78,0.528,254.38
2025-10-29 19:00:00,Wednesday,False,Evening,17.66,71.4,Normal,0,4.57,1006.6,477.86,0.516,246.58
2025-10-29 19:15:00,Wednesday,False,Evening,15.26,71.5,Normal,0,4.9,985.8,498.62,0.529,263.77
2025-10-29 19:30:00,Wednesday,False,Evening,15.75,62.1,Normal,0,4.4,963.3,454.38,0.542,246.27
2025-10-29 19:45:00,Wednesday,False,Evening,16.42,57.4,Normal,0,3.9,964.9,395.95,0.537,212.63
2025-10-29 20:00:00,Wednesday,False,Evening,15.98,65.9,Normal,0,4.5,969.5,451.09,0.546,246.3
2025-10-29 20:15:00,Wednesday,False,Evening,17.46,67.7,Normal,0,4.34,979.4,443.71,0.55,244.04
2025-10-29 20:30:00,Wednesday,False,Evening,17.93,58.6,Normal,0,4.37,955.1,416.79,0.527,219.65
2025-10-29 20:45:00,Wednesday,False,Evening,16.68,62.8,Normal,0,4.6,978.7,449.75,0.55,247.36
2025-10-29 21:00:00,Wednesday,False,Evening,18.67,61.0,Normal,0,4.27,964.3,433.05,0.539,233.41
2025-10-29 21:15:00,Wednesday,False,Evening,18.77,57.6,Normal,0,3.99,959.1,393.73,0.538,211.83
2025-10-29 21:30:00,Wednesday,False,Evening,18.1,52.9,Normal,0,3.81,943.1,375.85,0.549,206.34
2025-10-29 21:45:00,Wednesday,False,Evening,18.67,61.7,Normal,0,4.24,980.8,433.97,0.573,248.66
2025-10-29 22:00:00,Wednesday,False,Night,17.52,43.6,Normal,0,3.46,918.5,364.94,0.553,201.81
2025-10-29 22:15:00,Wednesday,False,Night,19.11,41.5,Normal,0,3.58,910.2,304.9,0.544,165.87
2025-10-29 22:30:00,Wednesday,False,Night,19.68,45.4,Normal,0,3.7,920.1,337.17,0.551,185.78
2025-10-29 22:45:00,Wednesday,False,Night,20.11,57.6,Normal,0,4.27,968.0,401.71,0.573,230.18
2025-10-29 23:00:00,Wednesday,False,Night,20.59,62.2,Normal,0,4.36,980.5,417.84,0.564,235.66
2025-10-29 23:15:00,Wednesday,False,Night,20.8,57.8,Normal,0,3.96,,412.55,0.554,228.55
2025-10-29 23:30:00,Wednesday,False,Night,20.72,68.2,Normal,0,4.49,979.4,473.02,0.563,266.31
2025-10-29 23:45:00,Wednesday,False,Night,21.49,60.0,Normal,0,4.24,967.7,427.65,0.581,248.46
2025-10-30 00:00:00,Thursday,False,Night,22.59,62.6,Normal,0,4.17,996.4,431.2,0.59,254.41
2025-10-30 00:15:00,Thursday,False,Night,22.04,66.2,Normal,0,4.56,983.1,468.33,0.58,271.63
2025-10-30 00:30:00,Thursday,False,Night,22.7,61.1,Normal,0,4.4,968.8,440.72,0.593,261.35
2025-10-30 00:45:00,Thursday,False,Night,22.62,66.1,Normal,0,4.59,985.6,479.79,0.598,286.91
2025-10-30 01:00:00,Thursday,False,Night,22.57,63.2,Normal,0,4.45,982.7,451.85,0.583,263.43
2025-10-30 01:15:00,Thursday,False,Night,23.82,68.0,Normal,0,4.31,995.6,472.4,0.592,279.66
2025-10-30 01:30:00,Thursday,False,Night,23.26,57.0,Normal,0,4.29,958.6,392.59,0.588,230.84
2025-10-30 01:45:00,Thursday,False,Night,24.31,60.3,Normal,0,4.01,967.9,418.12,0.601,251.29
2025-10-30 02:00:00,Thursday,False,Night,24.31,58.7,Normal,0,4.15,966.2,398.99,0.591,235.8
2025-10-30 02:15:00,Thursday,False,Night,24.33,66.8,Normal,0,4.63,983.0,458.44,0.586,268.65
2025-10-30 02:30:00,Thursday,False,Night,24.57,66.6,Normal,0,4.58,978.7,483.83,0.599,289.81
2025-10-30 02:45:00,Thursday,False,Night,24.68,74.3,Normal,0,4.68,1022.4,503.23,0.611,307.47
2025-10-30 03:00:00,Thursday,False,Night,24.01,76.6,Normal,0,4.81,1009.9,504.99,0.605,305.52
2025-10-30 03:15:00,Thursday,False,Night,25.86,74.8,Normal,0,4.94,1007.3,528.01,0.61,322.09
2025-10-30 03:30:00,Thursday,False,Night,25.94,78.7,Normal,0,5.15,1017.3,541.03,0.609,329.49
2025-10-30 03:45:00,Thursday,False,Night,26.63,82.2,Normal,0,5.06,1028.6,576.22,0.6,345.73
2025-10-30 04:00:00,Thursday,False,Night,25.7,83.3,Normal,0,5.33,1034.7,569.05,0.593,337.45
2025-10-30 04:15:00,Thursday,False,Night,27.79,67.7,Normal,0,4.35,990.2,462.91,0.59,273.12
2025-10-30 04:30:00,Thursday,False,Night,26.11,61.9,Normal,0,4.41,987.2,448.35,0.582,260.94
2025-10-30 04:45:00,Thursday,False,Night,25.83,70.9,Normal,0,4.59,1005.1,477.54,0.608,290.34
2025-10-30 05:00:00,Thursday,False,Night,25.83,63.0,Normal,0,4.38,979.0,439.39,0.592,260.12
2025-10-30 05:15:00,Thursday,False,Night,25.31,68.9,Normal,0,4.62,989.6,481.62,0.577,277.89
2025-10-30 05:30:00,Thursday,False,Night,27.97,73.0,Normal,0,4.99,1016.0,503.75,0.604,304.26
2025-10-30 05:45:00,Thursday,False,Night,27.88,68.1,Normal,0,4.63,993.7,477.14,0.591,281.99
2025-10-30 06:00:00,Thursday,False,Day,27.27,70.1,Normal,0,4.6,989.5,485.28,0.598,290.2
2025-10-30 06:15:00,Thursday,False,Day,26.06,68.1,Normal,0,4.65,1001.7,481.07,0.583,280.46
2025-10-30 06:30:00,Thursday,False,Day,28.2,82.2,Normal,0,5.55,1024.6,595.46,0.576,342.98
2025-10-30 06:45:00,Thursday,False,Day,26.41,77.0,Normal,0,5.1,1023.0,563.83,0.586,330.4
2025-10-30 07:00:00,Thursday,False,Day,26.41,72.9,Normal,0,4.8,985.7,509.15,0.584,297.34
2025-10-30 07:15:00,Thursday,False,Day,27.68,68.0,Normal,0,4.47,991.6,470.01,0.573,269.32
2025-10-30 07:30:00,Thursday,False,Day,26.94,76.9,Normal,0,4.9,1025.5,537.49,0.586,314.97
2025-10-30 07:45:00,Thursday,False,Day,28.04,76.1,Normal,0,5.06,1015.1,528.03,0.58,306.26
2025-10-30 08:00:00,Thursday,False,Day,26.32,73.1,Normal,0,4.69,1011.0,489.85,0.573,280.68
2025-10-30 08:15:00,Thursday,False,Day,25.63,82.6,Normal,0,5.24,1022.2,573.29,0.553,317.03
2025-10-30 08:30:00,Thursday,False,Day,25.27,96.7,Normal,0,6.07,1067.1,695.39,0.548,381.07
2025-10-30 08:45:00,Thursday,False,Day,24.07,80.0,Normal,0,5.15,1021.7,541.39,0.57,308.59
2025-10-30 09:00:00,Thursday,False,Day,25.1,72.9,Normal,0,4.65,1006.7,493.65,0.532,262.62
2025-10-30 09:15:00,Thursday,False,Day,26.0,80.9,Normal,0,5.49,1041.8,563.47,0.55,309.91
2025-10-30 09:30:00,Thursday,False,Day,25.31,81.2,Normal,0,5.44,1036.1,573.51,0.549,314.86
2025-10-30 09:45:00,Thursday,False,Day,24.59,72.0,Normal,0,4.85,1008.4,525.79,0.54,283.93
2025-10-30 10:00:00,Thursday,False,Day,23.49,62.5,Normal,0,4.54,983.9,433.58,0.541,234.57
2025-10-30 10:15:00,Thursday,False,Day,24.18,58.1,Normal,0,4.1,959.7,409.61,0.542,222.01
2025-10-30 10:30:00,Thursday,False,Day,24.51,53.6,Normal,0,4.05,952.2,384.5,0.529,203.4
2025-10-30 10:45:00,Thursday,False,Day,23.74,44.7,Normal,0,3.46,920.9,325.92,0.541,176.32
2025-10-30 11:00:00,Thursday,False,Day,23.22,42.6,Normal,0,3.22,917.3,314.35,0.535,168.18
2025-10-30 11:15:00,Thursday,False,Day,22.13,41.8,Normal,0,3.78,917.5,316.71,0.524,165.96
2025-10-30 11:30:00,Thursday,False,Day,23.14,43.8,Normal,0,3.27,930.2,349.59,0.515,180.04
2025-10-30 11:45:00,Thursday,False,Day,19.61,58.6,Normal,0,4.21,954.8,420.37,0.519,218.17
2025-10-30 12:00:00,Thursday,False,Day,22.1,59.8,Normal,0,4.26,969.3,416.62,0.539,224.56
2025-10-30 12:15:00,Thursday,False,Day,23.52,61.4,Normal,0,4.37,973.5,443.75,0.508,225.42
2025-10-30 12:30:00,Thursday,False,Day,19.93,67.0,Normal,0,4.53,976.8,468.01,0.528,247.11
2025-10-30 12:45:00,Thursday,False,Day,,67.3,Normal,0,4.55,999.4,469.86,0.493,231.64
2025-10-30 13:00:00,Thursday,False,Day,20.49,71.5,Normal,0,4.77,986.9,494.16,0.5,247.08
2025-10-30 13:15:00,Thursday,False,Day,19.81,74.5,Normal,0,4.95,1013.4,516.28,0.502,259.17
2025-10-30 13:30:00,Thursday,False,Day,20.71,76.1,Normal,0,4.95,991.2,514.26,0.515,264.84
2025-10-30 13:45:00,Thursday,False,Day,19.96,93.4,Normal,0,5.7,1050.7,637.48,0.505,321.93
2025-10-30 14:00:00,Thursday,False,Evening,19.41,91.5,Normal,0,5.43,1037.1,639.3,0.516,329.88
2025-10-30 14:15:00,Thursday,False,Evening,19.65,83.1,Normal,0,5.57,1020.6,580.77,0.499,289.8
2025-10-30 14:30:00,Thursday,False,Evening,18.76,84.5,Normal,0,5.41,1043.1,599.19,0.501,300.19
2025-10-30 14:45:00,Thursday,False,Evening,21.04,78.7,Normal,0,,1013.2,537.64,0.497,267.21
2025-10-30 15:00:00,Thursday,False,Evening,18.38,81.1,Normal,0,5.08,1011.0,549.7,0.52,285.84
2025-10-30 15:15:00,Thursday,False,Evening,18.19,72.2,Normal,0,4.63,1001.4,506.42,0.489,247.64
2025-10-30 15:30:00,Thursday,False,Evening,16.46,66.0,Normal,0,4.63,977.7,458.83,0.495,227.12
2025-10-30 15:45:00,Thursday,False,Evening,17.2,69.3,Normal,0,4.63,990.6,489.78,0.491,240.48
2025-10-30 16:00:00,Thursday,False,Evening,18.38,76.1,Normal,0,5.05,1000.0,529.3,0.507,268.36
2025-10-30 16:15:00,Thursday,False,Evening,16.24,79.1,Normal,0,4.88,1006.2,563.22,0.49,275.98
2025-10-30 16:30:00,Thursday,False,Evening,15.45,83.8,Normal,0,5.53,1018.0,593.71,0.521,309.32
2025-10-30 16:45:00,Thursday,False,Evening,17.08,85.1,Normal,0,5.49,1035.2,599.12,0.504,301.96
2025-10-30 17:00:00,Thursday,False,Evening,18.06,85.1,Normal,0,5.34,1027.8,599.73,0.509,305.26
2025-10-30 17:15:00,Thursday,False,Evening,16.92,81.0,Normal,0,5.24,1010.0,560.13,0.511,286.23
2025-10-30 17:30:00,Thursday,False,Evening,16.56,85.3,Normal,0,5.47,1030.2,579.1,0.508,294.18
2025-10-30 17:45:00,Thursday,False,Evening,15.31,90.3,Normal,0,5.38,1041.0,630.7,0.511,322.29
2025-10-30 18:00:00,Thursday,False,Evening,17.15,88.2,Normal,0,5.74,1041.2,639.3,0.513,327.96
2025-10-30 18:15:00,Thursday,False,Evening,17.33,86.0,Normal,0,5.46,1027.4,576.68,0.519,299.3
2025-10-30 18:30:00,Thursday,False,Evening,15.41,94.4,Normal,0,5.65,1050.1,664.69,0.508,337.66
2025-10-30 18:45:00,Thursday,False,Evening,17.79,92.0,Normal,0,5.49,1050.0,625.68,0.509,318.47
2025-10-30 19:00:00,Thursday,False,Evening,17.57,90.6,Normal,0,5.74,1034.9,634.82,0.53,336.45
2025-10-30 19:15:00,Thursday,False,Evening,17.96,91.7,Normal,0,5.67,1053.1,643.32,0.524,337.1
2025-10-30 19:30:00,Thursday,False,Evening,17.64,89.3,Normal,0,5.61,1039.9,632.06,0.507,320.45
2025-10-30 19:45:00,Thursday,False,Evening,17.83,82.7,Normal,0,5.25,1014.6,576.05,0.525,302.43
2025-10-30 20:00:00,Thursday,False,Evening,17.88,84.2,Normal,0,5.16,1018.3,595.77,0.548,326.48
2025-10-30 20:15:00,Thursday,False,Evening,18.33,83.0,Normal,0,5.34,1023.8,589.85,0.534,314.98
2025-10-30 20:30:00,Thursday,False,Evening,16.37,93.2,Normal,0,5.68,1044.1,650.02,0.534,347.11
2025-10-30 20:45:00,Thursday,False,Evening,16.83,95.9,Normal,0,5.82,1061.7,685.11,0.528,361.74
2025-10-30 21:00:00,Thursday,False,Evening,17.67,89.9,Normal,0,5.92,1039.0,630.9,0.54,340.69
2025-10-30 21:15:00,Thursday,False,Evening,18.39,92.6,Normal,0,5.81,1051.0,646.02,0.537,346.91
2025-10-30 21:30:00,Thursday,False,Evening,19.06,92.5,Normal,0,5.81,1042.1,637.44,0.557,355.05
2025-10-30 21:45:00,Thursday,False,Evening,19.27,98.3,Normal,0,6.33,1063.4,713.1,0.556,396.48
2025-10-30 22:00:00,Thursday,False,Night,20.18,84.5,Normal,0,5.38,1040.3,586.65,0.555,325.59
2025-10-30 22:15:00,Thursday,False,Night,20.5,83.7,Normal,0,5.31,1026.9,558.06,0.554,309.17
2025-10-30 22:30:00,Thursday,False,Night,19.18,81.2,Normal,0,5.08,1016.3,567.14,0.58,328.94
2025-10-30 22:45:00,Thursday,False,Night,20.37,80.0,Normal,0,5.06,1011.8,549.28,0.561,308.15
2025-10-30 23:00:00,Thursday,False,Night,19.82,73.2,Normal,0,4.52,1001.1,499.46,0.564,281.7
2025-10-30 23:15:00,Thursday,False,Night,20.66,76.0,Normal,0,5.07,1020.2,528.01,0.572,302.02
2025-10-30 23:30:00,Thursday,False,Night,21.4,77.6,Normal,0,4.83,1002.6,530.82,0.576,305.75
2025-10-30 23:45:00,Thursday,False,Night,18.74,84.1,Normal,0,5.44,1027.2,614.44,0.584,358.83
